timestamp,cpu,memory,request_rate,network,latency,resource_count,cpu_lag_1,cpu_lag_2,cpu_lag_3,request_lag_1,request_lag_2,request_lag_3,cpu_rolling_mean_3,request_rolling_mean_3,cpu_change,request_change,target_cpu_5min
2026-01-01 00:03:00,31.1,44.67,45.81,5.72,19.13,2,31.72,30.76,30.4,42.36,42.88,40.0,31.19333333333333,43.68333333333334,-0.6199999999999974,3.450000000000003,31.01
2026-01-01 00:04:00,29.0,46.07,53.36,2.92,18.11,2,31.1,31.72,30.76,45.81,42.36,42.88,30.606666666666666,47.17666666666667,-2.1000000000000014,7.549999999999997,32.98
2026-01-01 00:05:00,30.06,40.03,51.52,3.24,20.57,2,29.0,31.1,31.72,53.36,45.81,42.36,30.05333333333333,50.23,1.0599999999999987,-1.8399999999999963,32.56
2026-01-01 00:06:00,29.05,44.17,49.83,5.79,19.75,2,30.06,29.0,31.1,51.52,53.36,45.81,29.37,51.56999999999999,-1.009999999999998,-1.6900000000000048,32.48
2026-01-01 00:07:00,29.1,44.13,57.34,3.98,21.18,2,29.05,30.06,29.0,49.83,51.52,53.36,29.403333333333336,52.89666666666667,0.05000000000000071,7.510000000000005,34.29
2026-01-01 00:08:00,31.01,48.63,60.19,6.47,20.46,2,29.1,29.05,30.06,57.34,49.83,51.52,29.72,55.78666666666667,1.9100000000000001,2.8499999999999943,33.33
2026-01-01 00:09:00,32.98,45.77,56.63,7.36,21.24,2,31.01,29.1,29.05,60.19,57.34,49.83,31.03,58.053333333333335,1.9699999999999953,-3.559999999999995,35.53
2026-01-01 00:10:00,32.56,47.16,58.41,4.36,18.42,2,32.98,31.01,29.1,56.63,60.19,57.34,32.18333333333333,58.41,-0.4199999999999946,1.779999999999994,33.32
2026-01-01 00:11:00,32.48,46.65,55.02,5.7,23.68,2,32.56,32.98,31.01,58.41,56.63,60.19,32.673333333333325,56.68666666666667,-0.0800000000000054,-3.3899999999999935,28.26
2026-01-01 00:12:00,34.29,42.74,51.89,2.68,20.93,2,32.48,32.56,32.98,55.02,58.41,56.63,33.11,55.10666666666666,1.8100000000000023,-3.1300000000000026,28.46
2026-01-01 00:13:00,33.33,48.2,52.55,5.6,22.05,2,34.29,32.48,32.56,51.89,55.02,58.41,33.36666666666667,53.153333333333336,-0.9600000000000009,0.6599999999999966,28.24
2026-01-01 00:14:00,35.53,47.87,42.38,3.9,20.14,2,33.33,34.29,32.48,52.55,51.89,55.02,34.38333333333333,48.94,2.200000000000003,-10.169999999999995,29.22
2026-01-01 00:15:00,33.32,47.68,33.96,3.6,21.46,2,35.53,33.33,34.29,42.38,52.55,51.89,34.06,42.96333333333333,-2.210000000000001,-8.420000000000002,28.53
2026-01-01 00:16:00,28.26,52.74,32.03,1.75,18.13,2,33.32,35.53,33.33,33.96,42.38,52.55,32.37,36.123333333333335,-5.059999999999999,-1.9299999999999997,27.51
2026-01-01 00:17:00,28.46,40.79,28.01,1.0,20.8,2,28.26,33.32,35.53,32.03,33.96,42.38,30.013333333333335,31.33333333333334,0.1999999999999993,-4.02,25.22
2026-01-01 00:18:00,28.24,48.33,30.94,3.38,19.55,2,28.46,28.26,33.32,28.01,32.03,33.96,28.320000000000004,30.326666666666668,-0.22000000000000242,2.9299999999999997,25.35
2026-01-01 00:19:00,29.22,44.65,27.52,1.0,20.3,2,28.24,28.46,28.26,30.94,28.01,32.03,28.639999999999997,28.823333333333334,0.9800000000000004,-3.4200000000000017,24.05
2026-01-01 00:20:00,28.53,45.56,21.86,1.38,21.18,2,29.22,28.24,28.46,27.52,30.94,28.01,28.663333333333338,26.77333333333333,-0.6899999999999977,-5.66,23.52
2026-01-01 00:21:00,27.51,44.54,31.04,4.05,18.1,2,28.53,29.22,28.24,21.86,27.52,30.94,28.42,26.80666666666667,-1.0199999999999996,9.18,25.08
2026-01-01 00:22:00,25.22,42.98,31.03,2.93,18.51,2,27.51,28.53,29.22,31.04,21.86,27.52,27.08666666666667,27.97666666666667,-2.2900000000000027,-0.00999999999999801,27.41
2026-01-01 00:23:00,25.35,42.73,32.48,5.68,20.25,2,25.22,27.51,28.53,31.03,31.04,21.86,26.026666666666667,31.516666666666666,0.13000000000000256,1.4499999999999957,27.27
2026-01-01 00:24:00,24.05,44.08,26.36,3.78,22.48,2,25.35,25.22,27.51,32.48,31.03,31.04,24.873333333333335,29.956666666666663,-1.3000000000000007,-6.119999999999997,24.69
2026-01-01 00:25:00,23.52,40.2,25.13,1.16,19.03,2,24.05,25.35,25.22,26.36,32.48,31.03,24.30666666666667,27.989999999999995,-0.5300000000000011,-1.2300000000000004,25.48
2026-01-01 00:26:00,25.08,45.28,27.27,2.36,20.4,2,23.52,24.05,25.35,25.13,26.36,32.48,24.21666666666667,26.25333333333333,1.5599999999999987,2.1400000000000006,27.02
2026-01-01 00:27:00,27.41,43.76,22.94,1.88,19.77,2,25.08,23.52,24.05,27.27,25.13,26.36,25.336666666666662,25.113333333333333,2.330000000000002,-4.329999999999998,26.08
2026-01-01 00:28:00,27.27,42.28,26.58,1.0,22.82,2,27.41,25.08,23.52,22.94,27.27,25.13,26.58666666666667,25.596666666666668,-0.14000000000000057,3.639999999999997,26.23
2026-01-01 00:29:00,24.69,42.74,25.05,1.0,16.82,2,27.27,27.41,25.08,26.58,22.94,27.27,26.456666666666667,24.856666666666666,-2.5799999999999983,-1.5299999999999976,26.24
2026-01-01 00:30:00,25.48,46.43,25.19,1.3,19.73,2,24.69,27.27,27.41,25.05,26.58,22.94,25.813333333333333,25.60666666666667,0.7899999999999991,0.14000000000000057,25.41
2026-01-01 00:31:00,27.02,43.39,23.76,1.0,17.42,2,25.48,24.69,27.27,25.19,25.05,26.58,25.73,24.666666666666668,1.5399999999999991,-1.4299999999999997,26.65
2026-01-01 00:32:00,26.08,44.84,34.72,3.02,15.93,2,27.02,25.48,24.69,23.76,25.19,25.05,26.19333333333333,27.89,-0.9400000000000013,10.959999999999997,26.45
2026-01-01 00:33:00,26.23,42.72,35.48,2.64,20.17,2,26.08,27.02,25.48,34.72,23.76,25.19,26.44333333333333,31.320000000000004,0.15000000000000213,0.759999999999998,26.51
2026-01-01 00:34:00,26.24,45.7,30.95,1.0,19.93,2,26.23,26.08,27.02,35.48,34.72,23.76,26.183333333333334,33.71666666666666,0.00999999999999801,-4.529999999999998,24.3
2026-01-01 00:35:00,25.41,45.27,36.19,3.68,19.15,2,26.24,26.23,26.08,30.95,35.48,34.72,25.959999999999997,34.20666666666666,-0.8299999999999983,5.239999999999998,23.69
2026-01-01 00:36:00,26.65,48.02,30.79,3.69,19.64,2,25.41,26.24,26.23,36.19,30.95,35.48,26.099999999999998,32.643333333333324,1.2399999999999984,-5.399999999999999,25.43
2026-01-01 00:37:00,26.45,43.91,32.97,3.14,24.41,2,26.65,25.41,26.24,30.79,36.19,30.95,26.169999999999998,33.31666666666666,-0.1999999999999993,2.1799999999999997,25.07
2026-01-01 00:38:00,26.51,45.62,24.13,1.57,19.38,2,26.45,26.65,25.41,32.97,30.79,36.19,26.536666666666665,29.296666666666667,0.060000000000002274,-8.84,28.02
2026-01-01 00:39:00,24.3,43.7,20.0,2.59,20.14,2,26.51,26.45,26.65,24.13,32.97,30.79,25.75333333333333,25.7,-2.210000000000001,-4.129999999999999,26.73
2026-01-01 00:40:00,23.69,45.88,22.21,2.91,18.29,2,24.3,26.51,26.45,20.0,24.13,32.97,24.833333333333332,22.113333333333333,-0.6099999999999994,2.210000000000001,26.4
2026-01-01 00:41:00,25.43,42.46,27.73,2.82,20.02,2,23.69,24.3,26.51,22.21,20.0,24.13,24.473333333333333,23.313333333333333,1.7399999999999984,5.52,27.1
2026-01-01 00:42:00,25.07,45.26,29.97,1.31,19.15,2,25.43,23.69,24.3,27.73,22.21,20.0,24.73,26.636666666666667,-0.35999999999999943,2.2399999999999984,24.0
2026-01-01 00:43:00,28.02,44.42,30.59,3.02,19.43,2,25.07,25.43,23.69,29.97,27.73,22.21,26.173333333333336,29.429999999999996,2.9499999999999993,0.620000000000001,21.98
2026-01-01 00:44:00,26.73,44.23,30.24,4.36,22.54,2,28.02,25.07,25.43,30.59,29.97,27.73,26.606666666666666,30.266666666666666,-1.2899999999999991,-0.3500000000000014,21.22
2026-01-01 00:45:00,26.4,44.42,24.03,1.15,21.52,2,26.73,28.02,25.07,30.24,30.59,29.97,27.05,28.286666666666665,-0.33000000000000185,-6.209999999999997,24.37
2026-01-01 00:46:00,27.1,44.99,22.11,5.03,20.08,2,26.4,26.73,28.02,24.03,30.24,30.59,26.743333333333336,25.459999999999997,0.7000000000000028,-1.9200000000000017,23.93
2026-01-01 00:47:00,24.0,43.17,21.63,1.05,15.86,2,27.1,26.4,26.73,22.11,24.03,30.24,25.833333333333332,22.59,-3.1000000000000014,-0.4800000000000004,28.27
2026-01-01 00:48:00,21.98,43.12,28.79,2.5,18.41,2,24.0,27.1,26.4,21.63,22.11,24.03,24.360000000000003,24.176666666666666,-2.0199999999999996,7.16,26.27
2026-01-01 00:49:00,21.22,45.58,31.8,1.69,22.87,2,21.98,24.0,27.1,28.79,21.63,22.11,22.399999999999995,27.406666666666666,-0.7600000000000016,3.0100000000000016,26.42
2026-01-01 00:50:00,24.37,45.5,24.04,2.38,19.04,2,21.22,21.98,24.0,31.8,28.79,21.63,22.52333333333333,28.209999999999997,3.150000000000002,-7.760000000000002,29.0
2026-01-01 00:51:00,23.93,45.11,27.34,1.0,20.96,2,24.37,21.22,21.98,24.04,31.8,28.79,23.173333333333332,27.726666666666663,-0.4400000000000013,3.3000000000000007,31.76
2026-01-01 00:52:00,28.27,43.98,26.83,1.46,22.25,2,23.93,24.37,21.22,27.34,24.04,31.8,25.52333333333333,26.069999999999997,4.34,-0.5100000000000016,33.35
2026-01-01 00:53:00,26.27,42.42,24.9,1.0,20.06,2,28.27,23.93,24.37,26.83,27.34,24.04,26.156666666666666,26.356666666666666,-2.0,-1.9299999999999997,33.05
2026-01-01 00:54:00,26.42,46.16,29.56,2.72,18.49,2,26.27,28.27,23.93,24.9,26.83,27.34,26.986666666666668,27.096666666666664,0.15000000000000213,4.66,32.73
2026-01-01 00:55:00,29.0,46.9,35.95,4.55,16.57,2,26.42,26.27,28.27,29.56,24.9,26.83,27.23,30.136666666666667,2.5799999999999983,6.390000000000004,32.26
2026-01-01 00:56:00,31.76,49.06,41.33,4.48,21.74,2,29.0,26.42,26.27,35.95,29.56,24.9,29.060000000000002,35.61333333333334,2.7600000000000016,5.3799999999999955,32.07
2026-01-01 00:57:00,33.35,45.47,37.43,1.0,19.78,2,31.76,29.0,26.42,41.33,35.95,29.56,31.370000000000005,38.23666666666667,1.5899999999999999,-3.8999999999999986,29.9
2026-01-01 00:58:00,33.05,46.11,36.49,6.16,21.21,2,33.35,31.76,29.0,37.43,41.33,35.95,32.72,38.416666666666664,-0.30000000000000426,-0.9399999999999977,27.73
2026-01-01 00:59:00,32.73,43.18,38.83,3.74,19.02,2,33.05,33.35,31.76,36.49,37.43,41.33,33.04333333333333,37.583333333333336,-0.3200000000000003,2.3399999999999963,27.17
2026-01-01 01:00:00,32.26,45.51,44.2,2.59,20.41,2,32.73,33.05,33.35,38.83,36.49,37.43,32.68,39.839999999999996,-0.46999999999999886,5.3700000000000045,26.92
2026-01-01 01:01:00,32.07,48.22,41.87,3.79,20.82,2,32.26,32.73,33.05,44.2,38.83,36.49,32.35333333333333,41.63333333333333,-0.18999999999999773,-2.3300000000000054,26.86
2026-01-01 01:02:00,29.9,44.53,41.19,3.77,20.78,2,32.07,32.26,32.73,41.87,44.2,38.83,31.409999999999997,42.419999999999995,-2.1700000000000017,-0.6799999999999997,28.52
2026-01-01 01:03:00,27.73,45.98,35.96,2.06,18.32,2,29.9,32.07,32.26,41.19,41.87,44.2,29.900000000000002,39.67333333333333,-2.169999999999998,-5.229999999999997,30.36
2026-01-01 01:04:00,27.17,44.13,30.71,2.91,21.69,2,27.73,29.9,32.07,35.96,41.19,41.87,28.266666666666666,35.95333333333334,-0.5599999999999987,-5.25,30.36
2026-01-01 01:05:00,26.92,45.07,35.91,2.14,18.95,2,27.17,27.73,29.9,30.71,35.96,41.19,27.273333333333337,34.193333333333335,-0.25,5.199999999999996,32.19
2026-01-01 01:06:00,26.86,42.1,43.42,3.08,17.32,2,26.92,27.17,27.73,35.91,30.71,35.96,26.983333333333334,36.68,-0.060000000000002274,7.510000000000005,29.57
2026-01-01 01:07:00,28.52,45.15,43.19,2.64,19.97,2,26.86,26.92,27.17,43.42,35.91,30.71,27.433333333333334,40.839999999999996,1.6600000000000001,-0.23000000000000398,29.81
2026-01-01 01:08:00,30.36,39.64,48.35,1.96,20.52,2,28.52,26.86,26.92,43.19,43.42,35.91,28.58,44.98666666666666,1.8399999999999999,5.160000000000004,29.11
2026-01-01 01:09:00,30.36,45.25,49.89,4.46,20.71,2,30.36,28.52,26.86,48.35,43.19,43.42,29.746666666666666,47.14333333333334,0.0,1.5399999999999991,27.43
2026-01-01 01:10:00,32.19,43.0,46.27,4.81,22.84,2,30.36,30.36,28.52,49.89,48.35,43.19,30.97,48.17000000000001,1.8299999999999983,-3.6199999999999974,28.0
2026-01-01 01:11:00,29.57,47.76,47.98,4.85,19.97,2,32.19,30.36,30.36,46.27,49.89,48.35,30.706666666666667,48.04666666666666,-2.6199999999999974,1.7099999999999937,28.59
2026-01-01 01:12:00,29.81,46.99,55.43,5.94,20.19,2,29.57,32.19,30.36,47.98,46.27,49.89,30.52333333333333,49.89333333333334,0.23999999999999844,7.450000000000003,31.42
2026-01-01 01:13:00,29.11,46.12,54.42,5.11,18.58,2,29.81,29.57,32.19,55.43,47.98,46.27,29.496666666666666,52.60999999999999,-0.6999999999999993,-1.009999999999998,31.8
2026-01-01 01:14:00,27.43,47.64,61.49,4.43,21.17,2,29.11,29.81,29.57,54.42,55.43,47.98,28.78333333333333,57.11333333333334,-1.6799999999999997,7.07,29.57
2026-01-01 01:15:00,28.0,42.9,47.07,5.26,20.32,2,27.43,29.11,29.81,61.49,54.42,55.43,28.179999999999996,54.32666666666666,0.5700000000000003,-14.420000000000002,31.72
2026-01-01 01:16:00,28.59,48.5,51.01,2.3,19.52,2,28.0,27.43,29.11,47.07,61.49,54.42,28.006666666666664,53.19,0.5899999999999999,3.9399999999999977,32.13
2026-01-01 01:17:00,31.42,47.86,50.97,2.98,17.8,2,28.59,28.0,27.43,51.01,47.07,61.49,29.33666666666667,49.68333333333334,2.830000000000002,-0.03999999999999915,31.6
2026-01-01 01:18:00,31.8,45.66,48.99,2.72,22.89,2,31.42,28.59,28.0,50.97,51.01,47.07,30.603333333333335,50.32333333333333,0.379999999999999,-1.9799999999999969,30.58
2026-01-01 01:19:00,29.57,47.62,49.13,5.8,18.48,2,31.8,31.42,28.59,48.99,50.97,51.01,30.930000000000003,49.696666666666665,-2.2300000000000004,0.14000000000000057,28.62
2026-01-01 01:20:00,31.72,43.89,38.86,4.72,19.82,2,29.57,31.8,31.42,49.13,48.99,50.97,31.03,45.660000000000004,2.1499999999999986,-10.270000000000003,27.94
2026-01-01 01:21:00,32.13,44.6,38.26,3.98,21.32,2,31.72,29.57,31.8,38.86,49.13,48.99,31.14,42.083333333333336,0.4100000000000037,-0.6000000000000014,29.54
2026-01-01 01:22:00,31.6,44.84,40.58,5.06,18.89,2,32.13,31.72,29.57,38.26,38.86,49.13,31.816666666666663,39.23333333333333,-0.5300000000000011,2.3200000000000003,32.12
2026-01-01 01:23:00,30.58,44.65,48.33,2.79,18.26,2,31.6,32.13,31.72,40.58,38.26,38.86,31.436666666666667,42.38999999999999,-1.0200000000000031,7.75,33.41
2026-01-01 01:24:00,28.62,42.9,45.47,4.39,16.97,2,30.58,31.6,32.13,48.33,40.58,38.26,30.266666666666666,44.79333333333333,-1.9599999999999973,-2.8599999999999994,31.01
2026-01-01 01:25:00,27.94,47.23,41.39,3.33,21.11,2,28.62,30.58,31.6,45.47,48.33,40.58,29.046666666666667,45.06333333333333,-0.6799999999999997,-4.079999999999998,28.69
2026-01-01 01:26:00,29.54,44.82,39.17,4.6,19.5,2,27.94,28.62,30.58,41.39,45.47,48.33,28.7,42.01,1.5999999999999979,-2.219999999999999,29.1
2026-01-01 01:27:00,32.12,46.95,44.21,3.59,25.17,2,29.54,27.94,28.62,39.17,41.39,45.47,29.866666666666664,41.59,2.5799999999999983,5.039999999999999,26.84
2026-01-01 01:28:00,33.41,45.55,45.92,3.33,19.52,2,32.12,29.54,27.94,44.21,39.17,41.39,31.689999999999998,43.1,1.2899999999999991,1.7100000000000009,28.22
2026-01-01 01:29:00,31.01,42.21,43.2,4.48,19.2,2,33.41,32.12,29.54,45.92,44.21,39.17,32.18,44.443333333333335,-2.399999999999995,-2.719999999999999,28.29
2026-01-01 01:30:00,28.69,45.58,45.91,5.22,19.32,2,31.01,33.41,32.12,43.2,45.92,44.21,31.036666666666665,45.01,-2.3200000000000003,2.7099999999999937,27.72
2026-01-01 01:31:00,29.1,41.36,46.32,2.93,20.6,2,28.69,31.01,33.41,45.91,43.2,45.92,29.600000000000005,45.14333333333334,0.41000000000000014,0.4100000000000037,25.15
2026-01-01 01:32:00,26.84,44.26,51.06,4.25,19.13,2,29.1,28.69,31.01,46.32,45.91,43.2,28.209999999999997,47.76333333333333,-2.2600000000000016,4.740000000000002,26.8
2026-01-01 01:33:00,28.22,42.14,47.06,2.41,21.0,2,26.84,29.1,28.69,51.06,46.32,45.91,28.05333333333333,48.14666666666667,1.379999999999999,-4.0,26.43
2026-01-01 01:34:00,28.29,48.88,45.26,1.0,18.62,2,28.22,26.84,29.1,47.06,51.06,46.32,27.78333333333333,47.79333333333333,0.07000000000000028,-1.8000000000000043,25.26
2026-01-01 01:35:00,27.72,46.52,43.28,3.98,17.92,2,28.29,28.22,26.84,45.26,47.06,51.06,28.076666666666664,45.20000000000001,-0.5700000000000003,-1.9799999999999969,21.89
2026-01-01 01:36:00,25.15,44.01,36.1,3.98,16.83,2,27.72,28.29,28.22,43.28,45.26,47.06,27.05333333333333,41.546666666666674,-2.5700000000000003,-7.18,23.51
2026-01-01 01:37:00,26.8,46.91,38.29,3.65,16.49,2,25.15,27.72,28.29,36.1,43.28,45.26,26.55666666666667,39.223333333333336,1.6500000000000021,2.1899999999999977,27.17
2026-01-01 01:38:00,26.43,42.56,40.13,1.0,18.98,2,26.8,25.15,27.72,38.29,36.1,43.28,26.126666666666665,38.17333333333334,-0.370000000000001,1.8400000000000034,29.34
2026-01-01 01:39:00,25.26,44.93,40.55,2.92,19.1,2,26.43,26.8,25.15,40.13,38.29,36.1,26.16333333333333,39.656666666666666,-1.1699999999999982,0.4199999999999946,27.37
2026-01-01 01:40:00,21.89,43.06,39.73,1.0,17.99,2,25.26,26.43,26.8,40.55,40.13,38.29,24.526666666666667,40.13666666666666,-3.370000000000001,-0.8200000000000003,25.91
2026-01-01 01:41:00,23.51,43.75,33.08,4.87,21.1,2,21.89,25.26,26.43,39.73,40.55,40.13,23.55333333333333,37.78666666666667,1.620000000000001,-6.649999999999999,26.8
2026-01-01 01:42:00,27.17,47.05,31.93,1.08,21.73,2,23.51,21.89,25.26,33.08,39.73,40.55,24.189999999999998,34.913333333333334,3.66,-1.1499999999999986,25.9
2026-01-01 01:43:00,29.34,46.73,31.26,4.54,19.78,2,27.17,23.51,21.89,31.93,33.08,39.73,26.673333333333332,32.089999999999996,2.169999999999998,-0.6699999999999982,27.35
2026-01-01 01:44:00,27.37,45.16,28.35,3.83,17.24,2,29.34,27.17,23.51,31.26,31.93,33.08,27.959999999999997,30.513333333333335,-1.9699999999999989,-2.91,29.08
2026-01-01 01:45:00,25.91,40.76,28.87,1.1,18.81,2,27.37,29.34,27.17,28.35,31.26,31.93,27.540000000000003,29.493333333333336,-1.4600000000000009,0.5199999999999996,30.87
2026-01-01 01:46:00,26.8,42.46,32.18,1.04,18.92,2,25.91,27.37,29.34,28.87,28.35,31.26,26.69333333333333,29.8,0.8900000000000006,3.3099999999999987,29.38
2026-01-01 01:47:00,25.9,43.82,42.64,4.15,18.68,2,26.8,25.91,27.37,32.18,28.87,28.35,26.203333333333333,34.56333333333333,-0.9000000000000021,10.46,28.3
2026-01-01 01:48:00,27.35,44.76,43.7,2.45,18.88,2,25.9,26.8,25.91,42.64,32.18,28.87,26.683333333333337,39.50666666666667,1.4500000000000028,1.0600000000000023,26.65
2026-01-01 01:49:00,29.08,42.92,45.09,3.99,19.25,2,27.35,25.9,26.8,43.7,42.64,32.18,27.44333333333333,43.81,1.7299999999999969,1.3900000000000006,26.57
2026-01-01 01:50:00,30.87,50.63,44.71,3.08,19.98,2,29.08,27.35,25.9,45.09,43.7,42.64,29.099999999999998,44.5,1.7900000000000027,-0.38000000000000256,27.32
2026-01-01 01:51:00,29.38,48.32,35.14,1.0,19.33,2,30.87,29.08,27.35,44.71,45.09,43.7,29.776666666666667,41.64666666666667,-1.490000000000002,-9.57,28.79
2026-01-01 01:52:00,28.3,46.11,35.8,1.0,20.41,2,29.38,30.87,29.08,35.14,44.71,45.09,29.516666666666666,38.55,-1.0799999999999983,0.6599999999999966,30.52
2026-01-01 01:53:00,26.65,44.47,36.84,3.47,20.34,2,28.3,29.38,30.87,35.8,35.14,44.71,28.11,35.92666666666667,-1.6500000000000021,1.0400000000000063,28.64
2026-01-01 01:54:00,26.57,43.88,49.8,3.39,18.42,2,26.65,28.3,29.38,36.84,35.8,35.14,27.173333333333332,40.81333333333333,-0.0799999999999983,12.959999999999994,31.28
2026-01-01 01:55:00,27.32,42.66,48.46,3.29,21.82,2,26.57,26.65,28.3,49.8,36.84,35.8,26.846666666666668,45.03333333333333,0.75,-1.3399999999999963,30.58
2026-01-01 01:56:00,28.79,45.23,49.69,5.27,18.71,2,27.32,26.57,26.65,48.46,49.8,36.84,27.56,49.31666666666666,1.4699999999999989,1.2299999999999969,30.74
2026-01-01 01:57:00,30.52,46.2,49.14,5.94,18.07,2,28.79,27.32,26.57,49.69,48.46,49.8,28.876666666666665,49.096666666666664,1.7300000000000004,-0.5499999999999972,29.38
2026-01-01 01:58:00,28.64,42.54,42.97,3.24,20.73,2,30.52,28.79,27.32,49.14,49.69,48.46,29.316666666666663,47.26666666666666,-1.879999999999999,-6.170000000000002,26.44
2026-01-01 01:59:00,31.28,46.61,48.84,3.64,19.4,2,28.64,30.52,28.79,42.97,49.14,49.69,30.146666666666665,46.98333333333333,2.6400000000000006,5.8700000000000045,28.94
2026-01-01 02:00:00,30.58,45.39,52.3,5.2,20.99,2,31.28,28.64,30.52,48.84,42.97,49.14,30.166666666666668,48.03666666666667,-0.7000000000000028,3.4599999999999937,30.52
2026-01-01 02:01:00,30.74,41.94,55.67,2.7,16.93,2,30.58,31.28,28.64,52.3,48.84,42.97,30.866666666666664,52.27,0.16000000000000014,3.3700000000000045,30.75
2026-01-01 02:02:00,29.38,43.56,50.27,4.61,22.38,2,30.74,30.58,31.28,55.67,52.3,48.84,30.23333333333333,52.74666666666667,-1.3599999999999994,-5.399999999999999,30.99
2026-01-01 02:03:00,26.44,43.43,56.86,5.66,20.77,2,29.38,30.74,30.58,50.27,55.67,52.3,28.853333333333335,54.26666666666667,-2.9399999999999977,6.589999999999996,31.55
2026-01-01 02:04:00,28.94,48.9,48.9,5.18,17.96,2,26.44,29.38,30.74,56.86,50.27,55.67,28.253333333333334,52.01,2.5,-7.960000000000001,28.8
2026-01-01 02:05:00,30.52,46.8,51.52,1.47,18.28,2,28.94,26.44,29.38,48.9,56.86,50.27,28.633333333333336,52.42666666666667,1.5799999999999983,2.6200000000000045,28.34
2026-01-01 02:06:00,30.75,43.09,61.95,4.12,23.04,2,30.52,28.94,26.44,51.52,48.9,56.86,30.070000000000004,54.123333333333335,0.23000000000000043,10.43,29.47
2026-01-01 02:07:00,30.99,46.82,55.64,3.41,19.47,2,30.75,30.52,28.94,61.95,51.52,48.9,30.75333333333333,56.370000000000005,0.23999999999999844,-6.310000000000002,27.18
2026-01-01 02:08:00,31.55,42.95,51.96,4.57,19.43,2,30.99,30.75,30.52,55.64,61.95,51.52,31.096666666666668,56.51666666666667,0.5600000000000023,-3.6799999999999997,27.65
2026-01-01 02:09:00,28.8,47.24,51.9,5.13,16.78,2,31.55,30.99,30.75,51.96,55.64,61.95,30.44666666666667,53.166666666666664,-2.75,-0.060000000000002274,25.7
2026-01-01 02:10:00,28.34,43.98,48.83,6.4,19.58,2,28.8,31.55,30.99,51.9,51.96,55.64,29.563333333333333,50.89666666666667,-0.46000000000000085,-3.0700000000000003,26.88
2026-01-01 02:11:00,29.47,45.13,40.77,2.72,19.96,2,28.34,28.8,31.55,48.83,51.9,51.96,28.87,47.166666666666664,1.129999999999999,-8.059999999999995,27.49
2026-01-01 02:12:00,27.18,47.16,41.45,2.78,20.96,2,29.47,28.34,28.8,40.77,48.83,51.9,28.33,43.68333333333334,-2.289999999999999,0.6799999999999997,25.25
2026-01-01 02:13:00,27.65,42.1,36.43,4.82,17.88,2,27.18,29.47,28.34,41.45,40.77,48.83,28.099999999999998,39.550000000000004,0.46999999999999886,-5.020000000000003,27.87
2026-01-01 02:14:00,25.7,41.2,39.48,3.8,17.35,2,27.65,27.18,29.47,36.43,41.45,40.77,26.843333333333334,39.12,-1.9499999999999993,3.049999999999997,27.05
2026-01-01 02:15:00,26.88,43.24,35.32,4.9,20.51,2,25.7,27.65,27.18,39.48,36.43,41.45,26.743333333333336,37.07666666666667,1.1799999999999997,-4.159999999999997,25.98
2026-01-01 02:16:00,27.49,46.7,43.85,4.16,21.46,2,26.88,25.7,27.65,35.32,39.48,36.43,26.689999999999998,39.550000000000004,0.6099999999999994,8.530000000000001,26.93
2026-01-01 02:17:00,25.25,40.8,40.02,1.67,17.19,2,27.49,26.88,25.7,43.85,35.32,39.48,26.540000000000003,39.730000000000004,-2.2399999999999984,-3.8299999999999983,29.45
2026-01-01 02:18:00,27.87,39.09,38.81,1.3,21.64,2,25.25,27.49,26.88,40.02,43.85,35.32,26.87,40.89333333333334,2.620000000000001,-1.2100000000000009,27.28
2026-01-01 02:19:00,27.05,43.57,43.37,1.36,19.93,2,27.87,25.25,27.49,38.81,40.02,43.85,26.723333333333333,40.73333333333334,-0.8200000000000003,4.559999999999995,27.59
2026-01-01 02:20:00,25.98,45.2,37.35,4.17,21.31,2,27.05,27.87,25.25,43.37,38.81,40.02,26.96666666666667,39.843333333333334,-1.0700000000000003,-6.019999999999996,28.46
2026-01-01 02:21:00,26.93,46.82,39.1,5.11,19.74,2,25.98,27.05,27.87,37.35,43.37,38.81,26.653333333333332,39.94,0.9499999999999993,1.75,29.72
2026-01-01 02:22:00,29.45,44.38,46.11,6.69,16.52,2,26.93,25.98,27.05,39.1,37.35,43.37,27.453333333333333,40.85333333333333,2.5199999999999996,7.009999999999998,29.33
2026-01-01 02:23:00,27.28,43.72,37.98,4.49,19.68,2,29.45,26.93,25.98,46.11,39.1,37.35,27.886666666666667,41.06333333333333,-2.169999999999998,-8.130000000000003,27.83
2026-01-01 02:24:00,27.59,46.96,39.47,5.1,21.56,2,27.28,29.45,26.93,37.98,46.11,39.1,28.10666666666667,41.18666666666667,0.3099999999999987,1.490000000000002,26.41
2026-01-01 02:25:00,28.46,41.22,41.21,2.63,18.78,2,27.59,27.28,29.45,39.47,37.98,46.11,27.776666666666667,39.553333333333335,0.870000000000001,1.740000000000002,27.01
2026-01-01 02:26:00,29.72,44.62,45.42,2.13,19.77,2,28.46,27.59,27.28,41.21,39.47,37.98,28.59,42.03333333333333,1.259999999999998,4.210000000000001,25.79
2026-01-01 02:27:00,29.33,45.64,39.2,4.61,20.01,2,29.72,28.46,27.59,45.42,41.21,39.47,29.169999999999998,41.943333333333335,-0.39000000000000057,-6.219999999999999,22.36
2026-01-01 02:28:00,27.83,45.64,33.06,3.44,15.66,2,29.33,29.72,28.46,39.2,45.42,41.21,28.959999999999997,39.22666666666667,-1.5,-6.140000000000001,24.95
2026-01-01 02:29:00,26.41,43.22,36.63,3.27,22.26,2,27.83,29.33,29.72,33.06,39.2,45.42,27.856666666666666,36.296666666666674,-1.4199999999999982,3.5700000000000003,27.44
2026-01-01 02:30:00,27.01,44.52,38.78,3.88,18.51,2,26.41,27.83,29.33,36.63,33.06,39.2,27.083333333333332,36.156666666666666,0.6000000000000014,2.1499999999999986,24.29
2026-01-01 02:31:00,25.79,39.05,40.53,3.93,20.4,2,27.01,26.41,27.83,38.78,36.63,33.06,26.403333333333336,38.64666666666667,-1.2200000000000024,1.75,24.03
2026-01-01 02:32:00,22.36,41.51,42.62,5.55,18.9,2,25.79,27.01,26.41,40.53,38.78,36.63,25.05333333333333,40.64333333333334,-3.4299999999999997,2.0899999999999963,26.99
2026-01-01 02:33:00,24.95,44.64,39.41,5.29,21.38,2,22.36,25.79,27.01,42.62,40.53,38.78,24.366666666666664,40.85333333333333,2.59,-3.210000000000001,31.22
2026-01-01 02:34:00,27.44,42.64,41.02,4.3,20.55,2,24.95,22.36,25.79,39.41,42.62,40.53,24.916666666666668,41.016666666666666,2.490000000000002,1.6100000000000065,30.46
2026-01-01 02:35:00,24.29,43.62,42.8,4.91,19.02,2,27.44,24.95,22.36,41.02,39.41,42.62,25.560000000000002,41.07666666666667,-3.150000000000002,1.779999999999994,29.07
2026-01-01 02:36:00,24.03,44.31,39.41,4.12,17.99,2,24.29,27.44,24.95,42.8,41.02,39.41,25.253333333333334,41.07666666666666,-0.259999999999998,-3.3900000000000006,28.63
2026-01-01 02:37:00,26.99,43.76,49.18,3.49,21.06,2,24.03,24.29,27.44,39.41,42.8,41.02,25.103333333333335,43.79666666666666,2.9599999999999973,9.770000000000003,30.96
2026-01-01 02:38:00,31.22,46.27,51.22,5.49,17.81,2,26.99,24.03,24.29,49.18,39.41,42.8,27.41333333333333,46.60333333333333,4.23,2.039999999999999,29.84
2026-01-01 02:39:00,30.46,43.73,44.76,1.71,21.45,2,31.22,26.99,24.03,51.22,49.18,39.41,29.55666666666666,48.38666666666666,-0.759999999999998,-6.460000000000001,28.56
2026-01-01 02:40:00,29.07,44.76,48.07,5.67,18.58,2,30.46,31.22,26.99,44.76,51.22,49.18,30.25,48.01666666666666,-1.3900000000000006,3.3100000000000023,28.52
2026-01-01 02:41:00,28.63,46.24,42.95,1.86,22.03,2,29.07,30.46,31.22,48.07,44.76,51.22,29.386666666666667,45.26,-0.4400000000000013,-5.119999999999997,27.89
2026-01-01 02:42:00,30.96,46.15,47.05,4.43,20.82,2,28.63,29.07,30.46,42.95,48.07,44.76,29.55333333333333,46.02333333333333,2.330000000000002,4.099999999999994,29.33
2026-01-01 02:43:00,29.84,44.27,52.68,3.21,21.34,2,30.96,28.63,29.07,47.05,42.95,48.07,29.810000000000002,47.56,-1.120000000000001,5.630000000000003,33.11
2026-01-01 02:44:00,28.56,45.44,47.96,4.91,20.26,2,29.84,30.96,28.63,52.68,47.05,42.95,29.786666666666665,49.23,-1.2800000000000011,-4.719999999999999,33.42
2026-01-01 02:45:00,28.52,46.41,52.54,4.41,17.5,2,28.56,29.84,30.96,47.96,52.68,47.05,28.97333333333333,51.06,-0.03999999999999915,4.579999999999998,32.39
2026-01-01 02:46:00,27.89,40.66,54.0,2.2,18.73,2,28.52,28.56,29.84,52.54,47.96,52.68,28.323333333333334,51.5,-0.629999999999999,1.4600000000000009,31.27
2026-01-01 02:47:00,29.33,47.58,57.39,5.51,21.29,2,27.89,28.52,28.56,54.0,52.54,47.96,28.58,54.64333333333334,1.4399999999999977,3.3900000000000006,28.32
2026-01-01 02:48:00,33.11,45.92,65.88,4.73,21.21,2,29.33,27.89,28.52,57.39,54.0,52.54,30.11,59.089999999999996,3.780000000000001,8.489999999999995,30.03
2026-01-01 02:49:00,33.42,47.55,62.99,6.68,22.79,2,33.11,29.33,27.89,65.88,57.39,54.0,31.953333333333333,62.086666666666666,0.3100000000000023,-2.8899999999999935,29.8
2026-01-01 02:50:00,32.39,48.73,57.78,4.91,21.43,2,33.42,33.11,29.33,62.99,65.88,57.39,32.973333333333336,62.21666666666667,-1.0300000000000011,-5.210000000000001,29.58
2026-01-01 02:51:00,31.27,43.2,52.31,5.04,19.18,2,32.39,33.42,33.11,57.78,62.99,65.88,32.36,57.693333333333335,-1.120000000000001,-5.469999999999999,34.76
2026-01-01 02:52:00,28.32,43.49,47.64,2.61,18.9,2,31.27,32.39,33.42,52.31,57.78,62.99,30.66,52.57666666666666,-2.9499999999999993,-4.670000000000002,33.74
2026-01-01 02:53:00,30.03,44.93,47.05,3.12,20.56,2,28.32,31.27,32.39,47.64,52.31,57.78,29.873333333333335,49.0,1.7100000000000009,-0.5900000000000034,31.97
2026-01-01 02:54:00,29.8,43.86,48.59,3.44,16.89,2,30.03,28.32,31.27,47.05,47.64,52.31,29.383333333333336,47.76,-0.23000000000000043,1.5400000000000063,31.13
2026-01-01 02:55:00,29.58,48.82,49.69,5.51,22.83,2,29.8,30.03,28.32,48.59,47.05,47.64,29.80333333333333,48.443333333333335,-0.22000000000000242,1.0999999999999943,33.83
2026-01-01 02:56:00,34.76,45.45,53.45,7.06,21.92,2,29.58,29.8,30.03,49.69,48.59,47.05,31.379999999999995,50.57666666666666,5.18,3.760000000000005,34.12
2026-01-01 02:57:00,33.74,45.7,52.84,3.28,22.91,2,34.76,29.58,29.8,53.45,49.69,48.59,32.693333333333335,51.99333333333333,-1.019999999999996,-0.6099999999999994,31.53
2026-01-01 02:58:00,31.97,46.6,59.48,6.67,18.38,2,33.74,34.76,29.58,52.84,53.45,49.69,33.49,55.25666666666666,-1.7700000000000031,6.6399999999999935,32.9
2026-01-01 02:59:00,31.13,43.49,57.0,1.59,22.47,2,31.97,33.74,34.76,59.48,52.84,53.45,32.28,56.44,-0.8399999999999999,-2.479999999999997,31.51
2026-01-01 03:00:00,33.83,46.05,69.64,4.13,24.44,2,31.13,31.97,33.74,57.0,59.48,52.84,32.309999999999995,62.04,2.6999999999999993,12.64,34.26
2026-01-01 03:01:00,34.12,47.58,70.79,4.58,19.16,2,33.83,31.13,31.97,69.64,57.0,59.48,33.026666666666664,65.81,0.28999999999999915,1.1500000000000057,35.04
2026-01-01 03:02:00,31.53,45.37,64.44,3.45,21.83,2,34.12,33.83,31.13,70.79,69.64,57.0,33.16,68.29,-2.5899999999999963,-6.3500000000000085,33.35
2026-01-01 03:03:00,32.9,46.33,57.53,2.52,20.92,2,31.53,34.12,33.83,64.44,70.79,69.64,32.85,64.25333333333334,1.3699999999999974,-6.909999999999997,34.72
2026-01-01 03:04:00,31.51,44.97,58.94,5.63,18.35,2,32.9,31.53,34.12,57.53,64.44,70.79,31.980000000000004,60.303333333333335,-1.389999999999997,1.4099999999999966,33.42
2026-01-01 03:05:00,34.26,43.96,56.71,4.5,21.91,2,31.51,32.9,31.53,58.94,57.53,64.44,32.88999999999999,57.72666666666667,2.7499999999999964,-2.229999999999997,33.18
2026-01-01 03:06:00,35.04,47.91,59.34,5.61,22.56,2,34.26,31.51,32.9,56.71,58.94,57.53,33.60333333333333,58.330000000000005,0.7800000000000011,2.6300000000000026,32.31
2026-01-01 03:07:00,33.35,50.18,60.56,6.18,20.1,2,35.04,34.26,31.51,59.34,56.71,58.94,34.21666666666666,58.870000000000005,-1.6899999999999977,1.2199999999999989,30.06
2026-01-01 03:08:00,34.72,47.19,58.95,5.41,23.0,2,33.35,35.04,34.26,60.56,59.34,56.71,34.37,59.61666666666667,1.3699999999999974,-1.6099999999999994,28.96
2026-01-01 03:09:00,33.42,47.15,53.6,5.54,18.52,2,34.72,33.35,35.04,58.95,60.56,59.34,33.83,57.70333333333334,-1.2999999999999972,-5.350000000000001,30.3
2026-01-01 03:10:00,33.18,48.0,45.34,3.75,18.73,2,33.42,34.72,33.35,53.6,58.95,60.56,33.77333333333333,52.629999999999995,-0.240000000000002,-8.259999999999998,29.2
2026-01-01 03:11:00,32.31,43.77,43.08,1.88,21.02,2,33.18,33.42,34.72,45.34,53.6,58.95,32.97,47.34,-0.8699999999999974,-2.260000000000005,28.53
2026-01-01 03:12:00,30.06,48.93,47.52,5.63,20.45,2,32.31,33.18,33.42,43.08,45.34,53.6,31.849999999999998,45.31333333333333,-2.2500000000000036,4.440000000000005,26.96
2026-01-01 03:13:00,28.96,45.54,48.39,3.23,19.14,2,30.06,32.31,33.18,47.52,43.08,45.34,30.44333333333333,46.330000000000005,-1.0999999999999979,0.8699999999999974,28.08
2026-01-01 03:14:00,30.3,48.87,41.89,2.16,21.67,2,28.96,30.06,32.31,48.39,47.52,43.08,29.77333333333333,45.93333333333334,1.3399999999999999,-6.5,31.31
2026-01-01 03:15:00,29.2,43.76,43.0,3.39,21.05,2,30.3,28.96,30.06,41.89,48.39,47.52,29.486666666666665,44.42666666666667,-1.1000000000000014,1.1099999999999994,28.33
2026-01-01 03:16:00,28.53,48.62,45.09,2.46,21.42,2,29.2,30.3,28.96,43.0,41.89,48.39,29.343333333333334,43.326666666666675,-0.6699999999999982,2.0900000000000034,28.2
2026-01-01 03:17:00,26.96,45.99,40.66,2.83,19.67,2,28.53,29.2,30.3,45.09,43.0,41.89,28.23,42.916666666666664,-1.5700000000000003,-4.430000000000007,30.42
2026-01-01 03:18:00,28.08,45.94,41.78,4.07,20.96,2,26.96,28.53,29.2,40.66,45.09,43.0,27.856666666666666,42.51,1.1199999999999974,1.1200000000000045,30.03
2026-01-01 03:19:00,31.31,46.43,42.33,4.12,19.97,2,28.08,26.96,28.53,41.78,40.66,45.09,28.78333333333333,41.589999999999996,3.2300000000000004,0.5499999999999972,30.92
2026-01-01 03:20:00,28.33,44.42,36.83,1.78,23.18,2,31.31,28.08,26.96,42.33,41.78,40.66,29.24,40.31333333333333,-2.9800000000000004,-5.5,28.7
2026-01-01 03:21:00,28.2,47.27,39.27,2.61,18.86,2,28.33,31.31,28.08,36.83,42.33,41.78,29.28,39.47666666666667,-0.129999999999999,2.440000000000005,29.16
2026-01-01 03:22:00,30.42,45.93,42.53,5.23,23.63,2,28.2,28.33,31.31,39.27,36.83,42.33,28.983333333333334,39.54333333333333,2.2200000000000024,3.259999999999998,28.74
2026-01-01 03:23:00,30.03,41.58,48.14,4.84,20.46,2,30.42,28.2,28.33,42.53,39.27,36.83,29.55,43.31333333333333,-0.39000000000000057,5.609999999999999,30.41
2026-01-01 03:24:00,30.92,43.59,53.16,7.63,18.5,2,30.03,30.42,28.2,48.14,42.53,39.27,30.456666666666667,47.94333333333333,0.8900000000000006,5.019999999999996,31.97
2026-01-01 03:25:00,28.7,44.67,45.62,5.65,22.22,2,30.92,30.03,30.42,53.16,48.14,42.53,29.883333333333336,48.97333333333333,-2.2200000000000024,-7.539999999999999,36.42
2026-01-01 03:26:00,29.16,45.82,40.88,5.19,20.44,2,28.7,30.92,30.03,45.62,53.16,48.14,29.593333333333334,46.553333333333335,0.46000000000000085,-4.739999999999995,36.36
2026-01-01 03:27:00,28.74,44.94,43.79,1.64,21.45,2,29.16,28.7,30.92,40.88,45.62,53.16,28.866666666666664,43.43,-0.4200000000000017,2.9099999999999966,36.21
2026-01-01 03:28:00,30.41,48.08,46.45,5.09,22.31,2,28.74,29.16,28.7,43.79,40.88,45.62,29.436666666666667,43.70666666666667,1.6700000000000017,2.6600000000000037,36.09
2026-01-01 03:29:00,31.97,42.29,48.91,4.08,21.26,2,30.41,28.74,29.16,46.45,43.79,40.88,30.373333333333335,46.38333333333333,1.5599999999999987,2.4599999999999937,35.25
2026-01-01 03:30:00,36.42,48.03,67.86,4.94,20.67,2,31.97,30.41,28.74,48.91,46.45,43.79,32.93333333333334,54.406666666666666,4.450000000000003,18.950000000000003,35.46
2026-01-01 03:31:00,36.36,44.09,68.89,6.11,23.01,2,36.42,31.97,30.41,67.86,48.91,46.45,34.916666666666664,61.886666666666656,-0.060000000000002274,1.0300000000000011,34.76
2026-01-01 03:32:00,36.21,49.19,72.65,7.59,21.52,2,36.36,36.42,31.97,68.89,67.86,48.91,36.330000000000005,69.8,-0.14999999999999858,3.760000000000005,34.57
2026-01-01 03:33:00,36.09,47.44,75.21,7.14,22.53,2,36.21,36.36,36.42,72.65,68.89,67.86,36.220000000000006,72.25,-0.11999999999999744,2.559999999999988,35.96
2026-01-01 03:34:00,35.25,48.18,76.05,5.15,18.12,2,36.09,36.21,36.36,75.21,72.65,68.89,35.85,74.63666666666667,-0.8400000000000034,0.8400000000000034,33.1
2026-01-01 03:35:00,35.46,45.68,71.99,7.23,22.05,2,35.25,36.09,36.21,76.05,75.21,72.65,35.6,74.41666666666666,0.21000000000000085,-4.060000000000002,34.4
2026-01-01 03:36:00,34.76,49.73,73.63,5.3,20.3,2,35.46,35.25,36.09,71.99,76.05,75.21,35.156666666666666,73.89,-0.7000000000000028,1.6400000000000006,36.24
2026-01-01 03:37:00,34.57,49.18,67.47,6.06,23.7,2,34.76,35.46,35.25,73.63,71.99,76.05,34.93,71.03,-0.18999999999999773,-6.159999999999997,34.49
2026-01-01 03:38:00,35.96,48.75,64.49,5.03,22.41,2,34.57,34.76,35.46,67.47,73.63,71.99,35.09666666666667,68.52999999999999,1.3900000000000006,-2.980000000000004,30.51
2026-01-01 03:39:00,33.1,46.33,60.5,4.81,21.32,2,35.96,34.57,34.76,64.49,67.47,73.63,34.54333333333333,64.15333333333332,-2.8599999999999994,-3.989999999999995,29.54
2026-01-01 03:40:00,34.4,48.2,59.67,6.22,21.92,2,33.1,35.96,34.57,60.5,64.49,67.47,34.48666666666667,61.553333333333335,1.2999999999999972,-0.8299999999999983,31.56
2026-01-01 03:41:00,36.24,46.27,70.07,4.4,20.03,2,34.4,33.1,35.96,59.67,60.5,64.49,34.580000000000005,63.413333333333334,1.8400000000000034,10.399999999999991,31.26
2026-01-01 03:42:00,34.49,48.78,58.73,7.91,23.64,2,36.24,34.4,33.1,70.07,59.67,60.5,35.04333333333334,62.82333333333333,-1.75,-11.339999999999996,29.57
2026-01-01 03:43:00,30.51,48.98,61.06,2.46,23.48,2,34.49,36.24,34.4,58.73,70.07,59.67,33.74666666666668,63.28666666666667,-3.9800000000000004,2.3300000000000054,28.79
2026-01-01 03:44:00,29.54,47.48,51.71,3.5,20.91,2,30.51,34.49,36.24,61.06,58.73,70.07,31.513333333333335,57.166666666666664,-0.9700000000000024,-9.350000000000001,30.03
2026-01-01 03:45:00,31.56,44.59,48.82,4.7,23.07,2,29.54,30.51,34.49,51.71,61.06,58.73,30.536666666666672,53.86333333333334,2.0199999999999996,-2.8900000000000006,30.65
2026-01-01 03:46:00,31.26,46.66,53.96,5.46,19.77,2,31.56,29.54,30.51,48.82,51.71,61.06,30.786666666666665,51.49666666666667,-0.29999999999999716,5.140000000000001,29.6
2026-01-01 03:47:00,29.57,42.76,53.56,4.4,19.13,2,31.26,31.56,29.54,53.96,48.82,51.71,30.79666666666667,52.11333333333334,-1.6900000000000013,-0.3999999999999986,28.81
2026-01-01 03:48:00,28.79,46.22,47.49,3.95,20.24,2,29.57,31.26,31.56,53.56,53.96,48.82,29.873333333333335,51.67000000000001,-0.7800000000000011,-6.07,28.28
2026-01-01 03:49:00,30.03,46.41,43.71,4.33,21.06,2,28.79,29.57,31.26,47.49,53.56,53.96,29.463333333333335,48.25333333333333,1.240000000000002,-3.780000000000001,26.91
2026-01-01 03:50:00,30.65,41.99,47.21,3.67,19.93,2,30.03,28.79,29.57,43.71,47.49,53.56,29.823333333333338,46.13666666666666,0.6199999999999974,3.5,30.6
2026-01-01 03:51:00,29.6,43.04,43.38,5.78,21.13,2,30.65,30.03,28.79,47.21,43.71,47.49,30.093333333333334,44.76666666666667,-1.0499999999999972,-3.8299999999999983,30.27
2026-01-01 03:52:00,28.81,44.52,44.6,5.05,20.65,2,29.6,30.65,30.03,43.38,47.21,43.71,29.686666666666667,45.06333333333333,-0.7900000000000027,1.2199999999999989,31.59
2026-01-01 03:53:00,28.28,44.3,44.86,5.12,18.59,2,28.81,29.6,30.65,44.6,43.38,47.21,28.896666666666672,44.28,-0.5299999999999976,0.259999999999998,32.98
2026-01-01 03:54:00,26.91,42.0,41.61,2.09,20.62,2,28.28,28.81,29.6,44.86,44.6,43.38,28.0,43.69,-1.370000000000001,-3.25,32.87
2026-01-01 03:55:00,30.6,46.49,52.6,4.35,21.8,2,26.91,28.28,28.81,41.61,44.86,44.6,28.596666666666668,46.35666666666666,3.6900000000000013,10.990000000000002,30.97
2026-01-01 03:56:00,30.27,46.1,55.16,4.24,20.71,2,30.6,26.91,28.28,52.6,41.61,44.86,29.26,49.79,-0.33000000000000185,2.559999999999995,30.7
2026-01-01 03:57:00,31.59,45.67,44.22,2.25,22.42,2,30.27,30.6,26.91,55.16,52.6,41.61,30.820000000000004,50.660000000000004,1.3200000000000003,-10.939999999999998,29.85
2026-01-01 03:58:00,32.98,45.03,45.22,4.38,19.11,2,31.59,30.27,30.6,44.22,55.16,52.6,31.613333333333333,48.199999999999996,1.389999999999997,1.0,28.18
2026-01-01 03:59:00,32.87,48.6,41.89,2.75,21.62,2,32.98,31.59,30.27,45.22,44.22,55.16,32.48,43.776666666666664,-0.10999999999999943,-3.3299999999999983,29.24
2026-01-01 04:00:00,30.97,49.15,46.4,4.93,18.82,2,32.87,32.98,31.59,41.89,45.22,44.22,32.27333333333333,44.50333333333333,-1.8999999999999986,4.509999999999998,27.23
2026-01-01 04:01:00,30.7,44.78,42.33,1.99,18.85,2,30.97,32.87,32.98,46.4,41.89,45.22,31.513333333333335,43.54,-0.2699999999999996,-4.07,29.37
2026-01-01 04:02:00,29.85,44.22,41.97,6.15,19.43,2,30.7,30.97,32.87,42.33,46.4,41.89,30.50666666666667,43.56666666666666,-0.8499999999999979,-0.35999999999999943,28.14
2026-01-01 04:03:00,28.18,45.85,44.74,2.46,18.66,2,29.85,30.7,30.97,41.97,42.33,46.4,29.57666666666667,43.01333333333333,-1.6700000000000017,2.770000000000003,28.14
2026-01-01 04:04:00,29.24,44.52,49.09,4.5,19.44,2,28.18,29.85,30.7,44.74,41.97,42.33,29.090000000000003,45.26666666666667,1.0599999999999987,4.350000000000001,28.93
2026-01-01 04:05:00,27.23,44.25,42.76,4.82,19.58,2,29.24,28.18,29.85,49.09,44.74,41.97,28.216666666666672,45.53,-2.009999999999998,-6.330000000000005,28.76
2026-01-01 04:06:00,29.37,46.76,41.26,2.65,21.54,2,27.23,29.24,28.18,42.76,49.09,44.74,28.613333333333333,44.370000000000005,2.1400000000000006,-1.5,29.47
2026-01-01 04:07:00,28.14,41.03,39.19,4.61,19.58,2,29.37,27.23,29.24,41.26,42.76,49.09,28.24666666666667,41.07,-1.2300000000000004,-2.0700000000000003,28.68
2026-01-01 04:08:00,28.14,47.48,36.39,1.25,17.69,2,28.14,29.37,27.23,39.19,41.26,42.76,28.55,38.946666666666665,0.0,-2.799999999999997,30.92
2026-01-01 04:09:00,28.93,45.27,45.9,6.08,21.92,2,28.14,28.14,29.37,36.39,39.19,41.26,28.403333333333336,40.49333333333333,0.7899999999999991,9.509999999999998,29.34
2026-01-01 04:10:00,28.76,44.24,47.86,4.09,18.92,2,28.93,28.14,28.14,45.9,36.39,39.19,28.610000000000003,43.38333333333333,-0.16999999999999815,1.9600000000000009,29.91
2026-01-01 04:11:00,29.47,45.14,41.32,2.62,20.22,2,28.76,28.93,28.14,47.86,45.9,36.39,29.053333333333338,45.026666666666664,0.7099999999999973,-6.539999999999999,32.78
2026-01-01 04:12:00,28.68,44.96,46.21,3.48,20.83,2,29.47,28.76,28.93,41.32,47.86,45.9,28.970000000000002,45.129999999999995,-0.7899999999999991,4.890000000000001,30.67
2026-01-01 04:13:00,30.92,42.36,56.72,6.03,20.86,2,28.68,29.47,28.76,46.21,41.32,47.86,29.69,48.083333333333336,2.240000000000002,10.509999999999998,29.47
2026-01-01 04:14:00,29.34,48.26,60.95,4.3,21.92,2,30.92,28.68,29.47,56.72,46.21,41.32,29.646666666666672,54.626666666666665,-1.5800000000000018,4.230000000000004,30.6
2026-01-01 04:15:00,29.91,45.55,52.07,3.3,21.1,2,29.34,30.92,28.68,60.95,56.72,46.21,30.056666666666672,56.580000000000005,0.5700000000000003,-8.880000000000003,31.06
2026-01-01 04:16:00,32.78,47.36,49.09,3.84,19.61,2,29.91,29.34,30.92,52.07,60.95,56.72,30.676666666666673,54.03666666666667,2.870000000000001,-2.979999999999997,31.24
2026-01-01 04:17:00,30.67,47.64,55.09,2.92,23.79,2,32.78,29.91,29.34,49.09,52.07,60.95,31.120000000000005,52.083333333333336,-2.1099999999999994,6.0,31.51
2026-01-01 04:18:00,29.47,43.27,50.75,7.04,20.6,2,30.67,32.78,29.91,55.09,49.09,52.07,30.97333333333334,51.64333333333334,-1.2000000000000028,-4.340000000000003,30.74
2026-01-01 04:19:00,30.6,46.66,52.51,3.61,20.29,2,29.47,30.67,32.78,50.75,55.09,49.09,30.24666666666667,52.78333333333333,1.1300000000000026,1.759999999999998,30.66
2026-01-01 04:20:00,31.06,45.34,55.78,5.99,22.04,2,30.6,29.47,30.67,52.51,50.75,55.09,30.37666666666667,53.01333333333333,0.4599999999999973,3.270000000000003,29.57
2026-01-01 04:21:00,31.24,47.63,50.28,4.59,21.0,2,31.06,30.6,29.47,55.78,52.51,50.75,30.96666666666667,52.85666666666666,0.17999999999999972,-5.5,27.53
2026-01-01 04:22:00,31.51,41.77,49.56,2.74,21.27,2,31.24,31.06,30.6,50.28,55.78,52.51,31.270000000000007,51.873333333333335,0.2700000000000031,-0.7199999999999989,28.27
2026-01-01 04:23:00,30.74,45.56,32.99,2.8,24.27,2,31.51,31.24,31.06,49.56,50.28,55.78,31.163333333333338,44.27666666666667,-0.7700000000000031,-16.57,30.15
2026-01-01 04:24:00,30.66,44.53,28.83,3.63,20.11,2,30.74,31.51,31.24,32.99,49.56,50.28,30.970000000000002,37.12666666666667,-0.0799999999999983,-4.160000000000004,28.27
2026-01-01 04:25:00,29.57,46.21,28.86,2.17,19.85,2,30.66,30.74,31.51,28.83,32.99,49.56,30.323333333333338,30.22666666666667,-1.0899999999999999,0.030000000000001137,25.93
2026-01-01 04:26:00,27.53,45.58,23.91,3.82,20.13,2,29.57,30.66,30.74,28.86,28.83,32.99,29.25333333333334,27.2,-2.039999999999999,-4.949999999999999,28.13
2026-01-01 04:27:00,28.27,43.48,33.76,4.4,21.7,2,27.53,29.57,30.66,23.91,28.86,28.83,28.456666666666674,28.843333333333334,0.7399999999999984,9.849999999999998,27.26
2026-01-01 04:28:00,30.15,44.13,27.51,3.72,18.17,2,28.27,27.53,29.57,33.76,23.91,28.86,28.650000000000006,28.393333333333334,1.879999999999999,-6.2499999999999964,24.1
2026-01-01 04:29:00,28.27,44.67,26.71,1.58,17.14,2,30.15,28.27,27.53,27.51,33.76,23.91,28.896666666666672,29.326666666666668,-1.879999999999999,-0.8000000000000007,26.62
2026-01-01 04:30:00,25.93,42.28,28.83,1.0,18.79,2,28.27,30.15,28.27,26.71,27.51,33.76,28.11666666666667,27.683333333333334,-2.34,2.1199999999999974,25.88
2026-01-01 04:31:00,28.13,46.53,37.33,2.25,17.61,2,25.93,28.27,30.15,28.83,26.71,27.51,27.44333333333334,30.956666666666663,2.1999999999999993,8.5,26.29
2026-01-01 04:32:00,27.26,43.8,30.76,2.91,19.27,2,28.13,25.93,28.27,37.33,28.83,26.71,27.106666666666673,32.306666666666665,-0.8699999999999974,-6.569999999999997,27.3
2026-01-01 04:33:00,24.1,37.62,37.72,4.02,20.09,2,27.26,28.13,25.93,30.76,37.33,28.83,26.49666666666667,35.27,-3.16,6.959999999999997,27.57
2026-01-01 04:34:00,26.62,43.57,38.35,1.0,18.46,2,24.1,27.26,28.13,37.72,30.76,37.33,25.99333333333334,35.61000000000001,2.5199999999999996,0.6300000000000026,28.6
2026-01-01 04:35:00,25.88,41.98,33.97,2.88,17.52,2,26.62,24.1,27.26,38.35,37.72,30.76,25.533333333333335,36.68,-0.740000000000002,-4.380000000000003,27.46
2026-01-01 04:36:00,26.29,40.94,37.17,3.4,19.84,2,25.88,26.62,24.1,33.97,38.35,37.72,26.26333333333334,36.49666666666667,0.41000000000000014,3.200000000000003,28.23
2026-01-01 04:37:00,27.3,42.08,38.79,2.88,21.21,2,26.29,25.88,26.62,37.17,33.97,38.35,26.490000000000006,36.64333333333334,1.0100000000000016,1.6199999999999974,27.84
2026-01-01 04:38:00,27.57,44.87,36.28,5.02,17.42,2,27.3,26.29,25.88,38.79,37.17,33.97,27.05333333333334,37.413333333333334,0.2699999999999996,-2.509999999999998,29.67
2026-01-01 04:39:00,28.6,47.67,37.33,3.81,21.38,2,27.57,27.3,26.29,36.28,38.79,37.17,27.823333333333338,37.46666666666666,1.0300000000000011,1.0499999999999972,30.21
2026-01-01 04:40:00,27.46,45.24,36.02,5.03,21.17,2,28.6,27.57,27.3,37.33,36.28,38.79,27.876666666666676,36.54333333333333,-1.1400000000000006,-1.3099999999999952,29.0
2026-01-01 04:41:00,28.23,43.67,37.3,2.85,21.51,2,27.46,28.6,27.57,36.02,37.33,36.28,28.096666666666675,36.88333333333333,0.7699999999999996,1.279999999999994,30.51
2026-01-01 04:42:00,27.84,45.66,41.23,4.91,21.84,2,28.23,27.46,28.6,37.3,36.02,37.33,27.843333333333337,38.18333333333333,-0.39000000000000057,3.9299999999999997,29.01
2026-01-01 04:43:00,29.67,44.47,49.46,6.66,23.64,2,27.84,28.23,27.46,41.23,37.3,36.02,28.580000000000002,42.663333333333334,1.8300000000000018,8.230000000000004,30.28
2026-01-01 04:44:00,30.21,44.19,42.92,5.62,19.9,2,29.67,27.84,28.23,49.46,41.23,37.3,29.240000000000006,44.53666666666666,0.5399999999999991,-6.539999999999999,30.53
2026-01-01 04:45:00,29.0,42.84,53.75,2.93,20.38,2,30.21,29.67,27.84,42.92,49.46,41.23,29.626666666666676,48.71,-1.2100000000000009,10.829999999999998,32.67
2026-01-01 04:46:00,30.51,42.17,43.29,3.3,19.87,2,29.0,30.21,29.67,53.75,42.92,49.46,29.90666666666667,46.65333333333333,1.5100000000000016,-10.46,30.9
2026-01-01 04:47:00,29.01,44.37,42.67,3.11,20.23,2,30.51,29.0,30.21,43.29,53.75,42.92,29.50666666666667,46.57,-1.5,-0.6199999999999974,29.41
2026-01-01 04:48:00,30.28,45.91,45.79,4.63,22.75,2,29.01,30.51,29.0,42.67,43.29,53.75,29.933333333333337,43.916666666666664,1.2699999999999996,3.1199999999999974,28.75
2026-01-01 04:49:00,30.53,45.49,47.14,5.04,18.48,2,30.28,29.01,30.51,45.79,42.67,43.29,29.94000000000001,45.199999999999996,0.25,1.3500000000000014,28.23
2026-01-01 04:50:00,32.67,45.6,43.85,2.47,19.59,2,30.53,30.28,29.01,47.14,45.79,42.67,31.160000000000007,45.593333333333334,2.1400000000000006,-3.289999999999999,29.68
2026-01-01 04:51:00,30.9,43.92,42.9,3.75,22.63,2,32.67,30.53,30.28,43.85,47.14,45.79,31.366666666666674,44.63,-1.7700000000000031,-0.9500000000000028,26.76
2026-01-01 04:52:00,29.41,46.51,40.61,1.0,21.82,2,30.9,32.67,30.53,42.9,43.85,47.14,30.99333333333334,42.453333333333326,-1.4899999999999984,-2.289999999999999,26.04
2026-01-01 04:53:00,28.75,42.43,38.01,5.39,19.63,2,29.41,30.9,32.67,40.61,42.9,43.85,29.68666666666667,40.50666666666667,-0.6600000000000001,-2.6000000000000014,25.66
2026-01-01 04:54:00,28.23,46.43,42.82,2.87,21.36,2,28.75,29.41,30.9,38.01,40.61,42.9,28.79666666666667,40.48,-0.5199999999999996,4.810000000000002,28.7
2026-01-01 04:55:00,29.68,43.38,44.78,3.89,20.85,2,28.23,28.75,29.41,42.82,38.01,40.61,28.886666666666674,41.87,1.4499999999999993,1.9600000000000009,32.01
2026-01-01 04:56:00,26.76,42.86,41.33,3.05,22.07,2,29.68,28.23,28.75,44.78,42.82,38.01,28.22333333333334,42.97666666666667,-2.919999999999998,-3.450000000000003,31.09
2026-01-01 04:57:00,26.04,41.18,46.12,5.64,19.8,2,26.76,29.68,28.23,41.33,44.78,42.82,27.49333333333334,44.076666666666675,-0.7200000000000024,4.789999999999999,30.18
2026-01-01 04:58:00,25.66,42.98,47.57,1.0,21.16,2,26.04,26.76,29.68,46.12,41.33,44.78,26.153333333333336,45.00666666666667,-0.379999999999999,1.4500000000000028,30.2
2026-01-01 04:59:00,28.7,47.0,51.43,4.35,24.13,2,25.66,26.04,26.76,47.57,46.12,41.33,26.8,48.373333333333335,3.039999999999999,3.8599999999999994,32.04
2026-01-01 05:00:00,32.01,47.23,54.06,4.44,21.66,2,28.7,25.66,26.04,51.43,47.57,46.12,28.790000000000006,51.02,3.3099999999999987,2.6300000000000026,30.05
2026-01-01 05:01:00,31.09,47.84,49.19,3.5,20.67,2,32.01,28.7,25.66,54.06,51.43,47.57,30.600000000000005,51.56,-0.9199999999999982,-4.8700000000000045,30.51
2026-01-01 05:02:00,30.18,46.61,46.06,6.5,21.52,2,31.09,32.01,28.7,49.19,54.06,51.43,31.093333333333337,49.77,-0.9100000000000001,-3.1299999999999955,32.33
2026-01-01 05:03:00,30.2,43.36,49.71,2.89,19.89,2,30.18,31.09,32.01,46.06,49.19,54.06,30.49000000000001,48.32,0.019999999999999574,3.6499999999999986,32.52
2026-01-01 05:04:00,32.04,45.55,52.38,5.61,24.35,2,30.2,30.18,31.09,49.71,46.06,49.19,30.806666666666672,49.38333333333333,1.8399999999999999,2.6700000000000017,32.32
2026-01-01 05:05:00,30.05,43.96,51.69,4.93,20.68,2,32.04,30.2,30.18,52.38,49.71,46.06,30.76333333333334,51.26,-1.9899999999999984,-0.6900000000000048,33.27
2026-01-01 05:06:00,30.51,48.34,51.74,6.29,20.08,2,30.05,32.04,30.2,51.69,52.38,49.71,30.866666666666674,51.93666666666667,0.46000000000000085,0.05000000000000426,28.21
2026-01-01 05:07:00,32.33,43.92,57.59,3.89,19.57,2,30.51,30.05,32.04,51.74,51.69,52.38,30.96333333333334,53.67333333333334,1.8199999999999967,5.850000000000001,30.34
2026-01-01 05:08:00,32.52,48.17,53.62,3.46,22.5,2,32.33,30.51,30.05,57.59,51.74,51.69,31.786666666666676,54.31666666666666,0.19000000000000483,-3.970000000000006,29.95
2026-01-01 05:09:00,32.32,48.1,55.67,6.38,22.12,2,32.52,32.33,30.51,53.62,57.59,51.74,32.39000000000001,55.626666666666665,-0.20000000000000284,2.0500000000000043,28.13
2026-01-01 05:10:00,33.27,50.31,53.8,5.21,20.24,2,32.32,32.52,32.33,55.67,53.62,57.59,32.70333333333334,54.36333333333332,0.9500000000000028,-1.8700000000000045,30.82
2026-01-01 05:11:00,28.21,44.06,52.01,2.1,20.94,2,33.27,32.32,32.52,53.8,55.67,53.62,31.26666666666668,53.82666666666666,-5.060000000000002,-1.7899999999999991,33.73
2026-01-01 05:12:00,30.34,47.04,56.94,4.03,18.2,2,28.21,33.27,32.32,52.01,53.8,55.67,30.606666666666673,54.25,2.129999999999999,4.93,33.48
2026-01-01 05:13:00,29.95,50.05,60.12,5.69,20.67,2,30.34,28.21,33.27,56.94,52.01,53.8,29.50000000000001,56.35666666666666,-0.39000000000000057,3.1799999999999997,34.72
2026-01-01 05:14:00,28.13,43.61,62.97,6.61,20.74,2,29.95,30.34,28.21,60.12,56.94,52.01,29.47333333333334,60.01,-1.8200000000000003,2.8500000000000014,36.51
2026-01-01 05:15:00,30.82,42.72,68.06,4.77,23.11,2,28.13,29.95,30.34,62.97,60.12,56.94,29.63333333333334,63.71666666666667,2.6900000000000013,5.090000000000003,37.08
2026-01-01 05:16:00,33.73,43.05,66.32,1.27,19.92,2,30.82,28.13,29.95,68.06,62.97,60.12,30.893333333333334,65.78333333333333,2.9099999999999966,-1.740000000000009,37.87
2026-01-01 05:17:00,33.48,48.14,68.03,6.57,19.11,2,33.73,30.82,28.13,66.32,68.06,62.97,32.67666666666667,67.47,-0.25,1.710000000000008,37.15
2026-01-01 05:18:00,34.72,43.38,64.63,3.66,19.91,2,33.48,33.73,30.82,68.03,66.32,68.06,33.97666666666667,66.32666666666667,1.240000000000002,-3.4000000000000057,35.3
2026-01-01 05:19:00,36.51,47.03,64.68,2.47,19.57,2,34.72,33.48,33.73,64.63,68.03,66.32,34.903333333333336,65.78,1.7899999999999991,0.05000000000001137,32.24
2026-01-01 05:20:00,37.08,48.85,62.46,1.06,23.68,2,36.51,34.72,33.48,64.68,64.63,68.03,36.103333333333346,63.92333333333334,0.5700000000000003,-2.220000000000006,31.81
2026-01-01 05:21:00,37.87,48.62,61.55,6.45,24.14,2,37.08,36.51,34.72,62.46,64.68,64.63,37.15333333333334,62.89666666666667,0.7899999999999991,-0.9100000000000037,30.12
2026-01-01 05:22:00,37.15,48.85,63.2,5.56,22.17,2,37.87,37.08,36.51,61.55,62.46,64.68,37.366666666666674,62.403333333333336,-0.7199999999999989,1.6500000000000057,33.91
2026-01-01 05:23:00,35.3,47.8,57.65,4.56,23.19,2,37.15,37.87,37.08,63.2,61.55,62.46,36.77333333333334,60.79999999999999,-1.8500000000000014,-5.550000000000004,33.05
2026-01-01 05:24:00,32.24,48.84,67.1,7.79,21.0,2,35.3,37.15,37.87,57.65,63.2,61.55,34.89666666666667,62.65,-3.059999999999995,9.449999999999996,33.07
2026-01-01 05:25:00,31.81,44.23,60.3,6.08,20.58,2,32.24,35.3,37.15,67.1,57.65,63.2,33.116666666666674,61.68333333333333,-0.43000000000000327,-6.799999999999997,33.85
2026-01-01 05:26:00,30.12,44.19,53.01,6.93,19.92,2,31.81,32.24,35.3,60.3,67.1,57.65,31.390000000000004,60.13666666666666,-1.6899999999999977,-7.289999999999999,33.47
2026-01-01 05:27:00,33.91,45.32,58.16,2.85,20.64,2,30.12,31.81,32.24,53.01,60.3,67.1,31.946666666666673,57.156666666666666,3.7899999999999956,5.149999999999999,35.29
2026-01-01 05:28:00,33.05,48.23,61.06,5.14,18.63,2,33.91,30.12,31.81,58.16,53.01,60.3,32.36000000000001,57.41,-0.8599999999999994,2.9000000000000057,32.96
2026-01-01 05:29:00,33.07,48.38,62.9,2.92,21.35,2,33.05,33.91,30.12,61.06,58.16,53.01,33.343333333333334,60.70666666666667,0.020000000000003126,1.8399999999999963,32.37
2026-01-01 05:30:00,33.85,47.75,64.61,5.15,21.03,2,33.07,33.05,33.91,62.9,61.06,58.16,33.32333333333334,62.85666666666666,0.7800000000000011,1.7100000000000009,30.88
2026-01-01 05:31:00,33.47,49.08,62.98,4.98,22.14,2,33.85,33.07,33.05,64.61,62.9,61.06,33.46333333333334,63.49666666666667,-0.38000000000000256,-1.6300000000000026,28.93
2026-01-01 05:32:00,35.29,45.0,57.05,5.79,21.49,2,33.47,33.85,33.07,62.98,64.61,62.9,34.20333333333334,61.54666666666666,1.8200000000000003,-5.93,28.38
2026-01-01 05:33:00,32.96,49.87,56.47,4.87,20.69,2,35.29,33.47,33.85,57.05,62.98,64.61,33.90666666666667,58.833333333333336,-2.3299999999999983,-0.5799999999999983,28.74
2026-01-01 05:34:00,32.37,49.38,52.17,5.37,19.52,2,32.96,35.29,33.47,56.47,57.05,62.98,33.54000000000001,55.23,-0.5900000000000034,-4.299999999999997,28.52
2026-01-01 05:35:00,30.88,47.28,56.47,5.85,20.67,2,32.37,32.96,35.29,52.17,56.47,57.05,32.07000000000001,55.03666666666666,-1.4899999999999984,4.299999999999997,27.76
2026-01-01 05:36:00,28.93,48.69,54.82,7.89,21.31,2,30.88,32.37,32.96,56.47,52.17,56.47,30.726666666666674,54.48666666666666,-1.9499999999999993,-1.6499999999999986,25.89
2026-01-01 05:37:00,28.38,41.62,49.9,3.77,18.39,2,28.93,30.88,32.37,54.82,56.47,52.17,29.396666666666675,53.73,-0.5500000000000007,-4.920000000000002,26.77
2026-01-01 05:38:00,28.74,44.01,47.9,2.66,20.31,2,28.38,28.93,30.88,49.9,54.82,56.47,28.68333333333334,50.873333333333335,0.35999999999999943,-2.0,25.3
2026-01-01 05:39:00,28.52,43.51,49.74,4.6,20.48,2,28.74,28.38,28.93,47.9,49.9,54.82,28.54666666666667,49.18,-0.21999999999999886,1.8400000000000034,27.56
2026-01-01 05:40:00,27.76,46.16,46.54,2.75,18.92,2,28.52,28.74,28.38,49.74,47.9,49.9,28.340000000000007,48.06,-0.759999999999998,-3.200000000000003,27.86
2026-01-01 05:41:00,25.89,41.96,42.3,5.82,18.78,2,27.76,28.52,28.74,46.54,49.74,47.9,27.39000000000001,46.19333333333333,-1.870000000000001,-4.240000000000002,25.86
2026-01-01 05:42:00,26.77,45.88,43.74,3.29,20.16,2,25.89,27.76,28.52,42.3,46.54,49.74,26.806666666666672,44.19333333333333,0.879999999999999,1.4400000000000048,25.79
2026-01-01 05:43:00,25.3,46.59,45.06,2.98,17.85,2,26.77,25.89,27.76,43.74,42.3,46.54,25.986666666666675,43.699999999999996,-1.4699999999999989,1.3200000000000003,24.64
2026-01-01 05:44:00,27.56,46.04,42.52,2.91,20.49,2,25.3,26.77,25.89,45.06,43.74,42.3,26.54333333333334,43.77333333333333,2.259999999999998,-2.539999999999999,25.34
2026-01-01 05:45:00,27.86,45.32,40.37,4.51,18.67,2,27.56,25.3,26.77,42.52,45.06,43.74,26.906666666666677,42.65,0.3000000000000007,-2.1500000000000057,27.36
2026-01-01 05:46:00,25.86,42.07,41.9,3.32,21.25,2,27.86,27.56,25.3,40.37,42.52,45.06,27.093333333333344,41.596666666666664,-2.0,1.5300000000000011,24.06
2026-01-01 05:47:00,25.79,42.33,34.91,2.0,23.15,2,25.86,27.86,27.56,41.9,40.37,42.52,26.50333333333334,39.059999999999995,-0.07000000000000028,-6.990000000000002,25.5
2026-01-01 05:48:00,24.64,46.12,28.68,4.94,18.14,2,25.79,25.86,27.86,34.91,41.9,40.37,25.430000000000007,35.163333333333334,-1.1499999999999986,-6.229999999999997,26.36
2026-01-01 05:49:00,25.34,45.43,26.39,1.0,20.36,2,24.64,25.79,25.86,28.68,34.91,41.9,25.256666666666675,29.99333333333333,0.6999999999999993,-2.289999999999999,28.12
2026-01-01 05:50:00,27.36,44.5,26.81,2.33,18.83,2,25.34,24.64,25.79,26.39,28.68,34.91,25.780000000000005,27.293333333333333,2.0199999999999996,0.41999999999999815,28.59
2026-01-01 05:51:00,24.06,42.58,29.82,3.51,20.89,2,27.36,25.34,24.64,26.81,26.39,28.68,25.586666666666673,27.673333333333332,-3.3000000000000007,3.0100000000000016,27.1
2026-01-01 05:52:00,25.5,39.87,38.41,1.0,17.69,2,24.06,27.36,25.34,29.82,26.81,26.39,25.640000000000004,31.679999999999996,1.4400000000000013,8.589999999999996,26.82
2026-01-01 05:53:00,26.36,42.08,43.23,4.39,20.47,2,25.5,24.06,27.36,38.41,29.82,26.81,25.306666666666672,37.15333333333333,0.8599999999999994,4.82,25.86
2026-01-01 05:54:00,28.12,48.67,42.57,2.04,18.75,2,26.36,25.5,24.06,43.23,38.41,29.82,26.660000000000007,41.40333333333333,1.7600000000000016,-0.6599999999999966,28.2
2026-01-01 05:55:00,28.59,42.44,42.67,4.86,19.83,2,28.12,26.36,25.5,42.57,43.23,38.41,27.69000000000001,42.82333333333333,0.46999999999999886,0.10000000000000142,28.18
2026-01-01 05:56:00,27.1,44.86,37.84,1.77,18.33,2,28.59,28.12,26.36,42.67,42.57,43.23,27.936666666666678,41.02666666666667,-1.4899999999999984,-4.829999999999998,31.51
2026-01-01 05:57:00,26.82,46.4,38.32,4.3,21.06,2,27.1,28.59,28.12,37.84,42.67,42.57,27.50333333333334,39.61000000000001,-0.28000000000000114,0.4799999999999969,31.56
2026-01-01 05:58:00,25.86,41.54,37.41,4.84,18.4,2,26.82,27.1,28.59,38.32,37.84,42.67,26.593333333333344,37.85666666666666,-0.9600000000000009,-0.9100000000000037,30.81
2026-01-01 05:59:00,28.2,45.24,39.63,4.66,20.9,2,25.86,26.82,27.1,37.41,38.32,37.84,26.960000000000008,38.45333333333333,2.34,2.220000000000006,29.46
2026-01-01 06:00:00,28.18,46.74,40.33,3.8,19.56,2,28.2,25.86,26.82,39.63,37.41,38.32,27.41333333333334,39.12333333333333,-0.019999999999999574,0.6999999999999957,28.58
2026-01-01 06:01:00,31.51,46.05,47.7,3.71,20.5,2,28.18,28.2,25.86,40.33,39.63,37.41,29.29666666666667,42.553333333333335,3.330000000000002,7.3700000000000045,28.34
2026-01-01 06:02:00,31.56,51.78,59.55,4.2,20.9,2,31.51,28.18,28.2,47.7,40.33,39.63,30.41666666666667,49.19333333333333,0.04999999999999716,11.849999999999994,31.19
2026-01-01 06:03:00,30.81,42.45,62.24,7.5,19.4,2,31.56,31.51,28.18,59.55,47.7,40.33,31.29333333333334,56.49666666666667,-0.75,2.690000000000005,33.54
2026-01-01 06:04:00,29.46,47.43,67.27,4.67,20.62,2,30.81,31.56,31.51,62.24,59.55,47.7,30.610000000000003,63.02,-1.3499999999999979,5.029999999999994,32.09
2026-01-01 06:05:00,28.58,44.66,73.34,4.68,22.44,2,29.46,30.81,31.56,67.27,62.24,59.55,29.616666666666674,67.61666666666666,-0.8800000000000026,6.070000000000007,34.7
2026-01-01 06:06:00,28.34,46.46,73.46,7.24,18.93,2,28.58,29.46,30.81,73.34,67.27,62.24,28.79333333333334,71.35666666666667,-0.23999999999999844,0.11999999999999034,34.45
2026-01-01 06:07:00,31.19,46.8,76.71,5.33,22.37,2,28.34,28.58,29.46,73.46,73.34,67.27,29.370000000000005,74.50333333333333,2.8500000000000014,3.25,35.52
2026-01-01 06:08:00,33.54,45.27,78.63,5.26,23.28,2,31.19,28.34,28.58,76.71,73.46,73.34,31.02333333333334,76.26666666666665,2.349999999999998,1.9200000000000017,39.01
2026-01-01 06:09:00,32.09,46.69,80.83,4.71,19.55,2,33.54,31.19,28.34,78.63,76.71,73.46,32.27333333333334,78.72333333333333,-1.4499999999999957,2.200000000000003,40.58
2026-01-01 06:10:00,34.7,43.43,78.5,5.95,19.06,2,32.09,33.54,31.19,80.83,78.63,76.71,33.44333333333334,79.32,2.6099999999999994,-2.3299999999999983,40.62
2026-01-01 06:11:00,34.45,48.26,80.34,6.71,21.65,2,34.7,32.09,33.54,78.5,80.83,78.63,33.74666666666668,79.89,-0.25,1.8400000000000034,39.39
2026-01-01 06:12:00,35.52,48.03,84.4,7.54,20.57,2,34.45,34.7,32.09,80.34,78.5,80.83,34.890000000000015,81.08,1.0700000000000003,4.060000000000002,36.98
2026-01-01 06:13:00,39.01,49.93,92.91,9.32,24.82,2,35.52,34.45,34.7,84.4,80.34,78.5,36.326666666666675,85.88333333333333,3.489999999999995,8.509999999999991,37.57
2026-01-01 06:14:00,40.58,51.32,98.27,9.14,22.36,2,39.01,35.52,34.45,92.91,84.4,80.34,38.37000000000001,91.86,1.5700000000000003,5.359999999999999,39.44
2026-01-01 06:15:00,40.62,49.95,109.18,8.99,21.11,2,40.58,39.01,35.52,98.27,92.91,84.4,40.07,100.12,0.03999999999999915,10.91000000000001,39.1
2026-01-01 06:16:00,39.39,49.08,104.61,8.59,20.37,2,40.62,40.58,39.01,109.18,98.27,92.91,40.19666666666668,104.01999999999998,-1.2299999999999969,-4.570000000000007,39.79
2026-01-01 06:17:00,36.98,46.18,108.6,10.0,23.29,2,39.39,40.62,40.58,104.61,109.18,98.27,38.99666666666667,107.46333333333332,-2.4100000000000037,3.989999999999995,40.3
2026-01-01 06:18:00,37.57,46.73,108.83,11.16,20.91,2,36.98,39.39,40.62,108.6,104.61,109.18,37.98000000000001,107.34666666666665,0.5900000000000034,0.23000000000000398,39.41
2026-01-01 06:19:00,39.44,51.18,119.07,10.31,22.17,2,37.57,36.98,39.39,108.83,108.6,104.61,37.99666666666667,112.16666666666664,1.8699999999999974,10.239999999999995,38.04
2026-01-01 06:20:00,39.1,51.56,113.5,8.94,23.47,2,39.44,37.57,36.98,119.07,108.83,108.6,38.70333333333334,113.8,-0.3399999999999963,-5.569999999999993,38.17
2026-01-01 06:21:00,39.79,48.45,108.22,7.71,21.44,2,39.1,39.44,37.57,113.5,119.07,108.83,39.443333333333335,113.59666666666665,0.6899999999999977,-5.280000000000001,38.77
2026-01-01 06:22:00,40.3,49.2,104.57,6.72,22.19,2,39.79,39.1,39.44,108.22,113.5,119.07,39.73000000000001,108.76333333333332,0.509999999999998,-3.6500000000000057,37.05
2026-01-01 06:23:00,39.41,46.98,93.58,8.95,22.07,2,40.3,39.79,39.1,104.57,108.22,113.5,39.83333333333334,102.12333333333333,-0.8900000000000006,-10.989999999999995,40.37
2026-01-01 06:24:00,38.04,50.66,91.47,8.64,22.87,2,39.41,40.3,39.79,93.58,104.57,108.22,39.25000000000001,96.54,-1.3699999999999974,-2.1099999999999994,40.59
2026-01-01 06:25:00,38.17,49.69,88.36,8.38,22.76,2,38.04,39.41,40.3,91.47,93.58,104.57,38.540000000000006,91.13666666666666,0.13000000000000256,-3.1099999999999994,40.66
2026-01-01 06:26:00,38.77,52.45,90.04,7.46,21.65,2,38.17,38.04,39.41,88.36,91.47,93.58,38.326666666666675,89.95666666666666,0.6000000000000014,1.6800000000000068,41.41
2026-01-01 06:27:00,37.05,46.21,92.54,9.98,21.76,2,38.77,38.17,38.04,90.04,88.36,91.47,37.99666666666668,90.31333333333333,-1.720000000000006,2.5,41.37
2026-01-01 06:28:00,40.37,48.37,102.52,7.99,21.71,2,37.05,38.77,38.17,92.54,90.04,88.36,38.730000000000004,95.03333333333335,3.3200000000000003,9.97999999999999,41.95
2026-01-01 06:29:00,40.59,49.67,107.07,10.53,20.09,2,40.37,37.05,38.77,102.52,92.54,90.04,39.33666666666667,100.71,0.22000000000000597,4.549999999999997,41.99
2026-01-01 06:30:00,40.66,50.53,103.62,8.75,22.71,2,40.59,40.37,37.05,107.07,102.52,92.54,40.540000000000006,104.40333333333332,0.06999999999999318,-3.4499999999999886,41.06
2026-01-01 06:31:00,41.41,49.06,98.84,7.49,25.29,2,40.66,40.59,40.37,103.62,107.07,102.52,40.88666666666668,103.17666666666666,0.75,-4.780000000000001,41.7
2026-01-01 06:32:00,41.37,47.73,101.39,9.51,21.12,2,41.41,40.66,40.59,98.84,103.62,107.07,41.146666666666675,101.28333333333335,-0.03999999999999915,2.549999999999997,39.22
2026-01-01 06:33:00,41.95,51.44,94.68,8.66,21.39,2,41.37,41.41,40.66,101.39,98.84,103.62,41.576666666666675,98.30333333333334,0.5800000000000054,-6.709999999999994,39.98
2026-01-01 06:34:00,41.99,51.14,104.26,9.4,21.25,2,41.95,41.37,41.41,94.68,101.39,98.84,41.77000000000001,100.11,0.03999999999999915,9.579999999999998,40.19
2026-01-01 06:35:00,41.06,47.54,109.82,9.46,23.48,2,41.99,41.95,41.37,104.26,94.68,101.39,41.66666666666668,102.92,-0.9299999999999997,5.559999999999988,40.48
2026-01-01 06:36:00,41.7,52.31,106.69,9.01,23.18,2,41.06,41.99,41.95,109.82,104.26,94.68,41.58333333333334,106.92333333333333,0.6400000000000006,-3.1299999999999955,40.17
2026-01-01 06:37:00,39.22,51.07,97.59,11.88,21.82,2,41.7,41.06,41.99,106.69,109.82,104.26,40.660000000000004,104.7,-2.480000000000004,-9.099999999999994,37.13
2026-01-01 06:38:00,39.98,49.26,104.55,10.66,20.82,2,39.22,41.7,41.06,97.59,106.69,109.82,40.300000000000004,102.94333333333333,0.759999999999998,6.959999999999994,37.17
2026-01-01 06:39:00,40.19,49.22,103.61,9.89,22.37,2,39.98,39.22,41.7,104.55,97.59,106.69,39.796666666666674,101.91666666666667,0.21000000000000085,-0.9399999999999977,38.18
2026-01-01 06:40:00,40.48,50.27,109.51,9.48,19.94,2,40.19,39.98,39.22,103.61,104.55,97.59,40.216666666666676,105.88999999999999,0.28999999999999915,5.900000000000006,38.79
2026-01-01 06:41:00,40.17,47.34,100.78,10.08,22.45,2,40.48,40.19,39.98,109.51,103.61,104.55,40.28000000000001,104.63333333333333,-0.30999999999999517,-8.730000000000004,37.65
2026-01-01 06:42:00,37.13,48.06,97.72,9.08,22.99,2,40.17,40.48,40.19,100.78,109.51,103.61,39.26000000000001,102.67,-3.039999999999999,-3.0600000000000023,39.97
2026-01-01 06:43:00,37.17,43.7,97.93,8.36,19.81,2,37.13,40.17,40.48,97.72,100.78,109.51,38.15666666666667,98.81,0.03999999999999915,0.21000000000000796,38.27
2026-01-01 06:44:00,38.18,50.12,98.33,7.9,19.57,2,37.17,37.13,40.17,97.93,97.72,100.78,37.49333333333334,97.99333333333334,1.009999999999998,0.3999999999999915,39.99
2026-01-01 06:45:00,38.79,45.45,96.21,8.06,24.35,2,38.18,37.17,37.13,98.33,97.93,97.72,38.046666666666674,97.49,0.6099999999999994,-2.1200000000000045,40.5
2026-01-01 06:46:00,37.65,51.18,99.63,3.71,20.86,2,38.79,38.18,37.17,96.21,98.33,97.93,38.20666666666667,98.05666666666666,-1.1400000000000006,3.4200000000000017,39.48
2026-01-01 06:47:00,39.97,48.33,94.32,8.33,23.9,2,37.65,38.79,38.18,99.63,96.21,98.33,38.80333333333334,96.71999999999998,2.3200000000000003,-5.310000000000002,42.05
2026-01-01 06:48:00,38.27,47.97,94.06,7.26,21.66,2,39.97,37.65,38.79,94.32,99.63,96.21,38.63,96.00333333333333,-1.6999999999999957,-0.2599999999999909,38.75
2026-01-01 06:49:00,39.99,47.74,95.14,10.48,21.95,2,38.27,39.97,37.65,94.06,94.32,99.63,39.410000000000004,94.50666666666666,1.7199999999999989,1.0799999999999983,40.28
2026-01-01 06:50:00,40.5,48.6,98.1,8.37,22.95,2,39.99,38.27,39.97,95.14,94.06,94.32,39.58666666666667,95.76666666666665,0.509999999999998,2.9599999999999937,41.54
2026-01-01 06:51:00,39.48,51.66,101.81,6.87,20.78,2,40.5,39.99,38.27,98.1,95.14,94.06,39.99000000000001,98.34999999999998,-1.0200000000000031,3.710000000000008,39.6
2026-01-01 06:52:00,42.05,44.74,96.04,8.09,22.77,2,39.48,40.5,39.99,101.81,98.1,95.14,40.67666666666667,98.64999999999999,2.5700000000000003,-5.769999999999996,42.01
2026-01-01 06:53:00,38.75,51.12,88.69,5.97,21.4,2,42.05,39.48,40.5,96.04,101.81,98.1,40.093333333333334,95.51333333333332,-3.299999999999997,-7.3500000000000085,41.14
2026-01-01 06:54:00,40.28,49.78,95.98,8.87,20.27,2,38.75,42.05,39.48,88.69,96.04,101.81,40.36000000000001,93.57,1.5300000000000011,7.290000000000006,41.78
2026-01-01 06:55:00,41.54,47.13,97.97,8.76,22.98,2,40.28,38.75,42.05,95.98,88.69,96.04,40.190000000000005,94.21333333333332,1.259999999999998,1.9899999999999949,42.12
2026-01-01 06:56:00,39.6,46.71,94.39,9.46,21.73,2,41.54,40.28,38.75,97.97,95.98,88.69,40.473333333333336,96.11333333333333,-1.9399999999999977,-3.5799999999999983,43.83
2026-01-01 06:57:00,42.01,53.06,102.59,7.53,22.33,2,39.6,41.54,40.28,94.39,97.97,95.98,41.050000000000004,98.31666666666666,2.4099999999999966,8.200000000000003,48.28
2026-01-01 06:58:00,41.14,47.51,102.96,8.8,20.59,2,42.01,39.6,41.54,102.59,94.39,97.97,40.91666666666667,99.98,-0.8699999999999974,0.36999999999999034,52.31
2026-01-01 06:59:00,41.78,47.32,108.62,7.19,24.91,2,41.14,42.01,39.6,102.96,102.59,94.39,41.64333333333334,104.72333333333331,0.6400000000000006,5.660000000000011,52.73
2026-01-01 07:00:00,42.12,52.02,108.27,10.26,23.9,2,41.78,41.14,42.01,108.62,102.96,102.59,41.68000000000001,106.61666666666666,0.3399999999999963,-0.3500000000000085,59.08
2026-01-01 07:01:00,43.83,51.02,137.91,12.5,24.34,2,42.12,41.78,41.14,108.27,108.62,102.96,42.576666666666675,118.26666666666667,1.7100000000000009,29.64,60.48
2026-01-01 07:02:00,48.28,50.02,165.26,14.79,23.23,2,43.83,42.12,41.78,137.91,108.27,108.62,44.74333333333334,137.14666666666668,4.450000000000003,27.349999999999994,66.32
2026-01-01 07:03:00,52.31,53.74,181.99,15.47,21.82,2,48.28,43.83,42.12,165.26,137.91,108.27,48.14000000000001,161.72,4.030000000000001,16.730000000000018,71.77
2026-01-01 07:04:00,52.73,51.41,205.09,18.05,27.42,2,52.31,48.28,43.83,181.99,165.26,137.91,51.106666666666676,184.11333333333334,0.4199999999999946,23.099999999999994,73.61
2026-01-01 07:05:00,59.08,57.88,226.31,21.64,25.54,2,52.73,52.31,48.28,205.09,181.99,165.26,54.70666666666667,204.46333333333334,6.350000000000001,21.22,76.45
2026-01-01 07:06:00,60.48,58.29,251.05,20.91,24.76,2,59.08,52.73,52.31,226.31,205.09,181.99,57.43000000000001,227.48333333333335,1.3999999999999986,24.74000000000001,78.15
2026-01-01 07:07:00,66.32,59.28,263.74,22.63,27.56,2,60.48,59.08,52.73,251.05,226.31,205.09,61.96000000000001,247.03333333333333,5.839999999999996,12.689999999999998,81.21
2026-01-01 07:08:00,71.77,60.84,285.27,22.62,30.29,2,66.32,60.48,59.08,263.74,251.05,226.31,66.19,266.68666666666667,5.450000000000003,21.529999999999973,84.38
2026-01-01 07:09:00,73.61,64.29,308.54,24.92,29.48,2,71.77,66.32,60.48,285.27,263.74,251.05,70.56666666666668,285.84999999999997,1.8400000000000034,23.27000000000004,89.73
2026-01-01 07:10:00,76.45,61.76,317.46,27.13,32.94,2,73.61,71.77,66.32,308.54,285.27,263.74,73.94333333333334,303.75666666666666,2.8400000000000034,8.919999999999959,95.92
2026-01-01 07:11:00,78.15,59.99,330.15,29.72,33.54,2,76.45,73.61,71.77,317.46,308.54,285.27,76.07000000000001,318.71666666666664,1.7000000000000028,12.689999999999998,98.0
2026-01-01 07:12:00,81.21,64.32,339.14,28.44,31.93,3,78.15,76.45,73.61,330.15,317.46,308.54,78.60333333333334,328.91666666666663,3.059999999999988,8.990000000000009,96.6
2026-01-01 07:13:00,84.38,68.7,357.86,30.06,34.21,3,81.21,78.15,76.45,339.14,330.15,317.46,81.24666666666667,342.3833333333334,3.1700000000000017,18.720000000000027,93.83
2026-01-01 07:14:00,89.73,64.38,381.62,31.83,39.49,3,84.38,81.21,78.15,357.86,339.14,330.15,85.10666666666668,359.53999999999996,5.3500000000000085,23.75999999999999,87.78
2026-01-01 07:15:00,95.92,67.85,409.0,33.96,37.27,3,89.73,84.38,81.21,381.62,357.86,339.14,90.01,382.82666666666665,6.189999999999998,27.379999999999995,83.75
2026-01-01 07:16:00,98.0,70.13,388.65,33.48,42.22,3,95.92,89.73,84.38,409.0,381.62,357.86,94.55000000000001,393.09,2.0799999999999983,-20.350000000000023,82.53
2026-01-01 07:17:00,96.6,68.7,376.1,29.72,39.55,3,98.0,95.92,89.73,388.65,409.0,381.62,96.83999999999999,391.25,-1.4000000000000057,-12.549999999999955,81.29
2026-01-01 07:18:00,93.83,65.88,347.92,31.49,39.52,3,96.6,98.0,95.92,376.1,388.65,409.0,96.14333333333333,370.89000000000004,-2.769999999999996,-28.180000000000007,74.09
2026-01-01 07:19:00,87.78,67.97,318.77,26.1,36.58,3,93.83,96.6,98.0,347.92,376.1,388.65,92.73666666666668,347.59666666666664,-6.049999999999997,-29.150000000000034,69.0
2026-01-01 07:20:00,83.75,68.95,298.59,26.46,34.35,3,87.78,93.83,96.6,318.77,347.92,376.1,88.45333333333333,321.76,-4.030000000000001,-20.180000000000007,64.73
2026-01-01 07:21:00,82.53,64.28,280.62,21.95,33.41,3,83.75,87.78,93.83,298.59,318.77,347.92,84.68666666666668,299.32666666666665,-1.2199999999999989,-17.96999999999997,61.34
2026-01-01 07:22:00,81.29,61.65,260.41,23.14,31.94,3,82.53,83.75,87.78,280.62,298.59,318.77,82.52333333333334,279.8733333333334,-1.2399999999999949,-20.20999999999998,56.29
2026-01-01 07:23:00,74.09,57.83,230.04,20.56,33.21,2,81.29,82.53,83.75,260.41,280.62,298.59,79.30333333333336,257.02333333333337,-7.200000000000003,-30.370000000000033,53.18
2026-01-01 07:24:00,69.0,59.67,210.39,18.46,30.22,2,74.09,81.29,82.53,230.04,260.41,280.62,74.79333333333335,233.61333333333334,-5.090000000000003,-19.650000000000006,48.29
2026-01-01 07:25:00,64.73,59.86,184.64,14.2,24.91,2,69.0,74.09,81.29,210.39,230.04,260.41,69.27333333333335,208.35666666666665,-4.269999999999996,-25.75,44.11
2026-01-01 07:26:00,61.34,57.42,169.21,14.76,28.41,2,64.73,69.0,74.09,184.64,210.39,230.04,65.02333333333335,188.08,-3.3900000000000006,-15.429999999999978,42.32
2026-01-01 07:27:00,56.29,54.7,151.91,11.14,24.53,2,61.34,64.73,69.0,169.21,184.64,210.39,60.78666666666668,168.58666666666667,-5.050000000000004,-17.30000000000001,40.77
2026-01-01 07:28:00,53.18,52.43,127.86,10.49,24.77,2,56.29,61.34,64.73,151.91,169.21,184.64,56.936666666666675,149.66,-3.1099999999999994,-24.049999999999997,38.81
2026-01-01 07:29:00,48.29,49.72,106.26,10.58,23.6,2,53.18,56.29,61.34,127.86,151.91,169.21,52.58666666666667,128.67666666666665,-4.890000000000001,-21.599999999999994,38.29
2026-01-01 07:30:00,44.11,52.11,82.06,8.17,21.95,2,48.29,53.18,56.29,106.26,127.86,151.91,48.52666666666668,105.39333333333333,-4.18,-24.200000000000003,37.86
2026-01-01 07:31:00,42.32,51.64,83.18,7.09,24.09,2,44.11,48.29,53.18,82.06,106.26,127.86,44.90666666666667,90.5,-1.7899999999999991,1.1200000000000045,36.95
2026-01-01 07:32:00,40.77,46.18,89.3,6.13,22.53,2,42.32,44.11,48.29,83.18,82.06,106.26,42.40000000000001,84.84666666666668,-1.5499999999999972,6.11999999999999,36.57
2026-01-01 07:33:00,38.81,51.76,85.23,8.21,21.27,2,40.77,42.32,44.11,89.3,83.18,82.06,40.63333333333335,85.90333333333335,-1.9600000000000009,-4.069999999999993,38.84
2026-01-01 07:34:00,38.29,49.55,88.93,7.59,19.93,2,38.81,40.77,42.32,85.23,89.3,83.18,39.29000000000001,87.82000000000001,-0.5200000000000031,3.700000000000003,38.67
2026-01-01 07:35:00,37.86,51.05,87.17,3.93,20.47,2,38.29,38.81,40.77,88.93,85.23,89.3,38.32000000000001,87.11,-0.4299999999999997,-1.7600000000000051,36.97
2026-01-01 07:36:00,36.95,45.25,84.23,8.33,19.19,2,37.86,38.29,38.81,87.17,88.93,85.23,37.70000000000001,86.77666666666669,-0.9099999999999966,-2.9399999999999977,38.18
2026-01-01 07:37:00,36.57,45.07,84.96,7.18,21.6,2,36.95,37.86,38.29,84.23,87.17,88.93,37.12666666666667,85.45333333333333,-0.38000000000000256,0.7299999999999898,37.5
2026-01-01 07:38:00,38.84,48.3,80.98,8.69,20.2,2,36.57,36.95,37.86,84.96,84.23,87.17,37.45333333333335,83.39,2.270000000000003,-3.9799999999999898,39.14
2026-01-01 07:39:00,38.67,49.54,79.74,5.13,21.56,2,38.84,36.57,36.95,80.98,84.96,84.23,38.02666666666668,81.89333333333333,-0.1700000000000017,-1.240000000000009,39.16
2026-01-01 07:40:00,36.97,51.53,75.37,1.64,23.71,2,38.67,38.84,36.57,79.74,80.98,84.96,38.16000000000002,78.69666666666667,-1.7000000000000028,-4.36999999999999,38.48
2026-01-01 07:41:00,38.18,49.77,87.16,7.83,23.67,2,36.97,38.67,38.84,75.37,79.74,80.98,37.94000000000001,80.75666666666666,1.2100000000000009,11.789999999999992,38.86
2026-01-01 07:42:00,37.5,47.64,88.37,7.95,21.7,2,38.18,36.97,38.67,87.16,75.37,79.74,37.55000000000001,83.63333333333333,-0.6799999999999997,1.210000000000008,36.36
2026-01-01 07:43:00,39.14,46.65,85.8,4.76,21.91,2,37.5,38.18,36.97,88.37,87.16,75.37,38.27333333333335,87.11,1.6400000000000006,-2.5700000000000074,35.71
2026-01-01 07:44:00,39.16,51.16,88.0,6.01,24.87,2,39.14,37.5,38.18,85.8,88.37,87.16,38.60000000000001,87.39,0.01999999999999602,2.200000000000003,35.02
2026-01-01 07:45:00,38.48,46.54,88.4,11.65,22.71,2,39.16,39.14,37.5,88.0,85.8,88.37,38.92666666666668,87.40000000000002,-0.6799999999999997,0.4000000000000057,36.4
2026-01-01 07:46:00,38.86,51.86,88.22,7.04,21.5,2,38.48,39.16,39.14,88.4,88.0,85.8,38.83333333333334,88.20666666666666,0.38000000000000256,-0.18000000000000682,39.64
2026-01-01 07:47:00,36.36,47.16,92.24,8.94,19.41,2,38.86,38.48,39.16,88.22,88.4,88.0,37.900000000000006,89.62,-2.5,4.019999999999996,41.74
2026-01-01 07:48:00,35.71,50.68,96.65,7.24,22.02,2,36.36,38.86,38.48,92.24,88.22,88.4,36.97666666666668,92.37,-0.6499999999999986,4.410000000000011,40.29
2026-01-01 07:49:00,35.02,48.61,94.26,4.88,22.55,2,35.71,36.36,38.86,96.65,92.24,88.22,35.69666666666668,94.38333333333333,-0.6899999999999977,-2.3900000000000006,39.76
2026-01-01 07:50:00,36.4,47.47,91.84,7.55,20.61,2,35.02,35.71,36.36,94.26,96.65,92.24,35.710000000000015,94.25,1.3799999999999955,-2.4200000000000017,36.64
2026-01-01 07:51:00,39.64,47.84,91.12,7.35,22.57,2,36.4,35.02,35.71,91.84,94.26,96.65,37.02000000000001,92.40666666666668,3.240000000000002,-0.7199999999999989,36.45
2026-01-01 07:52:00,41.74,48.93,80.32,6.23,21.97,2,39.64,36.4,35.02,91.12,91.84,94.26,39.26000000000001,87.75999999999999,2.1000000000000014,-10.800000000000011,36.2
2026-01-01 07:53:00,40.29,49.96,74.32,6.15,21.98,2,41.74,39.64,36.4,80.32,91.12,91.84,40.55666666666668,81.92,-1.4500000000000028,-6.0,36.43
2026-01-01 07:54:00,39.76,49.07,83.21,7.47,18.43,2,40.29,41.74,39.64,74.32,80.32,91.12,40.59666666666667,79.28333333333332,-0.5300000000000011,8.89,38.34
2026-01-01 07:55:00,36.64,46.64,92.78,7.66,21.26,2,39.76,40.29,41.74,83.21,74.32,80.32,38.896666666666675,83.43666666666667,-3.1199999999999974,9.570000000000007,39.45
2026-01-01 07:56:00,36.45,47.43,92.11,5.93,23.01,2,36.64,39.76,40.29,92.78,83.21,74.32,37.616666666666674,89.36666666666667,-0.18999999999999773,-0.6700000000000017,37.77
2026-01-01 07:57:00,36.2,47.83,95.62,8.86,20.57,2,36.45,36.64,39.76,92.11,92.78,83.21,36.430000000000014,93.50333333333333,-0.25,3.510000000000005,40.34
2026-01-01 07:58:00,36.43,43.49,97.53,5.37,21.64,2,36.2,36.45,36.64,95.62,92.11,92.78,36.36000000000001,95.08666666666666,0.22999999999999687,1.9099999999999966,38.67
2026-01-01 07:59:00,38.34,49.34,113.12,6.54,20.77,2,36.43,36.2,36.45,97.53,95.62,92.11,36.99000000000001,102.08999999999999,1.9100000000000037,15.590000000000003,39.62
2026-01-01 08:00:00,39.45,46.85,117.67,11.11,22.64,2,38.34,36.43,36.2,113.12,97.53,95.62,38.073333333333345,109.44,1.1099999999999994,4.549999999999997,42.71
2026-01-01 08:01:00,37.77,45.91,115.62,10.59,21.47,2,39.45,38.34,36.43,117.67,113.12,97.53,38.52000000000001,115.47000000000001,-1.6799999999999997,-2.049999999999997,39.74
2026-01-01 08:02:00,40.34,45.75,109.59,9.23,20.85,2,37.77,39.45,38.34,115.62,117.67,113.12,39.186666666666675,114.29333333333334,2.5700000000000003,-6.030000000000001,35.22
2026-01-01 08:03:00,38.67,44.95,100.79,6.47,23.96,2,40.34,37.77,39.45,109.59,115.62,117.67,38.92666666666668,108.66666666666667,-1.6700000000000017,-8.799999999999997,35.34
2026-01-01 08:04:00,39.62,46.15,101.74,7.59,23.52,2,38.67,40.34,37.77,100.79,109.59,115.62,39.543333333333344,104.04,0.9499999999999957,0.9499999999999886,38.18
2026-01-01 08:05:00,42.71,48.53,97.82,7.92,21.78,2,39.62,38.67,40.34,101.74,100.79,109.59,40.33333333333334,100.11666666666667,3.0900000000000034,-3.9200000000000017,41.65
2026-01-01 08:06:00,39.74,52.82,90.89,5.33,22.9,2,42.71,39.62,38.67,97.82,101.74,100.79,40.69000000000001,96.81666666666666,-2.969999999999999,-6.929999999999993,39.13
2026-01-01 08:07:00,35.22,46.28,88.38,6.4,22.15,2,39.74,42.71,39.62,90.89,97.82,101.74,39.22333333333334,92.36333333333333,-4.520000000000003,-2.510000000000005,40.61
2026-01-01 08:08:00,35.34,47.72,83.9,8.11,22.32,2,35.22,39.74,42.71,88.38,90.89,97.82,36.76666666666668,87.72333333333331,0.12000000000000455,-4.47999999999999,40.12
2026-01-01 08:09:00,38.18,49.16,93.63,10.1,19.33,2,35.34,35.22,39.74,83.9,88.38,90.89,36.24666666666668,88.63666666666666,2.8399999999999963,9.72999999999999,40.01
2026-01-01 08:10:00,41.65,49.84,98.55,7.75,24.01,2,38.18,35.34,35.22,93.63,83.9,88.38,38.39000000000001,92.02666666666666,3.469999999999999,4.920000000000002,44.58
2026-01-01 08:11:00,39.13,48.54,98.62,9.52,21.19,2,41.65,38.18,35.34,98.55,93.63,83.9,39.65333333333334,96.93333333333334,-2.519999999999996,0.07000000000000739,41.48
2026-01-01 08:12:00,40.61,46.82,106.13,6.15,21.77,2,39.13,41.65,38.18,98.62,98.55,93.63,40.46333333333334,101.10000000000001,1.4799999999999969,7.509999999999991,41.67
2026-01-01 08:13:00,40.12,51.94,106.03,10.0,26.18,2,40.61,39.13,41.65,106.13,98.62,98.55,39.95333333333334,103.59333333333332,-0.490000000000002,-0.09999999999999432,42.02
2026-01-01 08:14:00,40.01,52.62,101.24,7.4,22.65,2,40.12,40.61,39.13,106.03,106.13,98.62,40.24666666666667,104.46666666666665,-0.10999999999999943,-4.790000000000006,42.85
2026-01-01 08:15:00,44.58,47.24,108.76,9.71,22.45,2,40.01,40.12,40.61,101.24,106.03,106.13,41.570000000000014,105.34333333333332,4.57,7.52000000000001,41.44
2026-01-01 08:16:00,41.48,47.47,110.75,9.04,19.16,2,44.58,40.01,40.12,108.76,101.24,106.03,42.02333333333334,106.91666666666667,-3.1000000000000014,1.9899999999999949,41.2
2026-01-01 08:17:00,41.67,49.02,104.7,10.88,24.59,2,41.48,44.58,40.01,110.75,108.76,101.24,42.576666666666675,108.07000000000001,0.19000000000000483,-6.049999999999997,40.68
2026-01-01 08:18:00,42.02,47.78,103.38,7.48,20.55,2,41.67,41.48,44.58,104.7,110.75,108.76,41.72333333333335,106.27666666666669,0.3500000000000014,-1.3200000000000074,40.8
2026-01-01 08:19:00,42.85,51.01,98.73,9.33,21.21,2,42.02,41.67,41.48,103.38,104.7,110.75,42.180000000000014,102.27,0.8299999999999983,-4.6499999999999915,40.17
2026-01-01 08:20:00,41.44,48.05,91.92,7.39,21.96,2,42.85,42.02,41.67,98.73,103.38,104.7,42.103333333333346,98.00999999999999,-1.4100000000000037,-6.810000000000002,40.96
2026-01-01 08:21:00,41.2,53.75,97.19,8.02,24.54,2,41.44,42.85,42.02,91.92,98.73,103.38,41.830000000000005,95.94666666666667,-0.23999999999999488,5.269999999999996,39.82
2026-01-01 08:22:00,40.68,51.62,106.96,8.82,23.48,2,41.2,41.44,42.85,97.19,91.92,98.73,41.106666666666676,98.69,-0.5200000000000031,9.769999999999996,40.02
2026-01-01 08:23:00,40.8,49.71,99.41,7.18,22.11,2,40.68,41.2,41.44,106.96,97.19,91.92,40.893333333333345,101.18666666666667,0.11999999999999744,-7.549999999999997,39.27
2026-01-01 08:24:00,40.17,51.11,102.28,8.67,22.69,2,40.8,40.68,41.2,99.41,106.96,97.19,40.55000000000001,102.88333333333333,-0.6299999999999955,2.8700000000000045,40.59
2026-01-01 08:25:00,40.96,51.55,98.84,8.31,21.47,2,40.17,40.8,40.68,102.28,99.41,106.96,40.64333333333334,100.17666666666668,0.7899999999999991,-3.4399999999999977,39.44
2026-01-01 08:26:00,39.82,47.81,96.5,8.56,22.38,2,40.96,40.17,40.8,98.84,102.28,99.41,40.31666666666667,99.20666666666666,-1.1400000000000006,-2.3400000000000034,36.27
2026-01-01 08:27:00,40.02,47.37,93.82,8.1,22.31,2,39.82,40.96,40.17,96.5,98.84,102.28,40.26666666666668,96.38666666666667,0.20000000000000284,-2.680000000000007,38.8
2026-01-01 08:28:00,39.27,48.9,89.99,8.85,23.52,2,40.02,39.82,40.96,93.82,96.5,98.84,39.70333333333335,93.43666666666665,-0.75,-3.8299999999999983,37.17
2026-01-01 08:29:00,40.59,50.93,91.03,9.12,23.76,2,39.27,40.02,39.82,89.99,93.82,96.5,39.960000000000015,91.61333333333333,1.3200000000000003,1.0400000000000063,36.22
2026-01-01 08:30:00,39.44,49.08,87.6,5.87,22.84,2,40.59,39.27,40.02,91.03,89.99,93.82,39.76666666666668,89.54,-1.1500000000000057,-3.430000000000007,35.57
2026-01-01 08:31:00,36.27,44.54,89.94,8.95,20.98,2,39.44,40.59,39.27,87.6,91.03,89.99,38.76666666666667,89.52333333333333,-3.1699999999999946,2.3400000000000034,38.45
2026-01-01 08:32:00,38.8,46.98,90.49,5.91,23.1,2,36.27,39.44,40.59,89.94,87.6,91.03,38.17000000000001,89.34333333333332,2.529999999999994,0.5499999999999972,35.29
2026-01-01 08:33:00,37.17,47.86,90.06,8.54,21.55,2,38.8,36.27,39.44,90.49,89.94,87.6,37.41333333333334,90.16333333333334,-1.6299999999999955,-0.4299999999999926,40.84
2026-01-01 08:34:00,36.22,47.53,86.32,8.27,19.9,2,37.17,38.8,36.27,90.06,90.49,89.94,37.396666666666675,88.95666666666666,-0.9500000000000028,-3.740000000000009,41.43
2026-01-01 08:35:00,35.57,51.39,84.53,4.32,20.8,2,36.22,37.17,38.8,86.32,90.06,90.49,36.320000000000014,86.96999999999998,-0.6499999999999986,-1.789999999999992,40.88
2026-01-01 08:36:00,38.45,45.68,89.54,7.75,22.05,2,35.57,36.22,37.17,84.53,86.32,90.06,36.74666666666668,86.79666666666667,2.8800000000000026,5.010000000000005,39.56
2026-01-01 08:37:00,35.29,48.36,92.88,7.19,22.72,2,38.45,35.57,36.22,89.54,84.53,86.32,36.436666666666675,88.98333333333333,-3.1600000000000037,3.339999999999989,39.47
2026-01-01 08:38:00,40.84,52.27,88.57,6.39,22.08,2,35.29,38.45,35.57,92.88,89.54,84.53,38.19333333333335,90.33,5.550000000000004,-4.310000000000002,39.59
2026-01-01 08:39:00,41.43,54.04,89.98,9.67,20.64,2,40.84,35.29,38.45,88.57,92.88,89.54,39.186666666666675,90.47666666666667,0.5899999999999963,1.4100000000000108,40.12
2026-01-01 08:40:00,40.88,48.5,94.54,7.06,22.44,2,41.43,40.84,35.29,89.98,88.57,92.88,41.05000000000001,91.03000000000002,-0.5499999999999972,4.560000000000002,40.11
2026-01-01 08:41:00,39.56,49.83,86.63,6.15,22.29,2,40.88,41.43,40.84,94.54,89.98,88.57,40.62333333333334,90.38333333333333,-1.3200000000000003,-7.910000000000011,38.83
2026-01-01 08:42:00,39.47,49.95,90.41,7.8,22.38,2,39.56,40.88,41.43,86.63,94.54,89.98,39.970000000000006,90.52666666666666,-0.09000000000000341,3.780000000000001,37.12
2026-01-01 08:43:00,39.59,49.25,87.87,8.5,23.51,2,39.47,39.56,40.88,90.41,86.63,94.54,39.54000000000001,88.30333333333333,0.12000000000000455,-2.539999999999992,36.23
2026-01-01 08:44:00,40.12,48.84,91.69,7.58,23.75,2,39.59,39.47,39.56,87.87,90.41,86.63,39.72666666666668,89.99000000000001,0.529999999999994,3.819999999999993,35.82
2026-01-01 08:45:00,40.11,49.91,88.54,9.28,21.33,2,40.12,39.59,39.47,91.69,87.87,90.41,39.940000000000005,89.36666666666667,-0.00999999999999801,-3.1499999999999915,37.34
2026-01-01 08:46:00,38.83,43.53,80.43,7.63,21.07,2,40.11,40.12,39.59,88.54,91.69,87.87,39.686666666666675,86.88666666666667,-1.2800000000000011,-8.11,37.87
2026-01-01 08:47:00,37.12,49.35,73.86,3.01,20.12,2,38.83,40.11,40.12,80.43,88.54,91.69,38.686666666666675,80.94333333333334,-1.7100000000000009,-6.570000000000007,32.44
2026-01-01 08:48:00,36.23,47.93,76.19,5.68,22.57,2,37.12,38.83,40.11,73.86,80.43,88.54,37.39333333333334,76.82666666666667,-0.8900000000000006,2.3299999999999983,34.42
2026-01-01 08:49:00,35.82,47.09,79.39,5.91,23.62,2,36.23,37.12,38.83,76.19,73.86,80.43,36.39000000000001,76.48,-0.4099999999999966,3.200000000000003,34.72
2026-01-01 08:50:00,37.34,52.16,76.52,7.22,21.25,2,35.82,36.23,37.12,79.39,76.19,73.86,36.463333333333345,77.36666666666666,1.5200000000000031,-2.8700000000000045,34.53
2026-01-01 08:51:00,37.87,46.91,81.59,3.0,21.45,2,37.34,35.82,36.23,76.52,79.39,76.19,37.01000000000001,79.16666666666667,0.529999999999994,5.070000000000007,34.03
2026-01-01 08:52:00,32.44,45.55,74.76,10.18,23.04,2,37.87,37.34,35.82,81.59,76.52,79.39,35.88333333333335,77.62333333333333,-5.43,-6.829999999999998,35.81
2026-01-01 08:53:00,34.42,51.03,76.45,7.29,21.95,2,32.44,37.87,37.34,74.76,81.59,76.52,34.910000000000004,77.60000000000001,1.980000000000004,1.6899999999999977,36.73
2026-01-01 08:54:00,34.72,45.49,72.28,6.37,21.9,2,34.42,32.44,37.87,76.45,74.76,81.59,33.86000000000001,74.49666666666667,0.29999999999999716,-4.170000000000002,35.26
2026-01-01 08:55:00,34.53,45.99,71.23,7.83,19.43,2,34.72,34.42,32.44,72.28,76.45,74.76,34.55666666666667,73.32000000000001,-0.18999999999999773,-1.0499999999999972,35.99
2026-01-01 08:56:00,34.03,46.61,73.77,9.79,22.14,2,34.53,34.72,34.42,71.23,72.28,76.45,34.42666666666668,72.42666666666666,-0.5,2.539999999999992,34.81
2026-01-01 08:57:00,35.81,49.22,71.57,7.39,20.05,2,34.03,34.53,34.72,73.77,71.23,72.28,34.79000000000001,72.19,1.7800000000000011,-2.200000000000003,33.13
2026-01-01 08:58:00,36.73,48.27,71.92,7.54,19.91,2,35.81,34.03,34.53,71.57,73.77,71.23,35.52333333333335,72.42,0.9199999999999946,0.3500000000000085,33.46
2026-01-01 08:59:00,35.26,44.76,79.2,6.93,20.83,2,36.73,35.81,34.03,71.92,71.57,73.77,35.93333333333334,74.23,-1.4699999999999989,7.280000000000001,36.51
2026-01-01 09:00:00,35.99,46.53,77.98,6.42,20.6,2,35.26,36.73,35.81,79.2,71.92,71.57,35.99333333333334,76.36666666666667,0.730000000000004,-1.2199999999999989,37.8
2026-01-01 09:01:00,34.81,45.97,83.92,6.42,20.93,2,35.99,35.26,36.73,77.98,79.2,71.92,35.353333333333346,80.36666666666666,-1.1799999999999997,5.939999999999998,37.81
2026-01-01 09:02:00,33.13,46.44,79.56,5.52,18.8,2,34.81,35.99,35.26,83.92,77.98,79.2,34.643333333333345,80.48666666666666,-1.6799999999999997,-4.359999999999999,38.46
2026-01-01 09:03:00,33.46,47.56,83.84,6.1,22.46,2,33.13,34.81,35.99,79.56,83.92,77.98,33.80000000000001,82.44000000000001,0.3299999999999983,4.280000000000001,38.59
2026-01-01 09:04:00,36.51,48.61,92.34,5.82,23.26,2,33.46,33.13,34.81,83.84,79.56,83.92,34.366666666666674,85.24666666666667,3.049999999999997,8.5,37.17
2026-01-01 09:05:00,37.8,44.68,80.6,6.74,18.88,2,36.51,33.46,33.13,92.34,83.84,79.56,35.923333333333346,85.59333333333332,1.2899999999999991,-11.740000000000009,37.72
2026-01-01 09:06:00,37.81,50.36,78.16,4.12,23.27,2,37.8,36.51,33.46,80.6,92.34,83.84,37.37333333333334,83.7,0.010000000000005116,-2.4399999999999977,38.75
2026-01-01 09:07:00,38.46,48.97,82.8,7.32,20.71,2,37.81,37.8,36.51,78.16,80.6,92.34,38.02333333333335,80.52,0.6499999999999986,4.640000000000001,39.37
2026-01-01 09:08:00,38.59,51.28,83.16,7.01,23.23,2,38.46,37.81,37.8,82.8,78.16,80.6,38.28666666666668,81.37333333333333,0.13000000000000256,0.35999999999999943,40.91
2026-01-01 09:09:00,37.17,48.9,86.36,7.56,21.59,2,38.59,38.46,37.81,83.16,82.8,78.16,38.073333333333345,84.10666666666667,-1.4200000000000017,3.200000000000003,41.31
2026-01-01 09:10:00,37.72,50.4,84.43,6.39,21.83,2,37.17,38.59,38.46,86.36,83.16,82.8,37.826666666666675,84.64999999999999,0.5499999999999972,-1.9299999999999926,41.19
2026-01-01 09:11:00,38.75,49.49,86.11,11.93,21.7,2,37.72,37.17,38.59,84.43,86.36,83.16,37.88000000000001,85.63333333333334,1.0300000000000011,1.6799999999999926,42.06
2026-01-01 09:12:00,39.37,51.47,86.44,9.39,23.9,2,38.75,37.72,37.17,86.11,84.43,86.36,38.613333333333344,85.66000000000001,0.6199999999999974,0.3299999999999983,40.83
2026-01-01 09:13:00,40.91,50.36,93.37,6.07,20.5,2,39.37,38.75,37.72,86.44,86.11,84.43,39.67666666666668,88.64,1.5399999999999991,6.930000000000007,38.64
2026-01-01 09:14:00,41.31,49.26,95.17,8.44,23.35,2,40.91,39.37,38.75,93.37,86.44,86.11,40.53000000000001,91.66000000000001,0.4000000000000057,1.7999999999999972,38.47
2026-01-01 09:15:00,41.19,53.96,97.24,7.35,24.07,2,41.31,40.91,39.37,95.17,93.37,86.44,41.13666666666668,95.25999999999999,-0.12000000000000455,2.069999999999993,37.38
2026-01-01 09:16:00,42.06,51.5,95.4,6.59,23.64,2,41.19,41.31,40.91,97.24,95.17,93.37,41.52000000000001,95.93666666666667,0.8700000000000045,-1.8399999999999892,36.91
2026-01-01 09:17:00,40.83,50.44,93.33,5.92,25.84,2,42.06,41.19,41.31,95.4,97.24,95.17,41.36000000000001,95.32333333333334,-1.230000000000004,-2.0700000000000074,38.16
2026-01-01 09:18:00,38.64,45.97,91.7,8.44,21.16,2,40.83,42.06,41.19,93.33,95.4,97.24,40.51000000000001,93.47666666666667,-2.1899999999999977,-1.6299999999999955,38.28
2026-01-01 09:19:00,38.47,45.89,94.34,7.0,23.36,2,38.64,40.83,42.06,91.7,93.33,95.4,39.31333333333334,93.12333333333333,-0.1700000000000017,2.6400000000000006,38.91
2026-01-01 09:20:00,37.38,48.67,92.69,9.33,21.57,2,38.47,38.64,40.83,94.34,91.7,93.33,38.16333333333335,92.91000000000001,-1.0899999999999963,-1.6500000000000057,37.33
2026-01-01 09:21:00,36.91,48.21,94.72,9.54,23.49,2,37.38,38.47,38.64,92.69,94.34,91.7,37.58666666666667,93.91666666666667,-0.47000000000000597,2.030000000000001,39.24
2026-01-01 09:22:00,38.16,47.13,105.52,11.03,21.86,2,36.91,37.38,38.47,94.72,92.69,94.34,37.48333333333334,97.64333333333332,1.25,10.799999999999997,39.41
2026-01-01 09:23:00,38.28,48.68,109.44,8.02,21.31,2,38.16,36.91,37.38,105.52,94.72,92.69,37.78333333333334,103.22666666666665,0.12000000000000455,3.9200000000000017,37.94
2026-01-01 09:24:00,38.91,51.8,107.05,9.81,23.96,2,38.28,38.16,36.91,109.44,105.52,94.72,38.45000000000001,107.33666666666666,0.6299999999999955,-2.3900000000000006,38.58
2026-01-01 09:25:00,37.33,49.46,112.49,10.51,20.98,2,38.91,38.28,38.16,107.05,109.44,105.52,38.17333333333334,109.66000000000001,-1.5799999999999983,5.439999999999998,39.38
2026-01-01 09:26:00,39.24,46.45,109.45,8.59,19.94,2,37.33,38.91,38.28,112.49,107.05,109.44,38.49333333333334,109.66333333333334,1.9100000000000037,-3.039999999999992,36.17
2026-01-01 09:27:00,39.41,48.57,98.51,7.22,21.32,2,39.24,37.33,38.91,109.45,112.49,107.05,38.660000000000004,106.81666666666666,0.1699999999999946,-10.939999999999998,36.03
2026-01-01 09:28:00,37.94,46.67,93.58,10.37,22.76,2,39.41,39.24,37.33,98.51,109.45,112.49,38.863333333333344,100.51333333333334,-1.4699999999999989,-4.930000000000007,36.06
2026-01-01 09:29:00,38.58,47.73,84.74,7.54,24.03,2,37.94,39.41,39.24,93.58,98.51,109.45,38.64333333333334,92.27666666666669,0.6400000000000006,-8.840000000000003,35.77
2026-01-01 09:30:00,39.38,47.96,84.21,8.11,22.25,2,38.58,37.94,39.41,84.74,93.58,98.51,38.63333333333334,87.50999999999999,0.8000000000000043,-0.5300000000000011,38.54
2026-01-01 09:31:00,36.17,46.71,85.56,6.04,23.49,2,39.38,38.58,37.94,84.21,84.74,93.58,38.043333333333344,84.83666666666666,-3.210000000000001,1.3500000000000085,38.03
2026-01-01 09:32:00,36.03,45.1,95.1,6.25,19.45,2,36.17,39.38,38.58,85.56,84.21,84.74,37.19333333333335,88.29,-0.14000000000000057,9.539999999999992,37.74
2026-01-01 09:33:00,36.06,47.37,97.13,7.4,20.83,2,36.03,36.17,39.38,95.1,85.56,84.21,36.08666666666668,92.59666666666668,0.030000000000001137,2.030000000000001,35.25
2026-01-01 09:34:00,35.77,46.4,96.26,8.0,21.01,2,36.06,36.03,36.17,97.13,95.1,85.56,35.95333333333335,96.16333333333334,-0.28999999999999915,-0.8699999999999903,37.1
2026-01-01 09:35:00,38.54,42.63,100.71,6.96,21.77,2,35.77,36.06,36.03,96.26,97.13,95.1,36.79000000000001,98.03333333333332,2.769999999999996,4.449999999999989,35.95
2026-01-01 09:36:00,38.03,52.42,89.59,7.6,21.97,2,38.54,35.77,36.06,100.71,96.26,97.13,37.44666666666668,95.52,-0.509999999999998,-11.11999999999999,37.3
2026-01-01 09:37:00,37.74,50.39,91.61,5.25,22.83,2,38.03,38.54,35.77,89.59,100.71,96.26,38.103333333333346,93.96999999999998,-0.28999999999999915,2.019999999999996,38.36
2026-01-01 09:38:00,35.25,46.59,96.13,6.49,20.68,2,37.74,38.03,38.54,91.61,89.59,100.71,37.00666666666668,92.44333333333334,-2.490000000000002,4.519999999999996,40.93
2026-01-01 09:39:00,37.1,48.02,89.05,8.58,21.89,2,35.25,37.74,38.03,96.13,91.61,89.59,36.69666666666668,92.26333333333332,1.8500000000000014,-7.079999999999998,39.39
2026-01-01 09:40:00,35.95,45.24,95.64,9.04,21.4,2,37.1,35.25,37.74,89.05,96.13,91.61,36.10000000000001,93.60666666666667,-1.1499999999999986,6.590000000000003,35.83
2026-01-01 09:41:00,37.3,51.45,97.68,7.72,20.32,2,35.95,37.1,35.25,95.64,89.05,96.13,36.783333333333346,94.12333333333333,1.3499999999999943,2.0400000000000063,38.34
2026-01-01 09:42:00,38.36,52.22,95.79,6.62,21.74,2,37.3,35.95,37.1,97.68,95.64,89.05,37.20333333333334,96.37,1.0600000000000023,-1.8900000000000006,42.18
2026-01-01 09:43:00,40.93,49.64,99.29,6.9,22.15,2,38.36,37.3,35.95,95.79,97.68,95.64,38.863333333333344,97.58666666666666,2.5700000000000003,3.5,43.49
2026-01-01 09:44:00,39.39,50.83,110.7,8.85,21.84,2,40.93,38.36,37.3,99.29,95.79,97.68,39.56000000000001,101.92666666666668,-1.5399999999999991,11.409999999999997,43.07
2026-01-01 09:45:00,35.83,47.89,110.76,10.38,21.5,2,39.39,40.93,38.36,110.7,99.29,95.79,38.716666666666676,106.91666666666667,-3.5600000000000023,0.060000000000002274,41.41
2026-01-01 09:46:00,38.34,45.75,111.14,10.84,22.02,2,35.83,39.39,40.93,110.76,110.7,99.29,37.853333333333346,110.86666666666667,2.510000000000005,0.37999999999999545,42.29
2026-01-01 09:47:00,42.18,48.94,107.95,8.43,21.94,2,38.34,35.83,39.39,111.14,110.76,110.7,38.783333333333346,109.95,3.8399999999999963,-3.1899999999999977,40.01
2026-01-01 09:48:00,43.49,50.49,103.06,7.03,24.74,2,42.18,38.34,35.83,107.95,111.14,110.76,41.33666666666668,107.38333333333333,1.3100000000000023,-4.890000000000001,40.87
2026-01-01 09:49:00,43.07,49.17,106.97,9.49,21.0,2,43.49,42.18,38.34,103.06,107.95,111.14,42.91333333333335,105.99333333333334,-0.4200000000000017,3.9099999999999966,41.58
2026-01-01 09:50:00,41.41,49.06,102.13,7.45,21.37,2,43.07,43.49,42.18,106.97,103.06,107.95,42.65666666666667,104.05333333333333,-1.6600000000000037,-4.840000000000003,43.22
2026-01-01 09:51:00,42.29,49.62,102.32,7.92,26.78,2,41.41,43.07,43.49,102.13,106.97,103.06,42.25666666666667,103.80666666666666,0.8800000000000026,0.18999999999999773,46.6
2026-01-01 09:52:00,40.01,48.84,99.75,10.47,20.64,2,42.29,41.41,43.07,102.32,102.13,106.97,41.23666666666667,101.39999999999999,-2.280000000000001,-2.569999999999993,45.13
2026-01-01 09:53:00,40.87,49.41,102.16,9.92,20.33,2,40.01,42.29,41.41,99.75,102.32,102.13,41.05666666666667,101.41000000000001,0.8599999999999994,2.4099999999999966,42.46
2026-01-01 09:54:00,41.58,47.43,103.66,9.05,23.59,2,40.87,40.01,42.29,102.16,99.75,102.32,40.820000000000014,101.85666666666667,0.7100000000000009,1.5,41.3
2026-01-01 09:55:00,43.22,48.69,108.55,7.32,19.66,2,41.58,40.87,40.01,103.66,102.16,99.75,41.89000000000001,104.79,1.6400000000000006,4.890000000000001,38.53
2026-01-01 09:56:00,46.6,48.74,105.32,9.27,23.04,2,43.22,41.58,40.87,108.55,103.66,102.16,43.80000000000001,105.84333333333332,3.3800000000000026,-3.230000000000004,39.03
2026-01-01 09:57:00,45.13,52.75,103.54,10.4,26.34,2,46.6,43.22,41.58,105.32,108.55,103.66,44.98333333333335,105.80333333333333,-1.4699999999999989,-1.779999999999987,39.82
2026-01-01 09:58:00,42.46,45.65,98.37,7.8,20.32,2,45.13,46.6,43.22,103.54,105.32,108.55,44.73000000000002,102.41000000000001,-2.6700000000000017,-5.170000000000002,40.83
2026-01-01 09:59:00,41.3,51.76,96.27,10.21,19.46,2,42.46,45.13,46.6,98.37,103.54,105.32,42.963333333333345,99.39333333333333,-1.1600000000000037,-2.1000000000000085,43.29
2026-01-01 10:00:00,38.53,51.26,104.86,10.85,19.69,2,41.3,42.46,45.13,96.27,98.37,103.54,40.76333333333334,99.83333333333333,-2.769999999999996,8.590000000000003,43.82
2026-01-01 10:01:00,39.03,48.06,114.66,12.24,23.37,2,38.53,41.3,42.46,104.86,96.27,98.37,39.62000000000001,105.26333333333332,0.5,9.799999999999997,47.94
2026-01-01 10:02:00,39.82,43.73,115.27,10.26,23.86,2,39.03,38.53,41.3,114.66,104.86,96.27,39.12666666666667,111.59666666666668,0.7899999999999991,0.6099999999999994,48.82
2026-01-01 10:03:00,40.83,48.57,124.8,11.49,21.58,2,39.82,39.03,38.53,115.27,114.66,104.86,39.893333333333345,118.24333333333334,1.009999999999998,9.530000000000001,49.1
2026-01-01 10:04:00,43.29,50.02,135.99,13.68,23.82,2,40.83,39.82,39.03,124.8,115.27,114.66,41.31333333333334,125.35333333333334,2.460000000000001,11.190000000000012,48.35
2026-01-01 10:05:00,43.82,48.31,141.58,12.71,24.97,2,43.29,40.83,39.82,135.99,124.8,115.27,42.646666666666675,134.12333333333333,0.5300000000000011,5.590000000000003,49.33
2026-01-01 10:06:00,47.94,50.75,154.04,12.34,26.31,2,43.82,43.29,40.83,141.58,135.99,124.8,45.01666666666667,143.87,4.119999999999997,12.45999999999998,51.36
2026-01-01 10:07:00,48.82,55.15,152.25,12.27,23.42,2,47.94,43.82,43.29,154.04,141.58,135.99,46.860000000000014,149.29,0.8800000000000026,-1.789999999999992,50.24
2026-01-01 10:08:00,49.1,53.51,148.24,12.96,20.39,2,48.82,47.94,43.82,152.25,154.04,141.58,48.62000000000001,151.51,0.28000000000000114,-4.009999999999991,50.04
2026-01-01 10:09:00,48.35,50.07,141.89,10.12,22.47,2,49.1,48.82,47.94,148.24,152.25,154.04,48.75666666666668,147.46,-0.75,-6.350000000000023,50.14
2026-01-01 10:10:00,49.33,49.07,152.42,12.74,23.24,2,48.35,49.1,48.82,141.89,148.24,152.25,48.92666666666668,147.51666666666665,0.9799999999999969,10.530000000000001,49.63
2026-01-01 10:11:00,51.36,52.32,157.9,15.07,23.86,2,49.33,48.35,49.1,152.42,141.89,148.24,49.68000000000001,150.73666666666665,2.030000000000001,5.480000000000018,50.17
2026-01-01 10:12:00,50.24,52.16,159.39,10.26,23.76,2,51.36,49.33,48.35,157.9,152.42,141.89,50.31000000000001,156.57,-1.1199999999999974,1.4899999999999807,51.11
2026-01-01 10:13:00,50.04,53.51,162.44,16.11,25.69,2,50.24,51.36,49.33,159.39,157.9,152.42,50.54666666666668,159.91,-0.20000000000000284,3.0500000000000114,54.04
2026-01-01 10:14:00,50.14,51.48,158.21,15.13,25.94,2,50.04,50.24,51.36,162.44,159.39,157.9,50.14000000000001,160.01333333333332,0.10000000000000142,-4.22999999999999,55.2
2026-01-01 10:15:00,49.63,53.39,172.19,13.95,23.68,2,50.14,50.04,50.24,158.21,162.44,159.39,49.936666666666675,164.28,-0.509999999999998,13.97999999999999,55.92
2026-01-01 10:16:00,50.17,56.43,173.46,15.56,25.68,2,49.63,50.14,50.04,172.19,158.21,162.44,49.98000000000001,167.95333333333335,0.5399999999999991,1.2700000000000102,57.08
2026-01-01 10:17:00,51.11,54.52,174.53,14.84,24.74,2,50.17,49.63,50.14,173.46,172.19,158.21,50.30333333333334,173.39333333333332,0.9399999999999977,1.0699999999999932,56.54
2026-01-01 10:18:00,54.04,53.82,178.59,17.03,24.82,2,51.11,50.17,49.63,174.53,173.46,172.19,51.77333333333335,175.52666666666667,2.9299999999999997,4.060000000000002,57.63
2026-01-01 10:19:00,55.2,53.95,181.11,16.87,26.3,2,54.04,51.11,50.17,178.59,174.53,173.46,53.45000000000001,178.07666666666668,1.1600000000000037,2.5200000000000102,58.01
2026-01-01 10:20:00,55.92,53.86,182.14,13.38,25.17,2,55.2,54.04,51.11,181.11,178.59,174.53,55.05333333333334,180.61333333333334,0.7199999999999989,1.0299999999999727,59.28
2026-01-01 10:21:00,57.08,57.34,178.02,16.01,28.36,2,55.92,55.2,54.04,182.14,181.11,178.59,56.066666666666684,180.42333333333332,1.1599999999999966,-4.119999999999976,58.53
2026-01-01 10:22:00,56.54,53.53,180.53,15.04,23.02,2,57.08,55.92,55.2,178.02,182.14,181.11,56.51333333333334,180.23000000000002,-0.5399999999999991,2.509999999999991,54.81
2026-01-01 10:23:00,57.63,55.26,189.9,16.27,24.6,2,56.54,57.08,55.92,180.53,178.02,182.14,57.08333333333334,182.8166666666667,1.0900000000000034,9.370000000000005,55.74
2026-01-01 10:24:00,58.01,55.41,195.84,15.55,25.25,2,57.63,56.54,57.08,189.9,180.53,178.02,57.393333333333345,188.75666666666666,0.37999999999999545,5.939999999999998,58.64
2026-01-01 10:25:00,59.28,54.75,202.54,19.84,26.33,2,58.01,57.63,56.54,195.84,189.9,180.53,58.30666666666668,196.09333333333333,1.2700000000000031,6.699999999999989,60.11
2026-01-01 10:26:00,58.53,52.74,198.18,18.41,27.44,2,59.28,58.01,57.63,202.54,195.84,189.9,58.606666666666676,198.85333333333335,-0.75,-4.359999999999985,60.45
2026-01-01 10:27:00,54.81,54.83,191.77,15.19,24.83,2,58.53,59.28,58.01,198.18,202.54,195.84,57.54000000000001,197.49666666666667,-3.719999999999999,-6.409999999999997,61.59
2026-01-01 10:28:00,55.74,54.39,190.2,14.17,22.9,2,54.81,58.53,59.28,191.77,198.18,202.54,56.360000000000014,193.38333333333335,0.9299999999999997,-1.5700000000000216,60.49
2026-01-01 10:29:00,58.64,56.53,189.67,15.54,26.82,2,55.74,54.81,58.53,190.2,191.77,198.18,56.39666666666668,190.54666666666665,2.8999999999999986,-0.5300000000000011,59.72
2026-01-01 10:30:00,60.11,54.97,194.36,17.17,26.95,2,58.64,55.74,54.81,189.67,190.2,191.77,58.16333333333335,191.41,1.4699999999999989,4.690000000000026,57.61
2026-01-01 10:31:00,60.45,58.6,184.75,16.06,22.97,2,60.11,58.64,55.74,194.36,189.67,190.2,59.73333333333335,189.59333333333333,0.3400000000000034,-9.610000000000014,56.1
2026-01-01 10:32:00,61.59,54.8,192.02,18.2,26.08,2,60.45,60.11,58.64,184.75,194.36,189.67,60.716666666666676,190.3766666666667,1.1400000000000006,7.27000000000001,56.84
2026-01-01 10:33:00,60.49,59.59,190.27,17.36,23.5,2,61.59,60.45,60.11,192.02,184.75,194.36,60.84333333333334,189.01333333333335,-1.1000000000000014,-1.75,58.25
2026-01-01 10:34:00,59.72,52.41,187.31,17.38,24.75,2,60.49,61.59,60.45,190.27,192.02,184.75,60.600000000000016,189.86666666666667,-0.7700000000000031,-2.960000000000008,56.7
2026-01-01 10:35:00,57.61,56.03,181.67,15.93,24.02,2,59.72,60.49,61.59,187.31,190.27,192.02,59.27333333333334,186.41666666666666,-2.1099999999999994,-5.640000000000015,54.82
2026-01-01 10:36:00,56.1,55.59,173.26,12.64,26.31,2,57.61,59.72,60.49,181.67,187.31,190.27,57.81,180.74666666666667,-1.509999999999998,-8.409999999999997,54.23
2026-01-01 10:37:00,56.84,53.3,177.91,14.83,25.41,2,56.1,57.61,59.72,173.26,181.67,187.31,56.85,177.61333333333332,0.740000000000002,4.650000000000006,55.42
2026-01-01 10:38:00,58.25,56.23,178.45,16.76,23.56,2,56.84,56.1,57.61,177.91,173.26,181.67,57.063333333333354,176.54,1.4099999999999966,0.539999999999992,53.05
2026-01-01 10:39:00,56.7,57.4,172.12,14.55,26.53,2,58.25,56.84,56.1,178.45,177.91,173.26,57.26333333333334,176.16,-1.5499999999999972,-6.329999999999984,49.75
2026-01-01 10:40:00,54.82,49.75,166.28,14.89,22.72,2,56.7,58.25,56.84,172.12,178.45,177.91,56.59000000000001,172.28333333333333,-1.8800000000000026,-5.840000000000003,50.2
2026-01-01 10:41:00,54.23,54.99,165.7,13.61,25.26,2,54.82,56.7,58.25,166.28,172.12,178.45,55.25000000000001,168.03333333333333,-0.5900000000000034,-0.5800000000000125,49.47
2026-01-01 10:42:00,55.42,49.41,175.19,13.35,23.75,2,54.23,54.82,56.7,165.7,166.28,172.12,54.823333333333345,169.05666666666667,1.1900000000000048,9.490000000000009,49.19
2026-01-01 10:43:00,53.05,51.64,174.27,14.63,24.0,2,55.42,54.23,54.82,175.19,165.7,166.28,54.23333333333335,171.72,-2.3700000000000045,-0.9199999999999875,49.68
2026-01-01 10:44:00,49.75,55.67,167.22,14.68,24.71,2,53.05,55.42,54.23,174.27,175.19,165.7,52.74000000000001,172.2266666666667,-3.299999999999997,-7.050000000000011,49.59
2026-01-01 10:45:00,50.2,51.41,167.01,13.21,24.82,2,49.75,53.05,55.42,167.22,174.27,175.19,51.00000000000001,169.5,0.45000000000000284,-0.21000000000000796,52.76
2026-01-01 10:46:00,49.47,49.97,166.68,13.81,25.91,2,50.2,49.75,53.05,167.01,167.22,174.27,49.80666666666667,166.97,-0.730000000000004,-0.3299999999999841,53.88
2026-01-01 10:47:00,49.19,51.82,154.27,11.7,23.73,2,49.47,50.2,49.75,166.68,167.01,167.22,49.620000000000005,162.65333333333334,-0.28000000000000114,-12.409999999999997,55.01
2026-01-01 10:48:00,49.68,56.52,156.05,14.94,24.4,2,49.19,49.47,50.2,154.27,166.68,167.01,49.44666666666668,159.0,0.490000000000002,1.7800000000000011,56.13
2026-01-01 10:49:00,49.59,48.69,156.81,12.89,23.27,2,49.68,49.19,49.47,156.05,154.27,166.68,49.48666666666668,155.71,-0.0899999999999963,0.7599999999999909,53.85
2026-01-01 10:50:00,52.76,51.36,162.15,15.96,24.77,2,49.59,49.68,49.19,156.81,156.05,154.27,50.67666666666668,158.33666666666667,3.1699999999999946,5.340000000000003,56.57
2026-01-01 10:51:00,53.88,56.85,172.82,16.98,25.36,2,52.76,49.59,49.68,162.15,156.81,156.05,52.076666666666675,163.92666666666668,1.1200000000000045,10.669999999999987,56.66
2026-01-01 10:52:00,55.01,57.97,179.03,15.1,24.75,2,53.88,52.76,49.59,172.82,162.15,156.81,53.88333333333335,171.33333333333334,1.1299999999999955,6.210000000000008,57.8
2026-01-01 10:53:00,56.13,54.44,177.76,13.6,22.4,2,55.01,53.88,52.76,179.03,172.82,162.15,55.00666666666668,176.53666666666666,1.1200000000000045,-1.2700000000000102,55.9
2026-01-01 10:54:00,53.85,51.37,172.41,11.53,25.19,2,56.13,55.01,53.88,177.76,179.03,172.82,54.99666666666668,176.4,-2.280000000000001,-5.349999999999994,53.98
2026-01-01 10:55:00,56.57,58.99,185.88,13.59,25.73,2,53.85,56.13,55.01,172.41,177.76,179.03,55.51666666666668,178.6833333333333,2.719999999999999,13.469999999999999,56.21
2026-01-01 10:56:00,56.66,58.02,185.71,13.72,24.18,2,56.57,53.85,56.13,185.88,172.41,177.76,55.69333333333335,181.33333333333334,0.0899999999999963,-0.1699999999999875,56.77
2026-01-01 10:57:00,57.8,56.59,185.32,17.82,23.48,2,56.66,56.57,53.85,185.71,185.88,172.41,57.01000000000001,185.63666666666666,1.1400000000000006,-0.3900000000000148,55.02
2026-01-01 10:58:00,55.9,52.94,184.78,15.88,27.28,2,57.8,56.66,56.57,185.32,185.71,185.88,56.78666666666667,185.26999999999998,-1.8999999999999986,-0.539999999999992,53.93
2026-01-01 10:59:00,53.98,53.8,185.38,16.34,25.45,2,55.9,57.8,56.66,184.78,185.32,185.71,55.893333333333345,185.16,-1.9200000000000017,0.5999999999999943,56.04
2026-01-01 11:00:00,56.21,54.35,184.23,12.33,24.77,2,53.98,55.9,57.8,185.38,184.78,185.32,55.363333333333344,184.79666666666665,2.230000000000004,-1.1500000000000057,53.71
2026-01-01 11:01:00,56.77,55.53,181.02,13.59,23.51,2,56.21,53.98,55.9,184.23,185.38,184.78,55.65333333333334,183.54333333333332,0.5600000000000023,-3.2099999999999795,56.52
2026-01-01 11:02:00,55.02,57.16,178.21,16.48,23.67,2,56.77,56.21,53.98,181.02,184.23,185.38,56.00000000000002,181.15333333333334,-1.75,-2.8100000000000023,54.48
2026-01-01 11:03:00,53.93,55.64,178.19,15.58,26.66,2,55.02,56.77,56.21,178.21,181.02,184.23,55.24000000000001,179.14,-1.0900000000000034,-0.020000000000010232,56.03
2026-01-01 11:04:00,56.04,52.46,175.62,14.71,25.29,2,53.93,55.02,56.77,178.19,178.21,181.02,54.99666666666667,177.34,2.1099999999999994,-2.569999999999993,54.66
2026-01-01 11:05:00,53.71,56.55,172.4,15.5,23.84,2,56.04,53.93,55.02,175.62,178.19,178.21,54.56000000000001,175.40333333333334,-2.3299999999999983,-3.219999999999999,55.61
2026-01-01 11:06:00,56.52,55.41,173.54,17.2,25.94,2,53.71,56.04,53.93,172.4,175.62,178.19,55.423333333333346,173.85333333333335,2.8100000000000023,1.1399999999999864,54.98
2026-01-01 11:07:00,54.48,55.44,172.78,14.36,23.59,2,56.52,53.71,56.04,173.54,172.4,175.62,54.90333333333334,172.90666666666667,-2.0400000000000063,-0.7599999999999909,54.42
2026-01-01 11:08:00,56.03,57.54,180.88,15.48,27.34,2,54.48,56.52,53.71,172.78,173.54,172.4,55.67666666666668,175.73333333333335,1.5500000000000043,8.099999999999994,54.29
2026-01-01 11:09:00,54.66,51.91,167.56,14.53,26.87,2,56.03,54.48,56.52,180.88,172.78,173.54,55.05666666666667,173.74,-1.3700000000000045,-13.319999999999993,52.57
2026-01-01 11:10:00,55.61,54.39,174.01,18.38,24.31,2,54.66,56.03,54.48,167.56,180.88,172.78,55.433333333333344,174.15,0.9500000000000028,6.449999999999989,53.64
2026-01-01 11:11:00,54.98,53.18,180.72,12.21,23.95,2,55.61,54.66,56.03,174.01,167.56,180.88,55.08333333333334,174.09666666666666,-0.6300000000000026,6.710000000000008,52.28
2026-01-01 11:12:00,54.42,50.91,170.29,15.5,20.87,2,54.98,55.61,54.66,180.72,174.01,167.56,55.00333333333335,175.00666666666666,-0.5599999999999952,-10.430000000000007,51.55
2026-01-01 11:13:00,54.29,54.69,169.36,14.22,22.55,2,54.42,54.98,55.61,170.29,180.72,174.01,54.56333333333334,173.45666666666668,-0.13000000000000256,-0.9299999999999784,50.67
2026-01-01 11:14:00,52.57,58.42,168.35,15.16,22.45,2,54.29,54.42,54.98,169.36,170.29,180.72,53.76000000000001,169.33333333333334,-1.7199999999999989,-1.0100000000000193,48.15
2026-01-01 11:15:00,53.64,50.09,162.25,12.8,24.86,2,52.57,54.29,54.42,168.35,169.36,170.29,53.50000000000001,166.65333333333334,1.0700000000000003,-6.099999999999994,50.56
2026-01-01 11:16:00,52.28,53.23,159.78,13.51,23.92,2,53.64,52.57,54.29,162.25,168.35,169.36,52.83000000000001,163.46,-1.3599999999999994,-2.469999999999999,56.29
2026-01-01 11:17:00,51.55,54.32,155.84,14.31,22.26,2,52.28,53.64,52.57,159.78,162.25,168.35,52.49000000000001,159.29,-0.730000000000004,-3.9399999999999977,57.16
2026-01-01 11:18:00,50.67,52.98,166.54,18.82,23.7,2,51.55,52.28,53.64,155.84,159.78,162.25,51.50000000000001,160.72,-0.8799999999999955,10.699999999999989,56.35
2026-01-01 11:19:00,48.15,51.63,172.29,15.86,24.43,2,50.67,51.55,52.28,166.54,155.84,159.78,50.12333333333334,164.89,-2.520000000000003,5.75,55.66
2026-01-01 11:20:00,50.56,50.1,179.27,13.97,24.89,2,48.15,50.67,51.55,172.29,166.54,155.84,49.793333333333344,172.69999999999996,2.4100000000000037,6.980000000000018,55.23
2026-01-01 11:21:00,56.29,55.17,182.93,14.91,22.28,2,50.56,48.15,50.67,179.27,172.29,166.54,51.66666666666668,178.16333333333333,5.729999999999997,3.6599999999999966,56.03
2026-01-01 11:22:00,57.16,53.49,177.05,14.37,25.1,2,56.29,50.56,48.15,182.93,179.27,172.29,54.67000000000001,179.75,0.8699999999999974,-5.8799999999999955,53.9
2026-01-01 11:23:00,56.35,50.34,174.67,12.15,23.07,2,57.16,56.29,50.56,177.05,182.93,179.27,56.6,178.21666666666667,-0.8099999999999952,-2.380000000000024,55.85
2026-01-01 11:24:00,55.66,56.87,177.54,14.6,26.37,2,56.35,57.16,56.29,174.67,177.05,182.93,56.39000000000001,176.42,-0.6900000000000048,2.8700000000000045,56.81
2026-01-01 11:25:00,55.23,56.25,171.63,15.69,26.12,2,55.66,56.35,57.16,177.54,174.67,177.05,55.74666666666667,174.61333333333332,-0.4299999999999997,-5.909999999999997,57.6
2026-01-01 11:26:00,56.03,54.71,175.86,13.04,23.74,2,55.23,55.66,56.35,171.63,177.54,174.67,55.64000000000001,175.01,0.8000000000000043,4.230000000000018,57.57
2026-01-01 11:27:00,53.9,54.32,174.99,16.45,23.55,2,56.03,55.23,55.66,175.86,171.63,177.54,55.05333333333334,174.16,-2.1300000000000026,-0.8700000000000045,57.34
2026-01-01 11:28:00,55.85,56.7,173.52,15.48,24.36,2,53.9,56.03,55.23,174.99,175.86,171.63,55.26000000000001,174.79,1.9500000000000028,-1.4699999999999989,57.77
2026-01-01 11:29:00,56.81,55.33,177.59,13.99,21.85,2,55.85,53.9,56.03,173.52,174.99,175.86,55.52000000000001,175.36666666666667,0.9600000000000009,4.069999999999993,58.15
2026-01-01 11:30:00,57.6,56.97,180.0,15.09,25.87,2,56.81,55.85,53.9,177.59,173.52,174.99,56.75333333333334,177.03666666666666,0.7899999999999991,2.4099999999999966,57.18
2026-01-01 11:31:00,57.57,54.56,178.2,17.54,24.95,2,57.6,56.81,55.85,180.0,177.59,173.52,57.326666666666675,178.59666666666666,-0.030000000000001137,-1.8000000000000114,56.08
2026-01-01 11:32:00,57.34,57.69,184.14,16.75,26.78,2,57.57,57.6,56.81,178.2,180.0,177.59,57.50333333333335,180.77999999999997,-0.22999999999999687,5.939999999999998,56.49
2026-01-01 11:33:00,57.77,55.86,178.4,15.18,23.75,2,57.34,57.57,57.6,184.14,178.2,180.0,57.56000000000001,180.24666666666667,0.4299999999999997,-5.739999999999981,58.46
2026-01-01 11:34:00,58.15,55.74,181.61,15.08,24.54,2,57.77,57.34,57.57,178.4,184.14,178.2,57.75333333333335,181.38333333333333,0.37999999999999545,3.210000000000008,55.89
2026-01-01 11:35:00,57.18,52.47,184.45,15.79,23.03,2,58.15,57.77,57.34,181.61,178.4,184.14,57.70000000000001,181.48666666666668,-0.9699999999999989,2.839999999999975,53.81
2026-01-01 11:36:00,56.08,55.2,182.54,14.75,23.59,2,57.18,58.15,57.77,184.45,181.61,178.4,57.13666666666668,182.86666666666667,-1.1000000000000014,-1.9099999999999966,54.71
2026-01-01 11:37:00,56.49,53.11,183.97,12.48,23.39,2,56.08,57.18,58.15,182.54,184.45,181.61,56.58333333333334,183.65333333333334,0.4100000000000037,1.4300000000000068,55.5
2026-01-01 11:38:00,58.46,54.18,177.4,18.14,27.02,2,56.49,56.08,57.18,183.97,182.54,184.45,57.01000000000001,181.3033333333333,1.9699999999999989,-6.569999999999993,55.94
2026-01-01 11:39:00,55.89,52.93,182.23,15.72,24.01,2,58.46,56.49,56.08,177.4,183.97,182.54,56.94666666666668,181.20000000000002,-2.5700000000000003,4.829999999999984,55.83
2026-01-01 11:40:00,53.81,51.7,181.12,15.99,24.87,2,55.89,58.46,56.49,182.23,177.4,183.97,56.05333333333334,180.25,-2.0799999999999983,-1.1099999999999852,54.55
2026-01-01 11:41:00,54.71,58.4,178.42,15.08,24.28,2,53.81,55.89,58.46,181.12,182.23,177.4,54.80333333333334,180.59,0.8999999999999986,-2.700000000000017,56.59
2026-01-01 11:42:00,55.5,57.09,183.79,14.52,23.09,2,54.71,53.81,55.89,178.42,181.12,182.23,54.673333333333346,181.10999999999999,0.7899999999999991,5.3700000000000045,52.88
2026-01-01 11:43:00,55.94,58.42,179.97,15.02,24.82,2,55.5,54.71,53.81,183.79,178.42,181.12,55.38333333333335,180.72666666666666,0.4399999999999977,-3.819999999999993,52.33
2026-01-01 11:44:00,55.83,52.09,172.93,12.3,25.95,2,55.94,55.5,54.71,179.97,183.79,178.42,55.75666666666668,178.89666666666668,-0.10999999999999943,-7.039999999999992,52.37
2026-01-01 11:45:00,54.55,54.24,165.71,17.5,23.01,2,55.83,55.94,55.5,172.93,179.97,183.79,55.440000000000005,172.87,-1.2800000000000011,-7.219999999999999,50.76
2026-01-01 11:46:00,56.59,52.22,169.88,12.59,26.4,2,54.55,55.83,55.94,165.71,172.93,179.97,55.65666666666667,169.50666666666666,2.0400000000000063,4.1699999999999875,52.02
2026-01-01 11:47:00,52.88,52.12,164.29,12.42,23.24,2,56.59,54.55,55.83,169.88,165.71,172.93,54.673333333333346,166.62666666666667,-3.710000000000001,-5.590000000000003,55.59
2026-01-01 11:48:00,52.33,51.48,174.32,14.16,23.7,2,52.88,56.59,54.55,164.29,169.88,165.71,53.933333333333344,169.49666666666664,-0.5500000000000043,10.030000000000001,55.29
2026-01-01 11:49:00,52.37,55.81,164.37,15.9,25.22,2,52.33,52.88,56.59,174.32,164.29,169.88,52.52666666666668,167.66,0.03999999999999915,-9.949999999999989,55.58
2026-01-01 11:50:00,50.76,51.97,174.1,14.82,23.14,2,52.37,52.33,52.88,164.37,174.32,164.29,51.820000000000014,170.92999999999998,-1.6099999999999994,9.72999999999999,53.54
2026-01-01 11:51:00,52.02,55.35,175.63,13.07,24.42,2,50.76,52.37,52.33,174.1,164.37,174.32,51.716666666666676,171.36666666666667,1.2600000000000051,1.5300000000000011,53.6
2026-01-01 11:52:00,55.59,55.67,175.49,16.8,24.53,2,52.02,50.76,52.37,175.63,174.1,164.37,52.79000000000001,175.07333333333335,3.5700000000000003,-0.13999999999998636,54.02
2026-01-01 11:53:00,55.29,58.96,173.13,15.81,25.15,2,55.59,52.02,50.76,175.49,175.63,174.1,54.30000000000001,174.75,-0.30000000000000426,-2.3600000000000136,54.43
2026-01-01 11:54:00,55.58,51.49,175.67,15.74,21.43,2,55.29,55.59,52.02,173.13,175.49,175.63,55.48666666666668,174.76333333333332,0.28999999999999915,2.539999999999992,56.95
2026-01-01 11:55:00,53.54,56.26,175.83,16.02,21.89,2,55.58,55.29,55.59,175.67,173.13,175.49,54.80333333333334,174.87666666666667,-2.039999999999999,0.160000000000025,57.48
2026-01-01 11:56:00,53.6,56.05,181.68,19.03,25.57,2,53.54,55.58,55.29,175.83,175.67,173.13,54.24000000000001,177.72666666666666,0.060000000000002274,5.849999999999994,56.82
2026-01-01 11:57:00,54.02,51.96,182.12,18.76,26.28,2,53.6,53.54,55.58,181.68,175.83,175.67,53.720000000000006,179.87666666666667,0.4200000000000017,0.4399999999999977,59.22
2026-01-01 11:58:00,54.43,56.06,182.7,14.5,23.43,2,54.02,53.6,53.54,182.12,181.68,175.83,54.01666666666668,182.16666666666666,0.4099999999999966,0.5799999999999841,62.13
2026-01-01 11:59:00,56.95,55.6,180.67,17.79,24.88,2,54.43,54.02,53.6,182.7,182.12,181.68,55.13333333333335,181.83,2.520000000000003,-2.030000000000001,66.71
2026-01-01 12:00:00,57.48,54.66,180.33,15.9,25.79,2,56.95,54.43,54.02,180.67,182.7,182.12,56.28666666666667,181.23333333333335,0.529999999999994,-0.339999999999975,71.86
2026-01-01 12:01:00,56.82,53.24,201.84,17.91,26.27,2,57.48,56.95,54.43,180.33,180.67,182.7,57.08333333333334,187.61333333333332,-0.6599999999999966,21.50999999999999,72.69
2026-01-01 12:02:00,59.22,54.29,213.14,15.58,22.62,2,56.82,57.48,56.95,201.84,180.33,180.67,57.84000000000001,198.43666666666664,2.3999999999999986,11.299999999999983,74.98
2026-01-01 12:03:00,62.13,60.84,226.95,19.04,24.85,2,59.22,56.82,57.48,213.14,201.84,180.33,59.39000000000001,213.97666666666666,2.9100000000000037,13.810000000000002,77.35
2026-01-01 12:04:00,66.71,58.35,251.71,20.18,26.51,2,62.13,59.22,56.82,226.95,213.14,201.84,62.686666666666675,230.6,4.579999999999991,24.76000000000002,81.67
2026-01-01 12:05:00,71.86,61.72,273.23,24.47,29.64,2,66.71,62.13,59.22,251.71,226.95,213.14,66.90000000000002,250.63,5.150000000000006,21.52000000000001,86.69
2026-01-01 12:06:00,72.69,58.86,292.85,26.5,32.77,2,71.86,66.71,62.13,273.23,251.71,226.95,70.42000000000002,272.5966666666667,0.8299999999999983,19.620000000000005,92.25
2026-01-01 12:07:00,74.98,59.68,313.51,23.54,29.9,2,72.69,71.86,66.71,292.85,273.23,251.71,73.17666666666668,293.19666666666666,2.2900000000000063,20.659999999999968,95.38
2026-01-01 12:08:00,77.35,64.24,335.77,28.51,29.39,2,74.98,72.69,71.86,313.51,292.85,273.23,75.00666666666667,314.04333333333335,2.3699999999999903,22.25999999999999,98.0
2026-01-01 12:09:00,81.67,60.88,353.41,31.72,34.39,3,77.35,74.98,72.69,335.77,313.51,292.85,78.00000000000001,334.23,4.320000000000007,17.640000000000043,98.0
2026-01-01 12:10:00,86.69,64.51,370.05,31.17,38.43,3,81.67,77.35,74.98,353.41,335.77,313.51,81.90333333333335,353.07666666666665,5.019999999999996,16.639999999999986,98.0
2026-01-01 12:11:00,92.25,67.36,391.82,34.4,39.56,3,86.69,81.67,77.35,370.05,353.41,335.77,86.87,371.76,5.560000000000002,21.769999999999982,98.0
2026-01-01 12:12:00,95.38,68.61,407.58,35.17,39.69,3,92.25,86.69,81.67,391.82,370.05,353.41,91.44,389.8166666666666,3.1299999999999955,15.759999999999991,98.0
2026-01-01 12:13:00,98.0,68.94,430.62,37.12,43.88,3,95.38,92.25,86.69,407.58,391.82,370.05,95.21,410.00666666666666,2.6200000000000045,23.04000000000002,98.0
2026-01-01 12:14:00,98.0,70.09,442.86,37.24,43.44,3,98.0,95.38,92.25,430.62,407.58,391.82,97.12666666666667,427.02,0.0,12.240000000000009,98.0
2026-01-01 12:15:00,98.0,70.69,469.37,38.07,40.9,3,98.0,98.0,95.38,442.86,430.62,407.58,98.0,447.6166666666666,0.0,26.50999999999999,98.0
2026-01-01 12:16:00,98.0,70.77,492.59,40.19,43.01,3,98.0,98.0,98.0,469.37,442.86,430.62,98.0,468.2733333333333,0.0,23.21999999999997,98.0
2026-01-01 12:17:00,98.0,67.33,500.0,43.56,43.94,3,98.0,98.0,98.0,492.59,469.37,442.86,98.0,487.32,0.0,7.410000000000025,98.0
2026-01-01 12:18:00,98.0,68.73,500.0,42.53,44.21,3,98.0,98.0,98.0,500.0,492.59,469.37,98.0,497.53,0.0,0.0,98.0
2026-01-01 12:19:00,98.0,71.69,500.0,42.29,42.34,3,98.0,98.0,98.0,500.0,500.0,492.59,98.0,500.0,0.0,0.0,98.0
2026-01-01 12:20:00,98.0,71.09,500.0,41.86,41.9,3,98.0,98.0,98.0,500.0,500.0,500.0,98.0,500.0,0.0,0.0,98.0
2026-01-01 12:21:00,98.0,66.55,500.0,42.04,44.28,3,98.0,98.0,98.0,500.0,500.0,500.0,98.0,500.0,0.0,0.0,98.0
2026-01-01 12:22:00,98.0,70.0,500.0,44.07,40.62,3,98.0,98.0,98.0,500.0,500.0,500.0,98.0,500.0,0.0,0.0,98.0
2026-01-01 12:23:00,98.0,65.34,500.0,42.0,43.1,3,98.0,98.0,98.0,500.0,500.0,500.0,98.0,500.0,0.0,0.0,98.0
2026-01-01 12:24:00,98.0,69.39,493.68,39.95,40.38,3,98.0,98.0,98.0,500.0,500.0,500.0,98.0,497.8933333333334,0.0,-6.319999999999993,98.0
2026-01-01 12:25:00,98.0,73.1,476.78,41.64,44.04,3,98.0,98.0,98.0,493.68,500.0,500.0,98.0,490.15333333333336,0.0,-16.900000000000034,98.0
2026-01-01 12:26:00,98.0,67.4,453.41,38.23,42.05,3,98.0,98.0,98.0,476.78,493.68,500.0,98.0,474.6233333333334,0.0,-23.369999999999948,93.74
2026-01-01 12:27:00,98.0,67.63,434.87,37.01,44.34,3,98.0,98.0,98.0,453.41,476.78,493.68,98.0,455.02,0.0,-18.54000000000002,90.64
2026-01-01 12:28:00,98.0,70.83,411.5,37.39,43.18,3,98.0,98.0,98.0,434.87,453.41,476.78,98.0,433.26,0.0,-23.370000000000005,89.37
2026-01-01 12:29:00,98.0,66.21,389.12,33.04,40.61,3,98.0,98.0,98.0,411.5,434.87,453.41,98.0,411.83,0.0,-22.379999999999995,82.6
2026-01-01 12:30:00,98.0,68.03,362.96,31.29,44.58,3,98.0,98.0,98.0,389.12,411.5,434.87,98.0,387.85999999999996,0.0,-26.160000000000025,78.9
2026-01-01 12:31:00,93.74,69.0,339.71,27.11,42.51,3,98.0,98.0,98.0,362.96,389.12,411.5,96.58,363.93,-4.260000000000005,-23.25,74.88
2026-01-01 12:32:00,90.64,65.46,314.57,26.41,39.86,3,93.74,98.0,98.0,339.71,362.96,389.12,94.12666666666667,339.08,-3.0999999999999943,-25.139999999999986,72.72
2026-01-01 12:33:00,89.37,65.81,291.73,25.71,36.73,3,90.64,93.74,98.0,314.57,339.71,362.96,91.25,315.33666666666664,-1.269999999999996,-22.839999999999975,69.4
2026-01-01 12:34:00,82.6,65.4,279.26,21.4,33.82,3,89.37,90.64,93.74,291.73,314.57,339.71,87.53666666666668,295.18666666666667,-6.77000000000001,-12.470000000000027,64.58
2026-01-01 12:35:00,78.9,63.46,256.17,22.08,32.54,2,82.6,89.37,90.64,279.26,291.73,314.57,83.62333333333335,275.72,-3.6999999999999886,-23.089999999999975,62.02
2026-01-01 12:36:00,74.88,61.74,251.24,21.51,29.13,2,78.9,82.6,89.37,256.17,279.26,291.73,78.79333333333335,262.22333333333336,-4.02000000000001,-4.930000000000007,62.16
2026-01-01 12:37:00,72.72,59.77,234.41,19.99,31.58,2,74.88,78.9,82.6,251.24,256.17,279.26,75.5,247.27333333333334,-2.1599999999999966,-16.830000000000013,59.34
2026-01-01 12:38:00,69.4,60.03,215.78,19.9,27.71,2,72.72,74.88,78.9,234.41,251.24,256.17,72.33333333333336,233.81000000000003,-3.319999999999993,-18.629999999999995,59.8
2026-01-01 12:39:00,64.58,57.35,191.82,16.81,22.57,2,69.4,72.72,74.88,215.78,234.41,251.24,68.90000000000002,214.00333333333333,-4.820000000000007,-23.960000000000008,57.0
2026-01-01 12:40:00,62.02,57.62,175.98,17.18,26.67,2,64.58,69.4,72.72,191.82,215.78,234.41,65.33333333333334,194.52666666666667,-2.559999999999995,-15.840000000000003,56.05
2026-01-01 12:41:00,62.16,55.76,173.42,13.25,25.67,2,62.02,64.58,69.4,175.98,191.82,215.78,62.92000000000001,180.40666666666667,0.13999999999999346,-2.5600000000000023,57.26
2026-01-01 12:42:00,59.34,55.4,174.56,15.04,25.57,2,62.16,62.02,64.58,173.42,175.98,191.82,61.173333333333346,174.65333333333334,-2.819999999999993,1.1400000000000148,59.51
2026-01-01 12:43:00,59.8,53.95,187.79,16.09,25.21,2,59.34,62.16,62.02,174.56,173.42,175.98,60.43333333333334,178.59,0.45999999999999375,13.22999999999999,59.86
2026-01-01 12:44:00,57.0,54.88,186.69,14.26,26.47,2,59.8,59.34,62.16,187.79,174.56,173.42,58.71333333333334,183.01333333333332,-2.799999999999997,-1.0999999999999943,58.79
2026-01-01 12:45:00,56.05,52.99,191.9,17.75,26.77,2,57.0,59.8,59.34,186.69,187.79,174.56,57.616666666666674,188.79333333333332,-0.9500000000000028,5.210000000000008,59.13
2026-01-01 12:46:00,57.26,52.81,187.43,19.42,25.73,2,56.05,57.0,59.8,191.9,186.69,187.79,56.77000000000001,188.67333333333332,1.2100000000000009,-4.469999999999999,57.62
2026-01-01 12:47:00,59.51,56.35,186.66,15.84,25.2,2,57.26,56.05,57.0,187.43,191.9,186.69,57.606666666666676,188.66333333333333,2.25,-0.7700000000000102,59.11
2026-01-01 12:48:00,59.86,56.38,194.99,17.33,25.71,2,59.51,57.26,56.05,186.66,187.43,191.9,58.87666666666667,189.69333333333336,0.3500000000000014,8.330000000000013,60.62
2026-01-01 12:49:00,58.79,57.14,190.65,16.33,25.61,2,59.86,59.51,57.26,194.99,186.66,187.43,59.38666666666668,190.76666666666665,-1.0700000000000003,-4.340000000000003,59.84
2026-01-01 12:50:00,59.13,54.83,198.86,15.83,24.44,2,58.79,59.86,59.51,190.65,194.99,186.66,59.26000000000001,194.83333333333334,0.3400000000000034,8.210000000000008,59.41
2026-01-01 12:51:00,57.62,55.98,200.89,14.34,26.24,2,59.13,58.79,59.86,198.86,190.65,194.99,58.51333333333334,196.80000000000004,-1.5100000000000051,2.0299999999999727,59.55
2026-01-01 12:52:00,59.11,56.79,196.41,15.64,26.33,2,57.62,59.13,58.79,200.89,198.86,190.65,58.620000000000005,198.72,1.490000000000002,-4.47999999999999,58.25
2026-01-01 12:53:00,60.62,57.11,198.26,14.76,28.22,2,59.11,57.62,59.13,196.41,200.89,198.86,59.116666666666674,198.51999999999998,1.509999999999998,1.8499999999999943,57.84
2026-01-01 12:54:00,59.84,54.29,201.66,19.7,27.65,2,60.62,59.11,57.62,198.26,196.41,200.89,59.856666666666676,198.77666666666664,-0.779999999999994,3.4000000000000057,60.75
2026-01-01 12:55:00,59.41,56.09,203.04,17.09,24.66,2,59.84,60.62,59.11,201.66,198.26,196.41,59.95666666666668,200.98666666666668,-0.4300000000000068,1.3799999999999955,59.31
2026-01-01 12:56:00,59.55,56.57,193.34,15.92,26.95,2,59.41,59.84,60.62,203.04,201.66,198.26,59.6,199.34666666666666,0.14000000000000057,-9.699999999999989,58.22
2026-01-01 12:57:00,58.25,55.4,188.64,17.37,24.06,2,59.55,59.41,59.84,193.34,203.04,201.66,59.07,195.00666666666666,-1.2999999999999972,-4.700000000000017,56.56
2026-01-01 12:58:00,57.84,51.07,186.71,14.19,26.45,2,58.25,59.55,59.41,188.64,193.34,203.04,58.546666666666674,189.56333333333336,-0.4099999999999966,-1.9299999999999784,57.7
2026-01-01 12:59:00,60.75,56.58,185.8,14.64,25.16,2,57.84,58.25,59.55,186.71,188.64,193.34,58.94666666666668,187.04999999999998,2.9099999999999966,-0.9099999999999966,57.24
2026-01-01 13:00:00,59.31,60.18,188.44,16.12,24.14,2,60.75,57.84,58.25,185.8,186.71,188.64,59.30000000000001,186.98333333333335,-1.4399999999999977,2.6399999999999864,56.41
2026-01-01 13:01:00,58.22,54.66,188.65,17.58,25.9,2,59.31,60.75,57.84,188.44,185.8,186.71,59.42666666666668,187.63,-1.0900000000000034,0.21000000000000796,59.16
2026-01-01 13:02:00,56.56,53.34,181.28,16.16,21.17,2,58.22,59.31,60.75,188.65,188.44,185.8,58.03000000000001,186.12333333333333,-1.6599999999999966,-7.3700000000000045,61.31
2026-01-01 13:03:00,57.7,55.94,183.08,15.93,22.76,2,56.56,58.22,59.31,181.28,188.65,188.44,57.49333333333335,184.33666666666667,1.1400000000000006,1.8000000000000114,59.75
2026-01-01 13:04:00,57.24,55.66,185.89,15.92,25.04,2,57.7,56.56,58.22,183.08,181.28,188.65,57.166666666666686,183.41666666666666,-0.46000000000000085,2.809999999999974,56.71
2026-01-01 13:05:00,56.41,57.13,188.22,16.6,25.28,2,57.24,57.7,56.56,185.89,183.08,181.28,57.116666666666674,185.73000000000002,-0.8300000000000054,2.3300000000000125,58.38
2026-01-01 13:06:00,59.16,53.19,192.96,16.7,25.09,2,56.41,57.24,57.7,188.22,185.89,183.08,57.60333333333333,189.0233333333333,2.75,4.740000000000009,57.05
2026-01-01 13:07:00,61.31,57.92,196.1,15.12,23.67,2,59.16,56.41,57.24,192.96,188.22,185.89,58.96000000000001,192.42666666666665,2.1500000000000057,3.1399999999999864,58.43
2026-01-01 13:08:00,59.75,57.09,197.1,16.82,24.53,2,61.31,59.16,56.41,196.1,192.96,188.22,60.073333333333345,195.38666666666666,-1.5600000000000023,1.0,55.23
2026-01-01 13:09:00,56.71,54.56,195.39,15.0,25.8,2,59.75,61.31,59.16,197.1,196.1,192.96,59.25666666666668,196.19666666666663,-3.039999999999999,-1.710000000000008,56.95
2026-01-01 13:10:00,58.38,56.11,185.85,15.92,26.38,2,56.71,59.75,61.31,195.39,197.1,196.1,58.28000000000001,192.77999999999997,1.6700000000000017,-9.539999999999992,54.53
2026-01-01 13:11:00,57.05,57.03,187.53,15.22,25.24,2,58.38,56.71,59.75,185.85,195.39,197.1,57.38000000000002,189.59,-1.3300000000000054,1.6800000000000068,56.25
2026-01-01 13:12:00,58.43,57.19,187.97,19.79,27.25,2,57.05,58.38,56.71,187.53,185.85,195.39,57.95333333333334,187.11666666666667,1.3800000000000026,0.4399999999999977,56.28
2026-01-01 13:13:00,55.23,52.04,188.69,15.98,25.54,2,58.43,57.05,58.38,187.97,187.53,185.85,56.90333333333334,188.0633333333333,-3.200000000000003,0.7199999999999989,55.07
2026-01-01 13:14:00,56.95,56.57,181.61,13.33,24.13,2,55.23,58.43,57.05,188.69,187.97,187.53,56.870000000000005,186.09,1.720000000000006,-7.079999999999984,55.1
2026-01-01 13:15:00,54.53,53.95,176.07,14.76,24.39,2,56.95,55.23,58.43,181.61,188.69,187.97,55.570000000000014,182.12333333333333,-2.4200000000000017,-5.5400000000000205,56.74
2026-01-01 13:16:00,56.25,54.83,181.65,16.22,23.02,2,54.53,56.95,55.23,176.07,181.61,188.69,55.910000000000004,179.77666666666667,1.7199999999999989,5.5800000000000125,57.24
2026-01-01 13:17:00,56.28,54.84,181.32,17.92,24.97,2,56.25,54.53,56.95,181.65,176.07,181.61,55.686666666666675,179.67999999999998,0.030000000000001137,-0.3300000000000125,58.05
2026-01-01 13:18:00,55.07,53.98,184.63,14.81,26.58,2,56.28,56.25,54.53,181.32,181.65,176.07,55.866666666666674,182.5333333333333,-1.2100000000000009,3.3100000000000023,60.67
2026-01-01 13:19:00,55.1,56.67,184.4,13.3,25.95,2,55.07,56.28,56.25,184.63,181.32,181.65,55.48333333333335,183.45000000000002,0.030000000000001137,-0.22999999999998977,56.87
2026-01-01 13:20:00,56.74,54.69,184.19,16.88,27.32,2,55.1,55.07,56.28,184.4,184.63,181.32,55.63666666666668,184.40666666666667,1.6400000000000006,-0.21000000000000796,59.01
2026-01-01 13:21:00,57.24,52.79,188.55,13.96,24.85,2,56.74,55.1,55.07,184.19,184.4,184.63,56.360000000000014,185.71333333333334,0.5,4.360000000000014,58.02
2026-01-01 13:22:00,58.05,54.53,185.29,15.1,27.47,2,57.24,56.74,55.1,188.55,184.19,184.4,57.34333333333334,186.01,0.8099999999999952,-3.2600000000000193,55.96
2026-01-01 13:23:00,60.67,56.59,185.34,15.37,25.63,2,58.05,57.24,56.74,185.29,188.55,184.19,58.65333333333334,186.39333333333332,2.6200000000000045,0.05000000000001137,53.8
2026-01-01 13:24:00,56.87,57.36,182.6,15.42,27.44,2,60.67,58.05,57.24,185.34,185.29,188.55,58.53000000000001,184.41,-3.8000000000000043,-2.740000000000009,54.56
2026-01-01 13:25:00,59.01,56.86,180.22,16.35,25.59,2,56.87,60.67,58.05,182.6,185.34,185.29,58.85,182.72,2.1400000000000006,-2.3799999999999955,56.39
2026-01-01 13:26:00,58.02,53.61,178.66,14.16,26.5,2,59.01,56.87,60.67,180.22,182.6,185.34,57.966666666666676,180.49333333333334,-0.9899999999999949,-1.5600000000000023,55.95
2026-01-01 13:27:00,55.96,59.55,179.88,14.88,27.28,2,58.02,59.01,56.87,178.66,180.22,182.6,57.663333333333334,179.58666666666667,-2.0600000000000023,1.2199999999999989,57.97
2026-01-01 13:28:00,53.8,54.36,177.49,15.07,24.39,2,55.96,58.02,59.01,179.88,178.66,180.22,55.92666666666668,178.67666666666665,-2.1600000000000037,-2.3899999999999864,55.37
2026-01-01 13:29:00,54.56,56.65,183.97,15.86,25.15,2,53.8,55.96,58.02,177.49,179.88,178.66,54.77333333333334,180.4466666666667,0.7600000000000051,6.47999999999999,55.88
2026-01-01 13:30:00,56.39,54.43,179.18,15.38,27.08,2,54.56,53.8,55.96,183.97,177.49,179.88,54.91666666666668,180.21333333333334,1.8299999999999983,-4.789999999999992,54.69
2026-01-01 13:31:00,55.95,55.65,178.31,15.81,24.87,2,56.39,54.56,53.8,179.18,183.97,177.49,55.63333333333335,180.48666666666668,-0.4399999999999977,-0.8700000000000045,55.77
2026-01-01 13:32:00,57.97,56.97,176.25,16.25,23.45,2,55.95,56.39,54.56,178.31,179.18,183.97,56.77000000000001,177.91333333333333,2.019999999999996,-2.0600000000000023,57.35
2026-01-01 13:33:00,55.37,56.82,183.78,16.21,28.18,2,57.97,55.95,56.39,176.25,178.31,179.18,56.43000000000001,179.4466666666667,-2.6000000000000014,7.530000000000001,56.71
2026-01-01 13:34:00,55.88,56.67,184.46,16.36,24.35,2,55.37,57.97,55.95,183.78,176.25,178.31,56.40666666666667,181.49666666666667,0.5100000000000051,0.6800000000000068,53.01
2026-01-01 13:35:00,54.69,55.89,189.27,13.71,25.08,2,55.88,55.37,57.97,184.46,183.78,176.25,55.31333333333334,185.83666666666667,-1.1900000000000048,4.810000000000002,55.14
2026-01-01 13:36:00,55.77,53.89,181.1,15.47,26.77,2,54.69,55.88,55.37,189.27,184.46,183.78,55.44666666666668,184.94333333333336,1.0800000000000054,-8.170000000000016,56.65
2026-01-01 13:37:00,57.35,53.93,182.34,16.22,24.41,2,55.77,54.69,55.88,181.1,189.27,184.46,55.936666666666675,184.23666666666668,1.5799999999999983,1.240000000000009,58.02
2026-01-01 13:38:00,56.71,55.51,186.61,16.95,23.7,2,57.35,55.77,54.69,182.34,181.1,189.27,56.610000000000014,183.35,-0.6400000000000006,4.27000000000001,60.89
2026-01-01 13:39:00,53.01,55.42,186.49,14.81,24.92,2,56.71,57.35,55.77,186.61,182.34,181.1,55.690000000000005,185.14666666666668,-3.700000000000003,-0.12000000000000455,59.03
2026-01-01 13:40:00,55.14,53.85,191.3,15.27,22.24,2,53.01,56.71,57.35,186.49,186.61,182.34,54.95333333333334,188.13333333333335,2.1300000000000026,4.810000000000002,60.17
2026-01-01 13:41:00,56.65,56.96,187.81,15.1,24.76,2,55.14,53.01,56.71,191.3,186.49,186.61,54.93333333333334,188.53333333333333,1.509999999999998,-3.490000000000009,62.1
2026-01-01 13:42:00,58.02,58.21,194.23,17.31,25.81,2,56.65,55.14,53.01,187.81,191.3,186.49,56.603333333333346,191.11333333333334,1.3700000000000045,6.4199999999999875,59.32
2026-01-01 13:43:00,60.89,54.48,204.58,18.94,25.56,2,58.02,56.65,55.14,194.23,187.81,191.3,58.52000000000001,195.54,2.8699999999999974,10.350000000000023,60.31
2026-01-01 13:44:00,59.03,53.99,200.8,16.46,23.31,2,60.89,58.02,56.65,204.58,194.23,187.81,59.31333333333334,199.87,-1.8599999999999994,-3.780000000000001,59.45
2026-01-01 13:45:00,60.17,55.78,196.91,18.1,28.22,2,59.03,60.89,58.02,200.8,204.58,194.23,60.03000000000001,200.76333333333332,1.1400000000000006,-3.890000000000015,59.3
2026-01-01 13:46:00,62.1,57.35,202.83,17.43,26.33,2,60.17,59.03,60.89,196.91,200.8,204.58,60.433333333333344,200.17999999999998,1.9299999999999997,5.920000000000016,59.29
2026-01-01 13:47:00,59.32,54.71,208.9,17.57,27.82,2,62.1,60.17,59.03,202.83,196.91,200.8,60.53000000000001,202.88,-2.780000000000001,6.069999999999993,57.66
2026-01-01 13:48:00,60.31,58.81,203.97,17.02,25.47,2,59.32,62.1,60.17,208.9,202.83,196.91,60.576666666666675,205.23333333333335,0.990000000000002,-4.930000000000007,55.94
2026-01-01 13:49:00,59.45,56.65,199.95,18.12,24.38,2,60.31,59.32,62.1,203.97,208.9,202.83,59.69333333333335,204.2733333333333,-0.8599999999999994,-4.02000000000001,55.63
2026-01-01 13:50:00,59.3,55.84,196.95,17.23,26.08,2,59.45,60.31,59.32,199.95,203.97,208.9,59.686666666666675,200.29,-0.15000000000000568,-3.0,53.77
2026-01-01 13:51:00,59.29,52.88,188.87,19.47,25.35,2,59.3,59.45,60.31,196.95,199.95,203.97,59.34666666666667,195.25666666666666,-0.00999999999999801,-8.079999999999984,52.67
2026-01-01 13:52:00,57.66,52.55,183.57,14.32,23.61,2,59.29,59.3,59.45,188.87,196.95,199.95,58.75000000000001,189.79666666666665,-1.6300000000000026,-5.300000000000011,55.17
2026-01-01 13:53:00,55.94,55.14,178.26,15.93,27.27,2,57.66,59.29,59.3,183.57,188.87,196.95,57.63,183.5666666666667,-1.7199999999999989,-5.310000000000002,53.67
2026-01-01 13:54:00,55.63,50.21,174.56,14.04,24.08,2,55.94,57.66,59.29,178.26,183.57,188.87,56.410000000000004,178.79666666666665,-0.30999999999999517,-3.6999999999999886,55.77
2026-01-01 13:55:00,53.77,55.84,174.82,13.56,21.92,2,55.63,55.94,57.66,174.56,178.26,183.57,55.113333333333344,175.88,-1.8599999999999994,0.2599999999999909,56.73
2026-01-01 13:56:00,52.67,53.12,176.41,14.98,26.47,2,53.77,55.63,55.94,174.82,174.56,178.26,54.02333333333335,175.26333333333332,-1.1000000000000014,1.5900000000000034,54.05
2026-01-01 13:57:00,55.17,60.79,184.45,15.88,24.17,2,52.67,53.77,55.63,176.41,174.82,174.56,53.87000000000001,178.55999999999997,2.5,8.039999999999992,54.09
2026-01-01 13:58:00,53.67,58.4,179.1,19.6,23.75,2,55.17,52.67,53.77,184.45,176.41,174.82,53.83666666666667,179.98666666666668,-1.5,-5.349999999999994,56.51
2026-01-01 13:59:00,55.77,54.16,184.09,15.37,22.39,2,53.67,55.17,52.67,179.1,184.45,176.41,54.87000000000001,182.54666666666665,2.1000000000000014,4.990000000000009,54.95
2026-01-01 14:00:00,56.73,54.64,182.7,13.83,27.82,2,55.77,53.67,55.17,184.09,179.1,184.45,55.39000000000001,181.96333333333334,0.9599999999999937,-1.3900000000000148,54.77
2026-01-01 14:01:00,54.05,55.91,182.23,15.9,22.79,2,56.73,55.77,53.67,182.7,184.09,179.1,55.51666666666668,183.00666666666666,-2.6799999999999997,-0.46999999999999886,56.2
2026-01-01 14:02:00,54.09,57.34,185.43,12.65,24.82,2,54.05,56.73,55.77,182.23,182.7,184.09,54.95666666666668,183.4533333333333,0.04000000000000625,3.200000000000017,57.69
2026-01-01 14:03:00,56.51,51.5,179.38,15.11,26.54,2,54.09,54.05,56.73,185.43,182.23,182.7,54.88333333333335,182.34666666666666,2.4199999999999946,-6.050000000000011,57.93
2026-01-01 14:04:00,54.95,50.66,181.34,15.44,25.52,2,56.51,54.09,54.05,179.38,185.43,182.23,55.18333333333334,182.04999999999998,-1.5599999999999952,1.960000000000008,57.25
2026-01-01 14:05:00,54.77,52.92,182.07,16.67,24.77,2,54.95,56.51,54.09,181.34,179.38,185.43,55.410000000000004,180.92999999999998,-0.17999999999999972,0.7299999999999898,59.58
2026-01-01 14:06:00,56.2,55.83,184.36,17.13,22.56,2,54.77,54.95,56.51,182.07,181.34,179.38,55.30666666666668,182.59,1.4299999999999997,2.2900000000000205,61.3
2026-01-01 14:07:00,57.69,56.18,185.46,15.01,24.17,2,56.2,54.77,54.95,184.36,182.07,181.34,56.220000000000006,183.96333333333334,1.4899999999999949,1.0999999999999943,61.05
2026-01-01 14:08:00,57.93,57.41,197.3,16.54,25.71,2,57.69,56.2,54.77,185.46,184.36,182.07,57.27333333333334,189.04000000000005,0.240000000000002,11.840000000000003,59.32
2026-01-01 14:09:00,57.25,52.64,192.73,15.23,24.12,2,57.93,57.69,56.2,197.3,185.46,184.36,57.62333333333334,191.83,-0.6799999999999997,-4.570000000000022,57.28
2026-01-01 14:10:00,59.58,51.22,189.05,14.38,26.03,2,57.25,57.93,57.69,192.73,197.3,185.46,58.25333333333335,193.02666666666667,2.3299999999999983,-3.6799999999999784,56.39
2026-01-01 14:11:00,61.3,58.17,185.21,16.21,27.06,2,59.58,57.25,57.93,189.05,192.73,197.3,59.37666666666667,188.99666666666667,1.7199999999999989,-3.8400000000000034,57.57
2026-01-01 14:12:00,61.05,54.71,182.02,13.56,27.43,2,61.3,59.58,57.25,185.21,189.05,192.73,60.64333333333334,185.42666666666665,-0.25,-3.1899999999999977,57.85
2026-01-01 14:13:00,59.32,51.73,178.67,14.57,23.84,2,61.05,61.3,59.58,182.02,185.21,189.05,60.55666666666667,181.9666666666667,-1.7299999999999969,-3.3500000000000227,59.66
2026-01-01 14:14:00,57.28,55.34,184.72,14.21,28.6,2,59.32,61.05,61.3,178.67,182.02,185.21,59.216666666666676,181.8033333333333,-2.039999999999999,6.050000000000011,59.48
2026-01-01 14:15:00,56.39,56.32,191.45,17.1,26.3,2,57.28,59.32,61.05,184.72,178.67,182.02,57.66333333333335,184.9466666666667,-0.8900000000000006,6.72999999999999,56.35
2026-01-01 14:16:00,57.57,54.91,187.68,18.65,25.36,2,56.39,57.28,59.32,191.45,184.72,178.67,57.08000000000001,187.95000000000002,1.1799999999999997,-3.769999999999982,58.19
2026-01-01 14:17:00,57.85,54.33,182.9,13.59,27.05,2,57.57,56.39,57.28,187.68,191.45,184.72,57.27000000000001,187.34333333333333,0.28000000000000114,-4.780000000000001,55.75
2026-01-01 14:18:00,59.66,55.56,185.03,12.95,29.29,2,57.85,57.57,56.39,182.9,187.68,191.45,58.36000000000001,185.20333333333335,1.8099999999999952,2.1299999999999955,55.64
2026-01-01 14:19:00,59.48,55.08,181.86,15.27,23.55,2,59.66,57.85,57.57,185.03,182.9,187.68,58.99666666666667,183.26333333333332,-0.17999999999999972,-3.1699999999999875,57.12
2026-01-01 14:20:00,56.35,52.03,184.88,15.74,24.81,2,59.48,59.66,57.85,181.86,185.03,182.9,58.49666666666668,183.92333333333332,-3.1299999999999955,3.019999999999982,60.41
2026-01-01 14:21:00,58.19,53.94,185.5,16.1,21.91,2,56.35,59.48,59.66,184.88,181.86,185.03,58.00666666666668,184.08,1.8399999999999963,0.6200000000000045,64.02
2026-01-01 14:22:00,55.75,55.56,177.48,14.42,25.32,2,58.19,56.35,59.48,185.5,184.88,181.86,56.76333333333334,182.62,-2.4399999999999977,-8.02000000000001,62.68
2026-01-01 14:23:00,55.64,55.12,185.42,15.46,25.56,2,55.75,58.19,56.35,177.48,185.5,184.88,56.52666666666668,182.79999999999998,-0.10999999999999943,7.939999999999998,60.7
2026-01-01 14:24:00,57.12,55.33,193.97,17.04,25.22,2,55.64,55.75,58.19,185.42,177.48,185.5,56.170000000000016,185.62333333333333,1.4799999999999969,8.550000000000011,60.66
2026-01-01 14:25:00,60.41,54.15,189.79,17.69,24.89,2,57.12,55.64,55.75,193.97,185.42,177.48,57.723333333333336,189.72666666666666,3.289999999999999,-4.180000000000007,61.81
2026-01-01 14:26:00,64.02,57.05,187.07,12.97,23.45,2,60.41,57.12,55.64,189.79,193.97,185.42,60.51666666666667,190.27666666666667,3.6099999999999994,-2.719999999999999,60.56
2026-01-01 14:27:00,62.68,52.58,187.93,15.42,26.84,2,64.02,60.41,57.12,187.07,189.79,193.97,62.370000000000005,188.26333333333332,-1.3399999999999963,0.8600000000000136,62.55
2026-01-01 14:28:00,60.7,56.6,188.97,16.38,28.11,2,62.68,64.02,60.41,187.93,187.07,189.79,62.466666666666676,187.99,-1.9799999999999969,1.039999999999992,60.94
2026-01-01 14:29:00,60.66,59.09,191.54,14.9,25.03,2,60.7,62.68,64.02,188.97,187.93,187.07,61.34666666666667,189.48,-0.04000000000000625,2.569999999999993,60.01
2026-01-01 14:30:00,61.81,53.68,200.67,19.65,26.79,2,60.66,60.7,62.68,191.54,188.97,187.93,61.05666666666667,193.7266666666667,1.1500000000000057,9.129999999999995,59.64
2026-01-01 14:31:00,60.56,55.03,198.13,15.89,23.55,2,61.81,60.66,60.7,200.67,191.54,188.97,61.01000000000001,196.77999999999997,-1.25,-2.539999999999992,59.66
2026-01-01 14:32:00,62.55,57.55,192.69,16.32,26.94,2,60.56,61.81,60.66,198.13,200.67,191.54,61.640000000000015,197.16333333333333,1.9899999999999949,-5.439999999999998,60.06
2026-01-01 14:33:00,60.94,58.83,184.78,16.54,25.38,2,62.55,60.56,61.81,192.69,198.13,200.67,61.350000000000016,191.86666666666667,-1.6099999999999994,-7.909999999999997,58.19
2026-01-01 14:34:00,60.01,55.11,180.74,14.48,24.66,2,60.94,62.55,60.56,184.78,192.69,198.13,61.16666666666668,186.07000000000002,-0.9299999999999997,-4.039999999999992,57.01
2026-01-01 14:35:00,59.64,54.49,180.52,12.57,24.59,2,60.01,60.94,62.55,180.74,184.78,192.69,60.19666666666668,182.01333333333332,-0.36999999999999744,-0.21999999999999886,55.82
2026-01-01 14:36:00,59.66,51.94,189.45,15.46,25.15,2,59.64,60.01,60.94,180.52,180.74,184.78,59.77,183.57000000000002,0.01999999999999602,8.929999999999978,58.17
2026-01-01 14:37:00,60.06,56.23,186.1,17.36,26.39,2,59.66,59.64,60.01,189.45,180.52,180.74,59.78666666666667,185.35666666666668,0.4000000000000057,-3.3499999999999943,59.89
2026-01-01 14:38:00,58.19,59.45,186.73,15.37,23.51,2,60.06,59.66,59.64,186.1,189.45,180.52,59.30333333333334,187.42666666666665,-1.8700000000000045,0.6299999999999955,60.25
2026-01-01 14:39:00,57.01,55.51,186.11,14.55,24.67,2,58.19,60.06,59.66,186.73,186.1,189.45,58.42000000000001,186.31333333333336,-1.1799999999999997,-0.6199999999999761,62.6
2026-01-01 14:40:00,55.82,54.49,191.57,17.67,24.98,2,57.01,58.19,60.06,186.11,186.73,186.1,57.00666666666668,188.13666666666666,-1.1899999999999977,5.4599999999999795,61.73
2026-01-01 14:41:00,58.17,56.0,203.28,16.78,23.82,2,55.82,57.01,58.19,191.57,186.11,186.73,57.00000000000001,193.65333333333334,2.3500000000000014,11.710000000000008,62.71
2026-01-01 14:42:00,59.89,55.94,198.76,16.13,28.48,2,58.17,55.82,57.01,203.28,191.57,186.11,57.960000000000015,197.87,1.7199999999999989,-4.52000000000001,60.75
2026-01-01 14:43:00,60.25,54.46,194.81,16.78,24.57,2,59.89,58.17,55.82,198.76,203.28,191.57,59.436666666666675,198.95000000000002,0.35999999999999943,-3.9499999999999886,60.25
2026-01-01 14:44:00,62.6,58.56,198.85,18.06,25.26,2,60.25,59.89,58.17,194.81,198.76,203.28,60.91333333333335,197.47333333333336,2.3500000000000014,4.039999999999992,61.61
2026-01-01 14:45:00,61.73,57.06,200.75,20.64,24.64,2,62.6,60.25,59.89,198.85,194.81,198.76,61.52666666666668,198.13666666666668,-0.8700000000000045,1.9000000000000057,62.97
2026-01-01 14:46:00,62.71,56.98,208.32,18.95,28.99,2,61.73,62.6,60.25,200.75,198.85,194.81,62.34666666666667,202.64,0.980000000000004,7.569999999999993,62.27
2026-01-01 14:47:00,60.75,54.31,208.98,19.5,26.76,2,62.71,61.73,62.6,208.32,200.75,198.85,61.73000000000001,206.01666666666665,-1.9600000000000009,0.6599999999999966,62.14
2026-01-01 14:48:00,60.25,58.69,204.86,16.65,24.44,2,60.75,62.71,61.73,208.98,208.32,200.75,61.23666666666668,207.38666666666666,-0.5,-4.119999999999976,60.09
2026-01-01 14:49:00,61.61,57.89,205.83,15.96,27.75,2,60.25,60.75,62.71,204.86,208.98,208.32,60.870000000000005,206.5566666666667,1.3599999999999994,0.9699999999999989,60.72
2026-01-01 14:50:00,62.97,55.93,209.3,17.88,26.64,2,61.61,60.25,60.75,205.83,204.86,208.98,61.61000000000001,206.66333333333333,1.3599999999999994,3.469999999999999,63.28
2026-01-01 14:51:00,62.27,58.8,211.06,18.1,26.59,2,62.97,61.61,60.25,209.3,205.83,204.86,62.28333333333334,208.73000000000002,-0.6999999999999957,1.759999999999991,64.46
2026-01-01 14:52:00,62.14,55.76,211.11,16.33,25.67,2,62.27,62.97,61.61,211.06,209.3,205.83,62.460000000000015,210.49,-0.13000000000000256,0.05000000000001137,64.83
2026-01-01 14:53:00,60.09,54.47,213.96,17.92,24.69,2,62.14,62.27,62.97,211.11,211.06,209.3,61.50000000000002,212.04333333333332,-2.049999999999997,2.8499999999999943,64.24
2026-01-01 14:54:00,60.72,54.73,217.09,19.05,26.44,2,60.09,62.14,62.27,213.96,211.11,211.06,60.98333333333335,214.05333333333337,0.6299999999999955,3.1299999999999955,64.02
2026-01-01 14:55:00,63.28,53.6,221.03,19.33,25.57,2,60.72,60.09,62.14,217.09,213.96,211.11,61.363333333333344,217.36,2.5600000000000023,3.9399999999999977,62.38
2026-01-01 14:56:00,64.46,58.5,220.99,19.54,29.33,2,63.28,60.72,60.09,221.03,217.09,213.96,62.820000000000014,219.70333333333335,1.1799999999999926,-0.03999999999999204,63.31
2026-01-01 14:57:00,64.83,54.03,216.88,18.87,24.77,2,64.46,63.28,60.72,220.99,221.03,217.09,64.19000000000001,219.63333333333333,0.37000000000000455,-4.110000000000014,63.19
2026-01-01 14:58:00,64.24,55.03,214.66,17.49,28.87,2,64.83,64.46,63.28,216.88,220.99,221.03,64.51,217.51,-0.5900000000000034,-2.219999999999999,63.08
2026-01-01 14:59:00,64.02,53.26,217.92,17.75,26.36,2,64.24,64.83,64.46,214.66,216.88,220.99,64.36333333333334,216.48666666666668,-0.21999999999999886,3.259999999999991,61.8
2026-01-01 15:00:00,62.38,56.66,210.8,16.12,26.68,2,64.02,64.24,64.83,217.92,214.66,216.88,63.546666666666674,214.46,-1.6399999999999935,-7.119999999999976,58.43
2026-01-01 15:01:00,63.31,56.86,210.18,20.54,27.65,2,62.38,64.02,64.24,210.8,217.92,214.66,63.23666666666668,212.96666666666667,0.9299999999999997,-0.6200000000000045,60.99
2026-01-01 15:02:00,63.19,56.46,205.8,17.51,25.43,2,63.31,62.38,64.02,210.18,210.8,217.92,62.96000000000001,208.9266666666667,-0.12000000000000455,-4.3799999999999955,59.66
2026-01-01 15:03:00,63.08,54.99,203.88,16.99,27.65,2,63.19,63.31,62.38,205.8,210.18,210.8,63.19333333333335,206.62,-0.10999999999999943,-1.920000000000016,58.4
2026-01-01 15:04:00,61.8,54.29,208.36,16.32,22.06,2,63.08,63.19,63.31,203.88,205.8,210.18,62.690000000000005,206.01333333333335,-1.2800000000000011,4.480000000000018,60.03
2026-01-01 15:05:00,58.43,56.38,207.05,22.0,24.44,2,61.8,63.08,63.19,208.36,203.88,205.8,61.103333333333346,206.42999999999998,-3.3699999999999974,-1.3100000000000023,60.11
2026-01-01 15:06:00,60.99,55.24,205.12,15.82,24.59,2,58.43,61.8,63.08,207.05,208.36,203.88,60.40666666666667,206.84333333333333,2.5600000000000023,-1.9300000000000068,62.06
2026-01-01 15:07:00,59.66,56.52,196.31,16.04,23.86,2,60.99,58.43,61.8,205.12,207.05,208.36,59.69333333333335,202.82666666666668,-1.3300000000000054,-8.810000000000002,62.6
2026-01-01 15:08:00,58.4,53.67,198.73,17.52,25.19,2,59.66,60.99,58.43,196.31,205.12,207.05,59.68333333333334,200.05333333333337,-1.259999999999998,2.4199999999999875,63.0
2026-01-01 15:09:00,60.03,56.37,200.46,17.94,26.38,2,58.4,59.66,60.99,198.73,196.31,205.12,59.363333333333344,198.5,1.6300000000000026,1.7300000000000182,60.6
2026-01-01 15:10:00,60.11,58.64,209.64,19.26,26.87,2,60.03,58.4,59.66,200.46,198.73,196.31,59.51333333333334,202.9433333333333,0.0799999999999983,9.179999999999978,62.71
2026-01-01 15:11:00,62.06,57.89,205.73,20.2,26.53,2,60.11,60.03,58.4,209.64,200.46,198.73,60.73333333333335,205.27666666666664,1.9500000000000028,-3.9099999999999966,62.6
2026-01-01 15:12:00,62.6,56.08,204.77,18.16,25.27,2,62.06,60.11,60.03,205.73,209.64,200.46,61.59000000000001,206.71333333333334,0.5399999999999991,-0.9599999999999795,61.64
2026-01-01 15:13:00,63.0,57.56,204.03,15.76,26.89,2,62.6,62.06,60.11,204.77,205.73,209.64,62.55333333333334,204.84333333333333,0.3999999999999986,-0.7400000000000091,61.7
2026-01-01 15:14:00,60.6,55.73,210.0,17.46,26.09,2,63.0,62.6,62.06,204.03,204.77,205.73,62.066666666666684,206.26666666666665,-2.3999999999999986,5.969999999999999,58.56
2026-01-01 15:15:00,62.71,56.96,207.12,18.07,27.69,2,60.6,63.0,62.6,210.0,204.03,204.77,62.103333333333346,207.05000000000004,2.1099999999999994,-2.8799999999999955,59.75
2026-01-01 15:16:00,62.6,56.26,206.35,20.64,27.43,2,62.71,60.6,63.0,207.12,210.0,204.03,61.970000000000006,207.82333333333335,-0.10999999999999943,-0.7700000000000102,58.62
2026-01-01 15:17:00,61.64,56.25,207.28,15.52,26.14,2,62.6,62.71,60.6,206.35,207.12,210.0,62.316666666666684,206.91666666666666,-0.9600000000000009,0.9300000000000068,56.9
2026-01-01 15:18:00,61.7,57.02,206.03,19.32,24.76,2,61.64,62.6,62.71,207.28,206.35,207.12,61.98000000000001,206.5533333333333,0.060000000000002274,-1.25,55.48
2026-01-01 15:19:00,58.56,53.51,201.72,17.42,24.56,2,61.7,61.64,62.6,206.03,207.28,206.35,60.63333333333335,205.01,-3.1400000000000006,-4.310000000000002,58.17
2026-01-01 15:20:00,59.75,53.88,200.95,18.34,24.93,2,58.56,61.7,61.64,201.72,206.03,207.28,60.00333333333335,202.9,1.1899999999999977,-0.7700000000000102,57.65
2026-01-01 15:21:00,58.62,52.74,204.64,17.24,25.08,2,59.75,58.56,61.7,200.95,201.72,206.03,58.97666666666668,202.43666666666664,-1.1300000000000026,3.6899999999999977,59.93
2026-01-01 15:22:00,56.9,51.71,197.54,15.53,25.64,2,58.62,59.75,58.56,204.64,200.95,201.72,58.423333333333346,201.04333333333332,-1.7199999999999989,-7.099999999999994,58.07
2026-01-01 15:23:00,55.48,51.98,196.8,17.85,26.06,2,56.9,58.62,59.75,197.54,204.64,200.95,57.00000000000001,199.66,-1.4200000000000017,-0.7399999999999807,55.21
2026-01-01 15:24:00,58.17,55.68,191.95,17.3,25.39,2,55.48,56.9,58.62,196.8,197.54,204.64,56.85,195.42999999999998,2.690000000000005,-4.850000000000023,54.75
2026-01-01 15:25:00,57.65,53.39,196.97,18.2,25.4,2,58.17,55.48,56.9,191.95,196.8,197.54,57.1,195.24,-0.5200000000000031,5.02000000000001,57.88
2026-01-01 15:26:00,59.93,57.0,188.0,15.96,26.0,2,57.65,58.17,55.48,196.97,191.95,196.8,58.58333333333334,192.30666666666664,2.280000000000001,-8.969999999999999,57.57
2026-01-01 15:27:00,58.07,55.4,184.57,14.79,24.68,2,59.93,57.65,58.17,188.0,196.97,191.95,58.55000000000001,189.84666666666666,-1.8599999999999994,-3.430000000000007,57.39
2026-01-01 15:28:00,55.21,50.39,186.09,13.48,23.55,2,58.07,59.93,57.65,184.57,188.0,196.97,57.73666666666668,186.22,-2.8599999999999994,1.5200000000000102,57.73
2026-01-01 15:29:00,54.75,55.47,193.43,17.67,22.22,2,55.21,58.07,59.93,186.09,184.57,188.0,56.01000000000001,188.03,-0.46000000000000085,7.340000000000003,57.65
2026-01-01 15:30:00,57.88,56.88,192.02,16.96,24.38,2,54.75,55.21,58.07,193.43,186.09,184.57,55.94666666666668,190.51333333333332,3.1300000000000026,-1.4099999999999966,58.7
2026-01-01 15:31:00,57.57,53.16,188.29,14.56,26.07,2,57.88,54.75,55.21,192.02,193.43,186.09,56.73333333333334,191.24666666666667,-0.3100000000000023,-3.730000000000018,59.7
2026-01-01 15:32:00,57.39,55.93,197.03,15.94,24.28,2,57.57,57.88,54.75,188.29,192.02,193.43,57.613333333333344,192.4466666666667,-0.17999999999999972,8.740000000000009,57.3
2026-01-01 15:33:00,57.73,53.49,188.43,15.32,25.04,2,57.39,57.57,57.88,197.03,188.29,192.02,57.56333333333334,191.25,0.3399999999999963,-8.599999999999994,54.58
2026-01-01 15:34:00,57.65,55.37,176.76,12.8,26.08,2,57.73,57.39,57.57,188.43,197.03,188.29,57.59000000000001,187.40666666666667,-0.0799999999999983,-11.670000000000016,54.29
2026-01-01 15:35:00,58.7,53.01,179.22,14.01,26.35,2,57.65,57.73,57.39,176.76,188.43,197.03,58.02666666666667,181.47,1.0500000000000043,2.460000000000008,54.93
2026-01-01 15:36:00,59.7,52.31,176.77,13.32,24.13,2,58.7,57.65,57.73,179.22,176.76,188.43,58.683333333333344,177.58333333333334,1.0,-2.4499999999999886,53.09
2026-01-01 15:37:00,57.3,54.29,171.92,13.99,26.81,2,59.7,58.7,57.65,176.77,179.22,176.76,58.56666666666667,175.97,-2.4000000000000057,-4.850000000000023,52.27
2026-01-01 15:38:00,54.58,53.86,176.11,13.86,26.52,2,57.3,59.7,58.7,171.92,176.77,179.22,57.19333333333335,174.9333333333333,-2.719999999999999,4.190000000000026,53.95
2026-01-01 15:39:00,54.29,53.21,177.64,12.66,23.08,2,54.58,57.3,59.7,176.11,171.92,176.77,55.39000000000001,175.22333333333333,-0.28999999999999915,1.5299999999999727,54.43
2026-01-01 15:40:00,54.93,51.86,175.01,17.91,23.65,2,54.29,54.58,57.3,177.64,176.11,171.92,54.600000000000016,176.25333333333333,0.6400000000000006,-2.6299999999999955,55.52
2026-01-01 15:41:00,53.09,52.78,169.01,16.24,26.34,2,54.93,54.29,54.58,175.01,177.64,176.11,54.103333333333346,173.88666666666666,-1.8399999999999963,-6.0,54.63
2026-01-01 15:42:00,52.27,53.83,174.25,13.64,24.19,2,53.09,54.93,54.29,169.01,175.01,177.64,53.43000000000001,172.75666666666666,-0.8200000000000003,5.240000000000009,54.3
2026-01-01 15:43:00,53.95,53.79,177.96,15.54,21.38,2,52.27,53.09,54.93,174.25,169.01,175.01,53.103333333333346,173.74,1.6799999999999997,3.710000000000008,52.84
2026-01-01 15:44:00,54.43,54.41,177.63,15.72,22.7,2,53.95,52.27,53.09,177.96,174.25,169.01,53.55000000000001,176.61333333333334,0.4799999999999969,-0.3300000000000125,54.66
2026-01-01 15:45:00,55.52,53.09,187.05,17.69,24.62,2,54.43,53.95,52.27,177.63,177.96,174.25,54.63333333333335,180.88000000000002,1.0900000000000034,9.420000000000016,56.19
2026-01-01 15:46:00,54.63,56.46,181.14,14.17,23.09,2,55.52,54.43,53.95,187.05,177.63,177.96,54.860000000000014,181.93999999999997,-0.8900000000000006,-5.910000000000025,52.81
2026-01-01 15:47:00,54.3,51.65,173.42,16.38,24.15,2,54.63,55.52,54.43,181.14,187.05,177.63,54.81666666666667,180.53666666666666,-0.3300000000000054,-7.719999999999999,52.16
2026-01-01 15:48:00,52.84,54.47,170.48,13.67,24.56,2,54.3,54.63,55.52,173.42,181.14,187.05,53.923333333333346,175.01333333333332,-1.4599999999999937,-2.9399999999999977,50.48
2026-01-01 15:49:00,54.66,56.49,171.02,12.53,27.03,2,52.84,54.3,54.63,170.48,173.42,181.14,53.933333333333344,171.64,1.8199999999999932,0.5400000000000205,51.22
2026-01-01 15:50:00,56.19,55.63,172.95,15.79,24.68,2,54.66,52.84,54.3,171.02,170.48,173.42,54.56333333333334,171.48333333333335,1.5300000000000011,1.9299999999999784,52.55
2026-01-01 15:51:00,52.81,53.08,172.31,16.58,26.12,2,56.19,54.66,52.84,172.95,171.02,170.48,54.55333333333334,172.09333333333333,-3.3799999999999955,-0.6399999999999864,51.77
2026-01-01 15:52:00,52.16,52.2,174.69,18.73,26.53,2,52.81,56.19,54.66,172.31,172.95,171.02,53.720000000000006,173.3166666666667,-0.6500000000000057,2.3799999999999955,52.15
2026-01-01 15:53:00,50.48,54.74,168.85,12.55,26.24,2,52.16,52.81,56.19,174.69,172.31,172.95,51.81666666666667,171.94999999999996,-1.6799999999999997,-5.840000000000003,52.42
2026-01-01 15:54:00,51.22,50.08,176.96,16.09,24.65,2,50.48,52.16,52.81,168.85,174.69,172.31,51.28666666666667,173.5,0.740000000000002,8.110000000000014,54.58
2026-01-01 15:55:00,52.55,51.45,176.8,14.41,21.51,2,51.22,50.48,52.16,176.96,168.85,174.69,51.416666666666664,174.20333333333335,1.3299999999999983,-0.1599999999999966,55.88
2026-01-01 15:56:00,51.77,52.32,182.64,16.7,25.01,2,52.55,51.22,50.48,176.8,176.96,168.85,51.84666666666667,178.79999999999998,-0.779999999999994,5.839999999999975,55.71
2026-01-01 15:57:00,52.15,55.73,184.14,13.45,25.96,2,51.77,52.55,51.22,182.64,176.8,176.96,52.15666666666667,181.1933333333333,0.37999999999999545,1.5,57.34
2026-01-01 15:58:00,52.42,54.11,186.09,13.92,24.31,2,52.15,51.77,52.55,184.14,182.64,176.8,52.113333333333344,184.29,0.2700000000000031,1.950000000000017,57.29
2026-01-01 15:59:00,54.58,52.17,188.46,14.85,27.44,2,52.42,52.15,51.77,186.09,184.14,182.64,53.05000000000001,186.23000000000002,2.1599999999999966,2.3700000000000045,57.81
2026-01-01 16:00:00,55.88,53.94,190.02,16.27,26.35,2,54.58,52.42,52.15,188.46,186.09,184.14,54.293333333333344,188.19000000000003,1.3000000000000043,1.5600000000000023,60.93
2026-01-01 16:01:00,55.71,53.27,192.43,15.39,25.88,2,55.88,54.58,52.42,190.02,188.46,186.09,55.39000000000001,190.30333333333337,-0.1700000000000017,2.4099999999999966,62.86
2026-01-01 16:02:00,57.34,53.65,198.08,17.83,26.95,2,55.71,55.88,54.58,192.43,190.02,188.46,56.31000000000001,193.51,1.6300000000000026,5.650000000000006,59.79
2026-01-01 16:03:00,57.29,57.01,197.62,18.34,25.81,2,57.34,55.71,55.88,198.08,192.43,190.02,56.78000000000001,196.04333333333332,-0.05000000000000426,-0.46000000000000796,61.51
2026-01-01 16:04:00,57.81,52.49,199.75,17.88,21.67,2,57.29,57.34,55.71,197.62,198.08,192.43,57.48000000000001,198.48333333333335,0.5200000000000031,2.1299999999999955,62.45
2026-01-01 16:05:00,60.93,59.54,197.72,19.23,25.22,2,57.81,57.29,57.34,199.75,197.62,198.08,58.67666666666668,198.36333333333332,3.1199999999999974,-2.030000000000001,59.48
2026-01-01 16:06:00,62.86,58.66,203.51,17.92,28.11,2,60.93,57.81,57.29,197.72,199.75,197.62,60.53333333333334,200.32666666666668,1.9299999999999997,5.789999999999992,60.47
2026-01-01 16:07:00,59.79,58.11,198.24,15.03,24.55,2,62.86,60.93,57.81,203.51,197.72,199.75,61.19333333333335,199.82333333333335,-3.0700000000000003,-5.269999999999982,61.87
2026-01-01 16:08:00,61.51,55.6,205.79,19.54,25.74,2,59.79,62.86,60.93,198.24,203.51,197.72,61.38666666666668,202.51333333333332,1.7199999999999989,7.549999999999983,59.04
2026-01-01 16:09:00,62.45,56.56,203.53,16.39,24.67,2,61.51,59.79,62.86,205.79,198.24,203.51,61.25000000000001,202.51999999999998,0.9400000000000048,-2.259999999999991,57.2
2026-01-01 16:10:00,59.48,52.95,194.49,17.9,28.38,2,62.45,61.51,59.79,203.53,205.79,198.24,61.146666666666675,201.26999999999998,-2.970000000000006,-9.039999999999992,58.7
2026-01-01 16:11:00,60.47,55.11,193.97,18.85,28.41,2,59.48,62.45,61.51,194.49,203.53,205.79,60.80000000000001,197.33,0.990000000000002,-0.5200000000000102,57.87
2026-01-01 16:12:00,61.87,57.64,189.45,16.79,24.81,2,60.47,59.48,62.45,193.97,194.49,203.53,60.606666666666676,192.63666666666666,1.3999999999999986,-4.52000000000001,57.61
2026-01-01 16:13:00,59.04,58.25,192.9,14.15,25.85,2,61.87,60.47,59.48,189.45,193.97,194.49,60.46000000000001,192.10666666666665,-2.8299999999999983,3.450000000000017,56.31
2026-01-01 16:14:00,57.2,52.81,188.6,14.65,24.28,2,59.04,61.87,60.47,192.9,189.45,193.97,59.37000000000001,190.31666666666663,-1.8399999999999963,-4.300000000000011,55.09
2026-01-01 16:15:00,58.7,54.82,185.68,17.77,26.49,2,57.2,59.04,61.87,188.6,192.9,189.45,58.31333333333334,189.06000000000003,1.5,-2.9199999999999875,52.12
2026-01-01 16:16:00,57.87,54.95,175.78,14.69,26.18,2,58.7,57.2,59.04,185.68,188.6,192.9,57.923333333333346,183.35333333333332,-0.8300000000000054,-9.900000000000006,54.13
2026-01-01 16:17:00,57.61,52.37,173.86,14.9,26.59,2,57.87,58.7,57.2,175.78,185.68,188.6,58.06,178.43999999999997,-0.259999999999998,-1.9199999999999875,55.85
2026-01-01 16:18:00,56.31,55.89,162.23,14.93,25.63,2,57.61,57.87,58.7,173.86,175.78,185.68,57.26333333333334,170.62333333333333,-1.2999999999999972,-11.630000000000024,54.58
2026-01-01 16:19:00,55.09,52.83,155.73,14.28,29.32,2,56.31,57.61,57.87,162.23,173.86,175.78,56.33666666666668,163.94,-1.2199999999999989,-6.5,54.09
2026-01-01 16:20:00,52.12,52.85,161.47,14.14,22.84,2,55.09,56.31,57.61,155.73,162.23,173.86,54.50666666666668,159.80999999999997,-2.970000000000006,5.740000000000009,51.62
2026-01-01 16:21:00,54.13,53.04,166.88,13.87,22.18,2,52.12,55.09,56.31,161.47,155.73,162.23,53.78000000000001,161.35999999999999,2.010000000000005,5.409999999999997,52.74
2026-01-01 16:22:00,55.85,52.97,170.06,13.99,24.46,2,54.13,52.12,55.09,166.88,161.47,155.73,54.03333333333334,166.13666666666666,1.7199999999999989,3.180000000000007,54.18
2026-01-01 16:23:00,54.58,54.09,166.02,15.4,22.47,2,55.85,54.13,52.12,170.06,166.88,161.47,54.853333333333346,167.65333333333334,-1.2700000000000031,-4.039999999999992,54.51
2026-01-01 16:24:00,54.09,53.5,166.9,15.02,22.5,2,54.58,55.85,54.13,166.02,170.06,166.88,54.84000000000001,167.66,-0.4899999999999949,0.8799999999999955,56.45
2026-01-01 16:25:00,51.62,52.32,167.93,13.89,22.79,2,54.09,54.58,55.85,166.9,166.02,170.06,53.43000000000001,166.95000000000002,-2.470000000000006,1.0300000000000011,55.55
2026-01-01 16:26:00,52.74,52.0,163.1,15.49,23.11,2,51.62,54.09,54.58,167.93,166.9,166.02,52.81666666666667,165.97666666666666,1.1200000000000045,-4.8300000000000125,56.41
2026-01-01 16:27:00,54.18,54.6,171.97,14.42,23.32,2,52.74,51.62,54.09,163.1,167.93,166.9,52.84666666666667,167.66666666666666,1.4399999999999977,8.870000000000005,53.89
2026-01-01 16:28:00,54.51,57.39,177.0,13.77,25.59,2,54.18,52.74,51.62,171.97,163.1,167.93,53.81000000000001,170.69000000000003,0.3299999999999983,5.030000000000001,53.72
2026-01-01 16:29:00,56.45,55.04,176.14,13.83,24.4,2,54.51,54.18,52.74,177.0,171.97,163.1,55.046666666666674,175.03666666666666,1.9400000000000048,-0.8600000000000136,53.22
2026-01-01 16:30:00,55.55,56.44,176.58,13.54,24.73,2,56.45,54.51,54.18,176.14,177.0,171.97,55.50333333333334,176.57333333333335,-0.9000000000000057,0.44000000000002615,53.23
2026-01-01 16:31:00,56.41,51.96,177.9,14.71,26.49,2,55.55,56.45,54.51,176.58,176.14,177.0,56.13666666666668,176.87333333333333,0.8599999999999994,1.3199999999999932,52.34
2026-01-01 16:32:00,53.89,54.18,167.86,16.12,23.55,2,56.41,55.55,56.45,177.9,176.58,176.14,55.28333333333334,174.11333333333334,-2.519999999999996,-10.039999999999992,52.86
2026-01-01 16:33:00,53.72,51.61,167.59,13.04,24.27,2,53.89,56.41,55.55,167.86,177.9,176.58,54.673333333333346,171.11666666666667,-0.1700000000000017,-0.27000000000001023,54.9
2026-01-01 16:34:00,53.22,50.67,165.17,14.32,25.13,2,53.72,53.89,56.41,167.59,167.86,177.9,53.610000000000014,166.87333333333333,-0.5,-2.420000000000016,54.16
2026-01-01 16:35:00,53.23,52.15,161.35,12.73,21.67,2,53.22,53.72,53.89,165.17,167.59,167.86,53.39000000000001,164.70333333333335,0.00999999999999801,-3.819999999999993,52.16
2026-01-01 16:36:00,52.34,55.7,161.44,13.33,20.84,2,53.23,53.22,53.72,161.35,165.17,167.59,52.93000000000001,162.65333333333334,-0.8899999999999935,0.09000000000000341,57.8
2026-01-01 16:37:00,52.86,55.4,171.91,12.35,25.03,2,52.34,53.23,53.22,161.44,161.35,165.17,52.81,164.89999999999998,0.519999999999996,10.469999999999999,62.62
2026-01-01 16:38:00,54.9,54.7,175.76,14.61,25.62,2,52.86,52.34,53.23,171.91,161.44,161.35,53.366666666666674,169.70333333333335,2.039999999999999,3.8499999999999943,63.11
2026-01-01 16:39:00,54.16,50.89,173.25,14.44,27.84,2,54.9,52.86,52.34,175.76,171.91,161.44,53.973333333333336,173.64,-0.740000000000002,-2.509999999999991,67.54
2026-01-01 16:40:00,52.16,52.86,176.65,15.83,24.63,2,54.16,54.9,52.86,173.25,175.76,171.91,53.74000000000001,175.22000000000003,-2.0,3.4000000000000057,70.25
2026-01-01 16:41:00,57.8,55.83,203.91,17.67,26.63,2,52.16,54.16,54.9,176.65,173.25,175.76,54.70666666666667,184.60333333333335,5.640000000000001,27.25999999999999,74.66
2026-01-01 16:42:00,62.62,57.27,228.22,17.6,25.98,2,57.8,52.16,54.16,203.91,176.65,173.25,57.52666666666667,202.92666666666665,4.82,24.310000000000002,79.23
2026-01-01 16:43:00,63.11,53.4,247.86,22.69,26.81,2,62.62,57.8,52.16,228.22,203.91,176.65,61.17666666666668,226.66333333333333,0.490000000000002,19.640000000000015,82.97
2026-01-01 16:44:00,67.54,56.86,264.0,22.76,29.66,2,63.11,62.62,57.8,247.86,228.22,203.91,64.42333333333335,246.69333333333336,4.430000000000007,16.139999999999986,86.26
2026-01-01 16:45:00,70.25,59.46,287.17,24.71,24.55,2,67.54,63.11,62.62,264.0,247.86,228.22,66.96666666666668,266.3433333333333,2.7099999999999937,23.170000000000016,89.64
2026-01-01 16:46:00,74.66,62.2,308.57,26.21,30.69,2,70.25,67.54,63.11,287.17,264.0,247.86,70.81666666666668,286.58,4.409999999999997,21.399999999999977,93.29
2026-01-01 16:47:00,79.23,58.34,332.36,27.47,35.7,2,74.66,70.25,67.54,308.57,287.17,264.0,74.71333333333335,309.3666666666667,4.570000000000007,23.79000000000002,97.14
2026-01-01 16:48:00,82.97,63.71,354.54,30.46,34.9,3,79.23,74.66,70.25,332.36,308.57,287.17,78.95333333333333,331.8233333333333,3.739999999999995,22.180000000000007,98.0
2026-01-01 16:49:00,86.26,65.48,378.63,32.9,38.69,3,82.97,79.23,74.66,354.54,332.36,308.57,82.82000000000001,355.1766666666667,3.2900000000000063,24.089999999999975,98.0
2026-01-01 16:50:00,89.64,68.07,394.46,30.91,37.07,3,86.26,82.97,79.23,378.63,354.54,332.36,86.29,375.8766666666667,3.3799999999999955,15.829999999999984,98.0
2026-01-01 16:51:00,93.29,69.04,419.89,34.88,39.89,3,89.64,86.26,82.97,394.46,378.63,354.54,89.73000000000002,397.66,3.6500000000000057,25.430000000000007,98.0
2026-01-01 16:52:00,97.14,70.16,439.29,36.96,42.03,3,93.29,89.64,86.26,419.89,394.46,378.63,93.35666666666668,417.87999999999994,3.8499999999999943,19.400000000000034,98.0
2026-01-01 16:53:00,98.0,67.7,468.12,40.17,39.11,3,97.14,93.29,89.64,439.29,419.89,394.46,96.14333333333336,442.43333333333334,0.8599999999999994,28.829999999999984,98.0
2026-01-01 16:54:00,98.0,65.48,482.43,42.8,40.69,3,98.0,97.14,93.29,468.12,439.29,419.89,97.71333333333335,463.28000000000003,0.0,14.310000000000002,98.0
2026-01-01 16:55:00,98.0,68.51,500.0,41.34,40.79,3,98.0,98.0,97.14,482.43,468.12,439.29,98.0,483.5166666666667,0.0,17.569999999999993,98.0
2026-01-01 16:56:00,98.0,71.3,500.0,41.75,43.67,3,98.0,98.0,98.0,500.0,482.43,468.12,98.0,494.14333333333326,0.0,0.0,98.0
2026-01-01 16:57:00,98.0,72.09,500.0,41.73,43.75,3,98.0,98.0,98.0,500.0,500.0,482.43,98.0,500.0,0.0,0.0,98.0
2026-01-01 16:58:00,98.0,70.72,500.0,41.3,42.93,3,98.0,98.0,98.0,500.0,500.0,500.0,98.0,500.0,0.0,0.0,98.0
2026-01-01 16:59:00,98.0,70.16,500.0,41.98,43.68,3,98.0,98.0,98.0,500.0,500.0,500.0,98.0,500.0,0.0,0.0,98.0
2026-01-01 17:00:00,98.0,70.06,491.29,42.92,42.19,3,98.0,98.0,98.0,500.0,500.0,500.0,98.0,497.09666666666664,0.0,-8.70999999999998,98.0
2026-01-01 17:01:00,98.0,68.19,468.2,38.22,44.24,3,98.0,98.0,98.0,491.29,500.0,500.0,98.0,486.49666666666667,0.0,-23.090000000000032,98.0
2026-01-01 17:02:00,98.0,69.04,439.88,38.03,42.45,3,98.0,98.0,98.0,468.2,491.29,500.0,98.0,466.45666666666665,0.0,-28.319999999999993,95.34
2026-01-01 17:03:00,98.0,72.64,414.97,32.72,42.53,3,98.0,98.0,98.0,439.88,468.2,491.29,98.0,441.0166666666667,0.0,-24.909999999999968,90.95
2026-01-01 17:04:00,98.0,67.41,401.28,33.27,42.04,3,98.0,98.0,98.0,414.97,439.88,468.2,98.0,418.71000000000004,0.0,-13.690000000000055,87.59
2026-01-01 17:05:00,98.0,72.53,385.01,32.23,43.47,3,98.0,98.0,98.0,401.28,414.97,439.88,98.0,400.42,0.0,-16.269999999999982,82.01
2026-01-01 17:06:00,98.0,68.66,362.0,33.28,41.81,3,98.0,98.0,98.0,385.01,401.28,414.97,98.0,382.7633333333333,0.0,-23.00999999999999,78.58
2026-01-01 17:07:00,95.34,71.02,337.23,28.25,42.49,3,98.0,98.0,98.0,362.0,385.01,401.28,97.11333333333334,361.41333333333336,-2.6599999999999966,-24.769999999999982,76.09
2026-01-01 17:08:00,90.95,64.02,313.25,23.32,37.01,3,95.34,98.0,98.0,337.23,362.0,385.01,94.76333333333336,337.49333333333334,-4.390000000000001,-23.980000000000018,68.34
2026-01-01 17:09:00,87.59,66.83,292.06,21.83,35.27,3,90.95,95.34,98.0,313.25,337.23,362.0,91.29333333333335,314.18,-3.3599999999999994,-21.189999999999998,61.08
2026-01-01 17:10:00,82.01,62.23,262.78,22.39,35.0,3,87.59,90.95,95.34,292.06,313.25,337.23,86.85000000000001,289.3633333333333,-5.579999999999998,-29.28000000000003,57.17
2026-01-01 17:11:00,78.58,59.67,238.07,21.16,32.02,2,82.01,87.59,90.95,262.78,292.06,313.25,82.72666666666667,264.30333333333334,-3.430000000000007,-24.70999999999998,55.68
2026-01-01 17:12:00,76.09,62.07,206.68,18.13,30.15,2,78.58,82.01,87.59,238.07,262.78,292.06,78.89333333333335,235.84333333333333,-2.489999999999995,-31.389999999999986,52.69
2026-01-01 17:13:00,68.34,60.94,186.54,16.11,28.64,2,76.09,78.58,82.01,206.68,238.07,262.78,74.33666666666667,210.42999999999998,-7.75,-20.140000000000015,52.64
2026-01-01 17:14:00,61.08,54.69,167.65,15.99,25.08,2,68.34,76.09,78.58,186.54,206.68,238.07,68.50333333333334,186.95666666666668,-7.260000000000005,-18.889999999999986,48.44
2026-01-01 17:15:00,57.17,52.01,143.03,11.35,24.99,2,61.08,68.34,76.09,167.65,186.54,206.68,62.19666666666668,165.74,-3.9099999999999966,-24.620000000000005,49.05
2026-01-01 17:16:00,55.68,54.3,149.05,14.01,27.12,2,57.17,61.08,68.34,143.03,167.65,186.54,57.97666666666668,153.24333333333334,-1.490000000000002,6.02000000000001,48.0
2026-01-01 17:17:00,52.69,53.27,140.6,9.5,26.79,2,55.68,57.17,61.08,149.05,143.03,167.65,55.18000000000001,144.22666666666666,-2.990000000000002,-8.450000000000017,50.52
2026-01-01 17:18:00,52.64,54.52,131.63,9.83,26.83,2,52.69,55.68,57.17,140.6,149.05,143.03,53.67000000000001,140.42666666666665,-0.04999999999999716,-8.969999999999999,52.83
2026-01-01 17:19:00,48.44,53.85,131.82,8.49,23.3,2,52.64,52.69,55.68,131.63,140.6,149.05,51.25666666666667,134.68333333333334,-4.200000000000003,0.18999999999999773,50.06
2026-01-01 17:20:00,49.05,52.05,136.11,11.16,25.68,2,48.44,52.64,52.69,131.82,131.63,140.6,50.043333333333344,133.18666666666667,0.6099999999999994,4.2900000000000205,48.4
2026-01-01 17:21:00,48.0,55.51,143.24,12.11,22.22,2,49.05,48.44,52.64,136.11,131.82,131.63,48.49666666666668,137.05666666666667,-1.0499999999999972,7.1299999999999955,49.64
2026-01-01 17:22:00,50.52,53.13,139.09,11.99,22.73,2,48.0,49.05,48.44,143.24,136.11,131.82,49.19000000000002,139.48000000000002,2.520000000000003,-4.150000000000006,48.69
2026-01-01 17:23:00,52.83,52.8,142.96,12.24,20.98,2,50.52,48.0,49.05,139.09,143.24,136.11,50.45000000000001,141.76333333333335,2.309999999999995,3.8700000000000045,47.9
2026-01-01 17:24:00,50.06,49.3,140.93,10.59,26.52,2,52.83,50.52,48.0,142.96,139.09,143.24,51.13666666666668,140.99333333333334,-2.769999999999996,-2.030000000000001,47.94
2026-01-01 17:25:00,48.4,51.41,138.39,11.48,22.42,2,50.06,52.83,50.52,140.93,142.96,139.09,50.43000000000001,140.76,-1.6600000000000037,-2.5400000000000205,45.42
2026-01-01 17:26:00,49.64,51.7,141.34,9.77,23.75,2,48.4,50.06,52.83,138.39,140.93,142.96,49.366666666666674,140.22,1.240000000000002,2.950000000000017,46.28
2026-01-01 17:27:00,48.69,53.96,142.89,14.19,22.4,2,49.64,48.4,50.06,141.34,138.39,140.93,48.910000000000004,140.87333333333333,-0.9500000000000028,1.549999999999983,45.86
2026-01-01 17:28:00,47.9,52.69,133.18,10.86,24.67,2,48.69,49.64,48.4,142.89,141.34,138.39,48.74333333333334,139.13666666666666,-0.7899999999999991,-9.70999999999998,45.94
2026-01-01 17:29:00,47.94,49.42,139.51,11.12,23.07,2,47.9,48.69,49.64,133.18,142.89,141.34,48.17666666666668,138.52666666666664,0.03999999999999915,6.329999999999984,48.87
2026-01-01 17:30:00,45.42,51.24,144.85,14.7,21.22,2,47.94,47.9,48.69,139.51,133.18,142.89,47.08666666666668,139.17999999999998,-2.519999999999996,5.340000000000003,46.41
2026-01-01 17:31:00,46.28,52.54,139.73,10.01,23.99,2,45.42,47.94,47.9,144.85,139.51,133.18,46.54666666666668,141.36333333333334,0.8599999999999994,-5.1200000000000045,47.6
2026-01-01 17:32:00,45.86,54.11,140.13,10.22,21.1,2,46.28,45.42,47.94,139.73,144.85,139.51,45.853333333333346,141.57000000000002,-0.4200000000000017,0.4000000000000057,46.66
2026-01-01 17:33:00,45.94,52.85,140.99,10.34,22.01,2,45.86,46.28,45.42,140.13,139.73,144.85,46.02666666666668,140.28333333333333,0.0799999999999983,0.8600000000000136,46.39
2026-01-01 17:34:00,48.87,53.63,140.61,11.85,20.64,2,45.94,45.86,46.28,140.99,140.13,139.73,46.89000000000001,140.57666666666668,2.9299999999999997,-0.37999999999999545,47.93
2026-01-01 17:35:00,46.41,51.37,136.21,12.23,21.22,2,48.87,45.94,45.86,140.61,140.99,140.13,47.073333333333345,139.27,-2.460000000000001,-4.400000000000006,48.03
2026-01-01 17:36:00,47.6,52.44,131.56,12.29,23.84,2,46.41,48.87,45.94,136.21,140.61,140.99,47.62666666666667,136.1266666666667,1.1900000000000048,-4.650000000000006,48.63
2026-01-01 17:37:00,46.66,53.83,130.51,14.95,20.45,2,47.6,46.41,48.87,131.56,136.21,140.61,46.89000000000001,132.76,-0.9400000000000048,-1.0500000000000114,48.53
2026-01-01 17:38:00,46.39,48.57,135.53,8.15,21.13,2,46.66,47.6,46.41,130.51,131.56,136.21,46.88333333333335,132.53333333333333,-0.269999999999996,5.02000000000001,46.91
2026-01-01 17:39:00,47.93,51.08,137.01,12.56,23.62,2,46.39,46.66,47.6,135.53,130.51,131.56,46.99333333333334,134.35,1.5399999999999991,1.4799999999999898,44.8
2026-01-01 17:40:00,48.03,50.27,133.79,10.54,22.83,2,47.93,46.39,46.66,137.01,135.53,130.51,47.45000000000001,135.44333333333333,0.10000000000000142,-3.219999999999999,42.6
2026-01-01 17:41:00,48.63,52.78,136.55,10.73,26.74,2,48.03,47.93,46.39,133.79,137.01,135.53,48.19666666666668,135.78333333333333,0.6000000000000014,2.7600000000000193,41.19
2026-01-01 17:42:00,48.53,54.45,120.98,9.35,26.49,2,48.63,48.03,47.93,136.55,133.79,137.01,48.396666666666675,130.44000000000003,-0.10000000000000142,-15.570000000000007,45.53
2026-01-01 17:43:00,46.91,50.23,126.65,9.4,22.14,2,48.53,48.63,48.03,120.98,136.55,133.79,48.02333333333334,128.06,-1.6200000000000045,5.670000000000002,46.29
2026-01-01 17:44:00,44.8,45.9,117.42,12.51,23.9,2,46.91,48.53,48.63,126.65,120.98,136.55,46.74666666666667,121.68333333333334,-2.1099999999999994,-9.230000000000004,42.78
2026-01-01 17:45:00,42.6,49.08,115.81,11.11,23.79,2,44.8,46.91,48.53,117.42,126.65,120.98,44.77000000000001,119.96,-2.1999999999999957,-1.6099999999999994,40.71
2026-01-01 17:46:00,41.19,51.24,110.55,9.43,21.52,2,42.6,44.8,46.91,115.81,117.42,126.65,42.863333333333344,114.59333333333335,-1.4100000000000037,-5.260000000000005,42.1
2026-01-01 17:47:00,45.53,52.01,104.83,10.94,20.95,2,41.19,42.6,44.8,110.55,115.81,117.42,43.106666666666676,110.39666666666666,4.340000000000003,-5.719999999999999,43.3
2026-01-01 17:48:00,46.29,52.06,111.85,7.24,23.31,2,45.53,41.19,42.6,104.83,110.55,115.81,44.33666666666668,109.07666666666667,0.759999999999998,7.019999999999996,44.14
2026-01-01 17:49:00,42.78,49.41,110.16,7.37,22.44,2,46.29,45.53,41.19,111.85,104.83,110.55,44.866666666666674,108.94666666666666,-3.509999999999998,-1.6899999999999977,43.04
2026-01-01 17:50:00,40.71,46.69,112.68,6.31,21.67,2,42.78,46.29,45.53,110.16,111.85,104.83,43.26000000000001,111.56333333333333,-2.0700000000000003,2.5200000000000102,42.93
2026-01-01 17:51:00,42.1,50.76,113.03,8.56,23.24,2,40.71,42.78,46.29,112.68,110.16,111.85,41.863333333333344,111.95666666666666,1.3900000000000006,0.3499999999999943,43.38
2026-01-01 17:52:00,43.3,48.49,115.97,10.1,21.67,2,42.1,40.71,42.78,113.03,112.68,110.16,42.036666666666676,113.89333333333333,1.1999999999999957,2.9399999999999977,42.8
2026-01-01 17:53:00,44.14,54.82,116.68,10.07,21.22,2,43.3,42.1,40.71,115.97,113.03,112.68,43.18000000000001,115.22666666666667,0.8400000000000034,0.710000000000008,38.89
2026-01-01 17:54:00,43.04,51.21,110.53,9.62,22.91,2,44.14,43.3,42.1,116.68,115.97,113.03,43.49333333333334,114.39333333333333,-1.1000000000000014,-6.150000000000006,39.94
2026-01-01 17:55:00,42.93,48.86,116.27,7.77,23.31,2,43.04,44.14,43.3,110.53,116.68,115.97,43.370000000000005,114.49333333333334,-0.10999999999999943,5.739999999999995,40.02
2026-01-01 17:56:00,43.38,48.96,114.1,10.9,21.04,2,42.93,43.04,44.14,116.27,110.53,116.68,43.116666666666674,113.63333333333333,0.45000000000000284,-2.1700000000000017,41.49
2026-01-01 17:57:00,42.8,49.8,106.79,9.44,24.1,2,43.38,42.93,43.04,114.1,116.27,110.53,43.03666666666668,112.38666666666666,-0.5800000000000054,-7.309999999999988,46.56
2026-01-01 17:58:00,38.89,48.13,105.71,10.08,19.34,2,42.8,43.38,42.93,106.79,114.1,116.27,41.690000000000005,108.86666666666667,-3.9099999999999966,-1.0800000000000125,45.83
2026-01-01 17:59:00,39.94,51.21,114.35,6.88,21.32,2,38.89,42.8,43.38,105.71,106.79,114.1,40.543333333333344,108.94999999999999,1.0499999999999972,8.64,45.1
2026-01-01 18:00:00,40.02,49.38,119.06,10.59,21.82,2,39.94,38.89,42.8,114.35,105.71,106.79,39.616666666666674,113.04,0.0800000000000054,4.710000000000008,46.58
2026-01-01 18:01:00,41.49,48.06,117.39,8.2,21.51,2,40.02,39.94,38.89,119.06,114.35,105.71,40.48333333333335,116.93333333333334,1.4699999999999989,-1.6700000000000017,46.99
2026-01-01 18:02:00,46.56,55.08,115.85,9.25,22.53,2,41.49,40.02,39.94,117.39,119.06,114.35,42.69000000000002,117.43333333333332,5.07,-1.5400000000000063,47.48
2026-01-01 18:03:00,45.83,51.14,114.57,10.54,26.06,2,46.56,41.49,40.02,115.85,117.39,119.06,44.62666666666667,115.93666666666665,-0.730000000000004,-1.2800000000000011,48.09
2026-01-01 18:04:00,45.1,52.32,125.39,10.79,21.84,2,45.83,46.56,41.49,114.57,115.85,117.39,45.830000000000005,118.60333333333334,-0.7299999999999969,10.820000000000007,50.5
2026-01-01 18:05:00,46.58,50.09,126.87,9.51,27.05,2,45.1,45.83,46.56,125.39,114.57,115.85,45.83666666666667,122.27666666666666,1.4799999999999969,1.480000000000004,47.15
2026-01-01 18:06:00,46.99,52.17,128.47,10.93,24.11,2,46.58,45.1,45.83,126.87,125.39,114.57,46.22333333333335,126.91000000000001,0.4100000000000037,1.5999999999999943,47.31
2026-01-01 18:07:00,47.48,52.24,132.94,9.0,23.68,2,46.99,46.58,45.1,128.47,126.87,125.39,47.01666666666667,129.42666666666668,0.4899999999999949,4.469999999999999,45.25
2026-01-01 18:08:00,48.09,48.05,133.1,13.04,24.37,2,47.48,46.99,46.58,132.94,128.47,126.87,47.52000000000001,131.50333333333333,0.6100000000000065,0.1599999999999966,46.36
2026-01-01 18:09:00,50.5,56.7,130.76,10.81,27.88,2,48.09,47.48,46.99,133.1,132.94,128.47,48.690000000000005,132.26666666666665,2.4099999999999966,-2.3400000000000034,44.82
2026-01-01 18:10:00,47.15,54.08,128.92,12.64,22.0,2,50.5,48.09,47.48,130.76,133.1,132.94,48.58000000000001,130.92666666666665,-3.3500000000000014,-1.8400000000000034,44.78
2026-01-01 18:11:00,47.31,50.76,127.85,10.08,21.83,2,47.15,50.5,48.09,128.92,130.76,133.1,48.320000000000014,129.17666666666665,0.1600000000000037,-1.0699999999999932,44.84
2026-01-01 18:12:00,45.25,48.63,127.03,10.01,22.01,2,47.31,47.15,50.5,127.85,128.92,130.76,46.570000000000014,127.93333333333332,-2.0600000000000023,-0.8199999999999932,46.75
2026-01-01 18:13:00,46.36,51.92,130.11,9.91,23.39,2,45.25,47.31,47.15,127.03,127.85,128.92,46.30666666666667,128.33,1.1099999999999994,3.0800000000000125,47.15
2026-01-01 18:14:00,44.82,50.86,129.56,12.33,20.48,2,46.36,45.25,47.31,130.11,127.03,127.85,45.47666666666667,128.9,-1.5399999999999991,-0.5500000000000114,44.48
2026-01-01 18:15:00,44.78,51.38,132.46,10.19,23.09,2,44.82,46.36,45.25,129.56,130.11,127.03,45.320000000000014,130.71,-0.03999999999999915,2.9000000000000057,44.79
2026-01-01 18:16:00,44.84,51.08,131.06,12.11,25.61,2,44.78,44.82,46.36,132.46,129.56,130.11,44.813333333333354,131.02666666666667,0.060000000000002274,-1.4000000000000057,44.17
2026-01-01 18:17:00,46.75,52.37,130.57,10.52,23.64,2,44.84,44.78,44.82,131.06,132.46,129.56,45.45666666666668,131.36333333333334,1.9099999999999966,-0.4900000000000091,41.87
2026-01-01 18:18:00,47.15,54.4,119.73,7.21,23.05,2,46.75,44.84,44.78,130.57,131.06,132.46,46.24666666666668,127.11999999999999,0.3999999999999986,-10.83999999999999,42.69
2026-01-01 18:19:00,44.48,51.7,124.33,9.71,22.08,2,47.15,46.75,44.84,119.73,130.57,131.06,46.12666666666667,124.87666666666667,-2.6700000000000017,4.599999999999994,43.01
2026-01-01 18:20:00,44.79,48.58,125.72,8.92,24.41,2,44.48,47.15,46.75,124.33,119.73,130.57,45.473333333333336,123.25999999999999,0.3100000000000023,1.3900000000000006,47.69
2026-01-01 18:21:00,44.17,53.18,130.25,11.12,21.71,2,44.79,44.48,47.15,125.72,124.33,119.73,44.48000000000001,126.76666666666665,-0.6199999999999974,4.530000000000001,47.31
2026-01-01 18:22:00,41.87,52.94,114.95,7.99,25.31,2,44.17,44.79,44.48,130.25,125.72,124.33,43.610000000000014,123.64,-2.3000000000000043,-15.299999999999997,44.55
2026-01-01 18:23:00,42.69,56.25,125.8,12.08,25.59,2,41.87,44.17,44.79,114.95,130.25,125.72,42.910000000000004,123.66666666666667,0.8200000000000003,10.849999999999994,43.56
2026-01-01 18:24:00,43.01,47.81,124.63,10.46,23.13,2,42.69,41.87,44.17,125.8,114.95,130.25,42.52333333333334,121.79333333333334,0.3200000000000003,-1.1700000000000017,45.08
2026-01-01 18:25:00,47.69,52.18,129.8,10.77,23.57,2,43.01,42.69,41.87,124.63,125.8,114.95,44.46333333333334,126.74333333333334,4.68,5.170000000000016,48.35
2026-01-01 18:26:00,47.31,47.4,123.82,11.51,25.06,2,47.69,43.01,42.69,129.8,124.63,125.8,46.00333333333334,126.08333333333333,-0.37999999999999545,-5.980000000000018,44.86
2026-01-01 18:27:00,44.55,51.7,126.58,12.21,24.66,2,47.31,47.69,43.01,123.82,129.8,124.63,46.51666666666668,126.73333333333333,-2.760000000000005,2.760000000000005,42.19
2026-01-01 18:28:00,43.56,49.15,120.79,10.24,21.63,2,44.55,47.31,47.69,126.58,123.82,129.8,45.140000000000015,123.73,-0.9899999999999949,-5.789999999999992,46.35
2026-01-01 18:29:00,45.08,54.63,117.6,8.84,22.32,2,43.56,44.55,47.31,120.79,126.58,123.82,44.396666666666675,121.65666666666668,1.519999999999996,-3.190000000000012,46.95
2026-01-01 18:30:00,48.35,50.37,127.37,8.17,21.72,2,45.08,43.56,44.55,117.6,120.79,126.58,45.663333333333334,121.92,3.270000000000003,9.77000000000001,45.43
2026-01-01 18:31:00,44.86,47.32,125.82,9.67,23.69,2,48.35,45.08,43.56,127.37,117.6,120.79,46.09666666666667,123.59666666666665,-3.490000000000002,-1.5500000000000114,46.62
2026-01-01 18:32:00,42.19,48.82,126.44,9.82,23.59,2,44.86,48.35,45.08,125.82,127.37,117.6,45.13333333333335,126.54333333333334,-2.6700000000000017,0.6200000000000045,43.4
2026-01-01 18:33:00,46.35,47.27,130.28,11.23,21.32,2,42.19,44.86,48.35,126.44,125.82,127.37,44.466666666666676,127.51333333333332,4.160000000000004,3.8400000000000034,45.12
2026-01-01 18:34:00,46.95,52.93,131.94,10.7,22.77,2,46.35,42.19,44.86,130.28,126.44,125.82,45.16333333333335,129.5533333333333,0.6000000000000014,1.6599999999999966,46.67
2026-01-01 18:35:00,45.43,46.77,131.73,12.23,21.16,2,46.95,46.35,42.19,131.94,130.28,126.44,46.24333333333334,131.31666666666666,-1.5200000000000031,-0.21000000000000796,48.82
2026-01-01 18:36:00,46.62,51.37,132.62,10.35,22.04,2,45.43,46.95,46.35,131.73,131.94,130.28,46.33333333333334,132.09666666666666,1.1899999999999977,0.8900000000000148,47.57
2026-01-01 18:37:00,43.4,46.03,143.63,12.12,23.64,2,46.62,45.43,46.95,132.62,131.73,131.94,45.150000000000006,135.99333333333334,-3.219999999999999,11.009999999999991,48.66
2026-01-01 18:38:00,45.12,50.15,141.45,13.8,22.02,2,43.4,46.62,45.43,143.63,132.62,131.73,45.046666666666674,139.23333333333332,1.7199999999999989,-2.180000000000007,47.9
2026-01-01 18:39:00,46.67,54.62,140.74,12.48,22.95,2,45.12,43.4,46.62,141.45,143.63,132.62,45.06333333333334,141.94,1.5500000000000043,-0.7099999999999795,48.6
2026-01-01 18:40:00,48.82,52.81,144.33,12.18,21.35,2,46.67,45.12,43.4,140.74,141.45,143.63,46.870000000000005,142.17333333333332,2.1499999999999986,3.5900000000000034,47.76
2026-01-01 18:41:00,47.57,49.92,147.91,11.67,23.84,2,48.82,46.67,45.12,144.33,140.74,141.45,47.686666666666675,144.32666666666668,-1.25,3.579999999999984,47.38
2026-01-01 18:42:00,48.66,51.97,151.62,11.94,23.69,2,47.57,48.82,46.67,147.91,144.33,140.74,48.350000000000016,147.95333333333335,1.0899999999999963,3.710000000000008,46.23
2026-01-01 18:43:00,47.9,51.8,152.28,11.67,22.53,2,48.66,47.57,48.82,151.62,147.91,144.33,48.043333333333344,150.60333333333332,-0.759999999999998,0.6599999999999966,47.57
2026-01-01 18:44:00,48.6,52.95,143.98,11.43,23.46,2,47.9,48.66,47.57,152.28,151.62,147.91,48.38666666666668,149.29333333333332,0.7000000000000028,-8.300000000000011,48.63
2026-01-01 18:45:00,47.76,48.98,150.23,13.9,23.87,2,48.6,47.9,48.66,143.98,152.28,151.62,48.08666666666668,148.83,-0.8400000000000034,6.25,47.72
2026-01-01 18:46:00,47.38,52.77,142.08,11.74,22.31,2,47.76,48.6,47.9,150.23,143.98,152.28,47.91333333333335,145.43,-0.37999999999999545,-8.149999999999977,47.56
2026-01-01 18:47:00,46.23,45.77,141.83,10.03,21.11,2,47.38,47.76,48.6,142.08,150.23,143.98,47.12333333333334,144.71333333333334,-1.1500000000000057,-0.25,45.29
2026-01-01 18:48:00,47.57,50.39,136.31,14.24,26.27,2,46.23,47.38,47.76,141.83,142.08,150.23,47.06000000000001,140.07333333333335,1.3400000000000034,-5.52000000000001,46.01
2026-01-01 18:49:00,48.63,51.05,134.68,11.93,22.8,2,47.57,46.23,47.38,136.31,141.83,142.08,47.47666666666668,137.60666666666668,1.0600000000000023,-1.6299999999999955,46.88
2026-01-01 18:50:00,47.72,52.97,135.15,9.38,23.44,2,48.63,47.57,46.23,134.68,136.31,141.83,47.973333333333336,135.38,-0.9100000000000037,0.46999999999999886,51.24
2026-01-01 18:51:00,47.56,51.69,135.55,10.86,25.08,2,47.72,48.63,47.57,135.15,134.68,136.31,47.970000000000006,135.1266666666667,-0.1599999999999966,0.4000000000000057,48.69
2026-01-01 18:52:00,45.29,48.04,136.41,11.76,28.45,2,47.56,47.72,48.63,135.55,135.15,134.68,46.856666666666676,135.70333333333335,-2.270000000000003,0.8599999999999852,51.19
2026-01-01 18:53:00,46.01,49.13,143.17,14.73,21.42,2,45.29,47.56,47.72,136.41,135.55,135.15,46.28666666666667,138.37666666666667,0.7199999999999989,6.759999999999991,51.52
2026-01-01 18:54:00,46.88,51.81,143.58,10.54,24.11,2,46.01,45.29,47.56,143.17,136.41,135.55,46.06000000000001,141.0533333333333,0.8700000000000045,0.410000000000025,50.77
2026-01-01 18:55:00,51.24,52.78,140.48,13.4,23.16,2,46.88,46.01,45.29,143.58,143.17,136.41,48.04333333333335,142.41,4.359999999999999,-3.1000000000000227,52.62
2026-01-01 18:56:00,48.69,50.88,143.66,14.31,22.96,2,51.24,46.88,46.01,140.48,143.58,143.17,48.936666666666675,142.57333333333335,-2.5500000000000043,3.180000000000007,51.52
2026-01-01 18:57:00,51.19,51.95,147.71,11.61,23.13,2,48.69,51.24,46.88,143.66,140.48,143.58,50.37333333333334,143.95,2.5,4.050000000000011,51.2
2026-01-01 18:58:00,51.52,54.42,139.36,11.43,22.59,2,51.19,48.69,51.24,147.71,143.66,140.48,50.466666666666676,143.57666666666668,0.3300000000000054,-8.349999999999994,50.13
2026-01-01 18:59:00,50.77,51.73,140.8,10.41,24.08,2,51.52,51.19,48.69,139.36,147.71,143.66,51.160000000000004,142.62333333333336,-0.75,1.4399999999999977,51.28
2026-01-01 19:00:00,52.62,53.24,142.64,11.82,22.26,2,50.77,51.52,51.19,140.8,139.36,147.71,51.63666666666668,140.93333333333334,1.8499999999999943,1.839999999999975,51.66
2026-01-01 19:01:00,51.52,57.37,139.34,11.79,25.69,2,52.62,50.77,51.52,142.64,140.8,139.36,51.63666666666668,140.92666666666665,-1.0999999999999943,-3.299999999999983,49.22
2026-01-01 19:02:00,51.2,50.07,144.67,13.29,24.3,2,51.52,52.62,50.77,139.34,142.64,140.8,51.78000000000001,142.21666666666667,-0.3200000000000003,5.329999999999984,46.12
2026-01-01 19:03:00,50.13,48.84,141.95,13.7,24.66,2,51.2,51.52,52.62,144.67,139.34,142.64,50.95000000000001,141.98666666666665,-1.0700000000000003,-2.719999999999999,45.22
2026-01-01 19:04:00,51.28,54.52,140.82,10.85,23.53,2,50.13,51.2,51.52,141.95,144.67,139.34,50.87000000000001,142.48,1.1499999999999986,-1.1299999999999955,44.28
2026-01-01 19:05:00,51.66,51.72,138.29,8.8,23.75,2,51.28,50.13,51.2,140.82,141.95,144.67,51.02333333333334,140.35333333333332,0.37999999999999545,-2.530000000000001,44.43
2026-01-01 19:06:00,49.22,51.59,136.9,11.6,24.29,2,51.66,51.28,50.13,138.29,140.82,141.95,50.720000000000006,138.67,-2.4399999999999977,-1.3899999999999864,46.1
2026-01-01 19:07:00,46.12,49.58,130.07,11.5,21.56,2,49.22,51.66,51.28,136.9,138.29,140.82,49.00000000000001,135.08666666666667,-3.1000000000000014,-6.8300000000000125,43.89
2026-01-01 19:08:00,45.22,50.31,122.06,10.75,22.6,2,46.12,49.22,51.66,130.07,136.9,138.29,46.853333333333346,129.67666666666668,-0.8999999999999986,-8.009999999999991,42.92
2026-01-01 19:09:00,44.28,53.7,129.87,10.55,21.68,2,45.22,46.12,49.22,122.06,130.07,136.9,45.20666666666668,127.33333333333333,-0.9399999999999977,7.810000000000002,42.05
2026-01-01 19:10:00,44.43,52.15,124.85,10.8,21.66,2,44.28,45.22,46.12,129.87,122.06,130.07,44.643333333333345,125.59333333333332,0.14999999999999858,-5.02000000000001,43.35
2026-01-01 19:11:00,46.1,52.86,119.5,12.43,20.13,2,44.43,44.28,45.22,124.85,129.87,122.06,44.936666666666675,124.74000000000001,1.6700000000000017,-5.349999999999994,39.96
2026-01-01 19:12:00,43.89,47.53,108.77,9.82,24.91,2,46.1,44.43,44.28,119.5,124.85,129.87,44.80666666666667,117.70666666666666,-2.210000000000001,-10.730000000000004,40.0
2026-01-01 19:13:00,42.92,47.72,106.48,8.49,21.7,2,43.89,46.1,44.43,108.77,119.5,124.85,44.30333333333334,111.58333333333333,-0.9699999999999989,-2.289999999999992,42.07
2026-01-01 19:14:00,42.05,44.04,100.94,7.83,24.31,2,42.92,43.89,46.1,106.48,108.77,119.5,42.95333333333334,105.39666666666666,-0.8700000000000045,-5.540000000000006,45.22
2026-01-01 19:15:00,43.35,48.55,110.68,9.15,24.41,2,42.05,42.92,43.89,100.94,106.48,108.77,42.77333333333334,106.03333333333335,1.3000000000000043,9.740000000000009,44.56
2026-01-01 19:16:00,39.96,50.9,116.47,12.36,20.26,2,43.35,42.05,42.92,110.68,100.94,106.48,41.786666666666676,109.36333333333334,-3.3900000000000006,5.789999999999992,41.14
2026-01-01 19:17:00,40.0,50.03,113.31,9.36,20.57,2,39.96,43.35,42.05,116.47,110.68,100.94,41.103333333333346,113.48666666666668,0.03999999999999915,-3.1599999999999966,43.5
2026-01-01 19:18:00,42.07,49.28,125.11,10.6,26.41,2,40.0,39.96,43.35,113.31,116.47,110.68,40.67666666666668,118.29666666666667,2.0700000000000003,11.799999999999997,42.62
2026-01-01 19:19:00,45.22,50.78,129.61,10.29,25.77,2,42.07,40.0,39.96,125.11,113.31,116.47,42.43000000000001,122.67666666666666,3.1499999999999986,4.500000000000014,40.66
2026-01-01 19:20:00,44.56,49.22,127.22,12.46,22.97,2,45.22,42.07,40.0,129.61,125.11,113.31,43.95000000000001,127.31333333333333,-0.6599999999999966,-2.390000000000015,40.64
2026-01-01 19:21:00,41.14,49.81,114.14,12.64,22.79,2,44.56,45.22,42.07,127.22,129.61,125.11,43.640000000000015,123.65666666666665,-3.4200000000000017,-13.079999999999998,42.16
2026-01-01 19:22:00,43.5,51.76,126.07,11.39,21.88,2,41.14,44.56,45.22,114.14,127.22,129.61,43.066666666666684,122.47666666666665,2.3599999999999994,11.929999999999993,42.95
2026-01-01 19:23:00,42.62,46.69,118.63,10.21,23.32,2,43.5,41.14,44.56,126.07,114.14,127.22,42.42000000000001,119.61333333333333,-0.8800000000000026,-7.439999999999998,41.18
2026-01-01 19:24:00,40.66,49.83,110.52,9.45,21.24,2,42.62,43.5,41.14,118.63,126.07,114.14,42.26000000000001,118.40666666666665,-1.9600000000000009,-8.11,44.8
2026-01-01 19:25:00,40.64,51.09,116.39,6.32,19.27,2,40.66,42.62,43.5,110.52,118.63,126.07,41.30666666666668,115.17999999999999,-0.01999999999999602,5.8700000000000045,47.91
2026-01-01 19:26:00,42.16,48.93,128.88,12.07,20.61,2,40.64,40.66,42.62,116.39,110.52,118.63,41.15333333333334,118.59666666666665,1.519999999999996,12.489999999999995,49.15
2026-01-01 19:27:00,42.95,51.43,135.09,11.68,22.76,2,42.16,40.64,40.66,128.88,116.39,110.52,41.91666666666668,126.78666666666665,0.7900000000000063,6.210000000000008,47.23
2026-01-01 19:28:00,41.18,55.04,136.7,12.26,20.72,2,42.95,42.16,40.64,135.09,128.88,116.39,42.09666666666667,133.55666666666664,-1.7700000000000031,1.6099999999999852,47.3
2026-01-01 19:29:00,44.8,50.47,138.34,10.69,22.96,2,41.18,42.95,42.16,136.7,135.09,128.88,42.97666666666668,136.71,3.6199999999999974,1.6400000000000148,47.5
2026-01-01 19:30:00,47.91,52.55,141.14,11.42,22.01,2,44.8,41.18,42.95,138.34,136.7,135.09,44.63,138.72666666666666,3.1099999999999994,2.799999999999983,48.16
2026-01-01 19:31:00,49.15,50.72,143.24,11.56,22.67,2,47.91,44.8,41.18,141.14,138.34,136.7,47.28666666666667,140.90666666666667,1.240000000000002,2.1000000000000227,48.52
2026-01-01 19:32:00,47.23,51.89,142.79,13.67,24.78,2,49.15,47.91,44.8,143.24,141.14,138.34,48.09666666666667,142.39,-1.9200000000000017,-0.45000000000001705,45.99
2026-01-01 19:33:00,47.3,52.48,141.49,11.46,23.89,2,47.23,49.15,47.91,142.79,143.24,141.14,47.893333333333345,142.50666666666666,0.07000000000000028,-1.299999999999983,45.52
2026-01-01 19:34:00,47.5,52.01,139.45,14.98,23.54,2,47.3,47.23,49.15,141.49,142.79,143.24,47.34333333333334,141.2433333333333,0.20000000000000284,-2.0400000000000205,45.43
2026-01-01 19:35:00,48.16,49.82,134.13,12.05,24.99,2,47.5,47.3,47.23,139.45,141.49,142.79,47.65333333333334,138.35666666666665,0.6599999999999966,-5.319999999999993,46.5
2026-01-01 19:36:00,48.52,52.39,131.59,9.27,24.45,2,48.16,47.5,47.3,134.13,139.45,141.49,48.06,135.05666666666664,0.36000000000000654,-2.539999999999992,47.49
2026-01-01 19:37:00,45.99,54.02,122.2,10.19,25.45,2,48.52,48.16,47.5,131.59,134.13,139.45,47.55666666666667,129.30666666666667,-2.530000000000001,-9.39,50.09
2026-01-01 19:38:00,45.52,51.83,121.53,9.35,22.5,2,45.99,48.52,48.16,122.2,131.59,134.13,46.67666666666668,125.10666666666667,-0.46999999999999886,-0.6700000000000017,52.35
2026-01-01 19:39:00,45.43,52.82,116.47,6.61,22.53,2,45.52,45.99,48.52,121.53,122.2,131.59,45.646666666666675,120.06666666666666,-0.09000000000000341,-5.060000000000002,56.54
2026-01-01 19:40:00,46.5,50.8,111.23,11.85,21.42,2,45.43,45.52,45.99,116.47,121.53,122.2,45.81666666666667,116.41000000000001,1.0700000000000003,-5.239999999999995,58.74
2026-01-01 19:41:00,47.49,53.12,131.5,12.23,22.9,2,46.5,45.43,45.52,111.23,116.47,121.53,46.473333333333336,119.7333333333333,0.990000000000002,20.269999999999996,59.94
2026-01-01 19:42:00,50.09,53.09,157.7,14.2,25.46,2,47.49,46.5,45.43,131.5,111.23,116.47,48.02666666666668,133.47666666666666,2.6000000000000014,26.19999999999999,65.1
2026-01-01 19:43:00,52.35,51.42,180.93,15.63,26.37,2,50.09,47.49,46.5,157.7,131.5,111.23,49.97666666666668,156.71,2.259999999999998,23.230000000000018,68.66
2026-01-01 19:44:00,56.54,55.42,191.35,14.19,26.62,2,52.35,50.09,47.49,180.93,157.7,131.5,52.99333333333334,176.66,4.189999999999998,10.419999999999987,70.81
2026-01-01 19:45:00,58.74,53.57,205.33,16.73,22.88,2,56.54,52.35,50.09,191.35,180.93,157.7,55.87666666666667,192.53666666666666,2.200000000000003,13.980000000000018,73.14
2026-01-01 19:46:00,59.94,54.71,229.34,20.76,27.41,2,58.74,56.54,52.35,205.33,191.35,180.93,58.40666666666667,208.67333333333332,1.1999999999999957,24.00999999999999,77.22
2026-01-01 19:47:00,65.1,58.16,243.31,19.1,23.96,2,59.94,58.74,56.54,229.34,205.33,191.35,61.26000000000001,225.99333333333334,5.159999999999997,13.969999999999999,81.0
2026-01-01 19:48:00,68.66,59.63,261.44,18.42,28.71,2,65.1,59.94,58.74,243.31,229.34,205.33,64.56666666666666,244.69666666666663,3.5600000000000023,18.129999999999995,84.24
2026-01-01 19:49:00,70.81,57.41,283.49,23.76,27.48,2,68.66,65.1,59.94,261.44,243.31,229.34,68.19,262.74666666666667,2.1500000000000057,22.05000000000001,88.01
2026-01-01 19:50:00,73.14,62.71,297.68,25.09,30.32,2,70.81,68.66,65.1,283.49,261.44,243.31,70.87,280.87,2.3299999999999983,14.189999999999998,93.37
2026-01-01 19:51:00,77.22,63.17,317.59,27.2,29.43,2,73.14,70.81,68.66,297.68,283.49,261.44,73.72333333333334,299.58666666666664,4.079999999999998,19.909999999999968,94.87
2026-01-01 19:52:00,81.0,61.94,330.21,29.16,35.19,3,77.22,73.14,70.81,317.59,297.68,283.49,77.12,315.15999999999997,3.780000000000001,12.620000000000005,93.3
2026-01-01 19:53:00,84.24,61.41,346.97,30.45,32.95,3,81.0,77.22,73.14,330.21,317.59,297.68,80.82000000000001,331.59,3.239999999999995,16.760000000000048,92.38
2026-01-01 19:54:00,88.01,65.52,368.49,31.71,36.14,3,84.24,81.0,77.22,346.97,330.21,317.59,84.41666666666667,348.5566666666667,3.7700000000000102,21.519999999999982,87.65
2026-01-01 19:55:00,93.37,66.79,380.22,34.11,38.49,3,88.01,84.24,81.0,368.49,346.97,330.21,88.54,365.22666666666663,5.359999999999999,11.730000000000018,85.94
2026-01-01 19:56:00,94.87,68.43,365.34,28.78,38.15,3,93.37,88.01,84.24,380.22,368.49,346.97,92.08333333333333,371.34999999999997,1.5,-14.880000000000052,85.69
2026-01-01 19:57:00,93.3,66.93,347.85,30.32,40.09,3,94.87,93.37,88.01,365.34,380.22,368.49,93.84666666666668,364.46999999999997,-1.5700000000000074,-17.489999999999952,81.04
2026-01-01 19:58:00,92.38,63.32,333.13,29.26,42.17,3,93.3,94.87,93.37,347.85,365.34,380.22,93.51666666666667,348.7733333333333,-0.9200000000000017,-14.720000000000027,75.82
2026-01-01 19:59:00,87.65,64.9,316.46,25.04,40.95,3,92.38,93.3,94.87,333.13,347.85,365.34,91.11000000000001,332.47999999999996,-4.72999999999999,-16.670000000000016,71.61
2026-01-01 20:00:00,85.94,64.47,305.32,23.7,36.19,3,87.65,92.38,93.3,316.46,333.13,347.85,88.65666666666668,318.3033333333333,-1.710000000000008,-11.139999999999986,66.93
2026-01-01 20:01:00,85.69,66.26,287.39,23.31,37.59,3,85.94,87.65,92.38,305.32,316.46,333.13,86.42666666666668,303.0566666666666,-0.25,-17.930000000000007,63.04
2026-01-01 20:02:00,81.04,61.97,266.62,21.67,33.8,3,85.69,85.94,87.65,287.39,305.32,316.46,84.22333333333334,286.4433333333333,-4.6499999999999915,-20.769999999999982,59.58
2026-01-01 20:03:00,75.82,64.89,248.78,22.28,31.43,2,81.04,85.69,85.94,266.62,287.39,305.32,80.85000000000001,267.59666666666664,-5.220000000000013,-17.840000000000003,54.25
2026-01-01 20:04:00,71.61,56.24,232.98,18.88,27.94,2,75.82,81.04,85.69,248.78,266.62,287.39,76.15666666666668,249.45999999999995,-4.209999999999994,-15.800000000000011,51.15
2026-01-01 20:05:00,66.93,61.05,214.48,16.95,27.34,2,71.61,75.82,81.04,232.98,248.78,266.62,71.45333333333333,232.07999999999996,-4.679999999999993,-18.5,49.83
2026-01-01 20:06:00,63.04,56.62,195.93,15.74,27.15,2,66.93,71.61,75.82,214.48,232.98,248.78,67.19333333333334,214.46333333333334,-3.8900000000000077,-18.549999999999983,45.85
2026-01-01 20:07:00,59.58,57.57,173.65,16.44,24.86,2,63.04,66.93,71.61,195.93,214.48,232.98,63.18333333333334,194.68666666666664,-3.460000000000001,-22.28,46.7
2026-01-01 20:08:00,54.25,54.15,151.86,12.93,24.65,2,59.58,63.04,66.93,173.65,195.93,214.48,58.95666666666667,173.8133333333333,-5.329999999999998,-21.789999999999992,45.55
2026-01-01 20:09:00,51.15,55.18,126.62,10.49,24.12,2,54.25,59.58,63.04,151.86,173.65,195.93,54.99333333333334,150.71,-3.1000000000000014,-25.24000000000001,45.97
2026-01-01 20:10:00,49.83,51.67,117.66,9.84,25.21,2,51.15,54.25,59.58,126.62,151.86,173.65,51.74333333333334,132.04666666666665,-1.3200000000000003,-8.960000000000008,43.66
2026-01-01 20:11:00,45.85,48.85,111.63,11.43,21.65,2,49.83,51.15,54.25,117.66,126.62,151.86,48.943333333333335,118.63666666666666,-3.979999999999997,-6.030000000000001,44.91
2026-01-01 20:12:00,46.7,54.18,108.83,8.13,23.33,2,45.85,49.83,51.15,111.63,117.66,126.62,47.46000000000001,112.70666666666665,0.8500000000000014,-2.799999999999997,42.58
2026-01-01 20:13:00,45.55,50.71,106.13,10.99,26.07,2,46.7,45.85,49.83,108.83,111.63,117.66,46.03333333333334,108.8633333333333,-1.1500000000000057,-2.700000000000003,44.17
2026-01-01 20:14:00,45.97,51.53,111.72,9.81,25.02,2,45.55,46.7,45.85,106.13,108.83,111.63,46.073333333333345,108.89333333333332,0.4200000000000017,5.590000000000003,43.85
2026-01-01 20:15:00,43.66,52.75,110.91,9.19,24.88,2,45.97,45.55,46.7,111.72,106.13,108.83,45.06,109.58666666666664,-2.3100000000000023,-0.8100000000000023,45.01
2026-01-01 20:16:00,44.91,48.65,117.87,13.77,23.12,2,43.66,45.97,45.55,110.91,111.72,106.13,44.84666666666667,113.49999999999999,1.25,6.960000000000008,42.73
2026-01-01 20:17:00,42.58,51.09,114.68,8.16,23.15,2,44.91,43.66,45.97,117.87,110.91,111.72,43.71666666666667,114.48666666666664,-2.3299999999999983,-3.1899999999999977,41.79
2026-01-01 20:18:00,44.17,49.28,116.5,9.37,24.45,2,42.58,44.91,43.66,114.68,117.87,110.91,43.88666666666668,116.34999999999998,1.5900000000000034,1.8199999999999932,43.64
2026-01-01 20:19:00,43.85,50.08,112.6,7.72,25.23,2,44.17,42.58,44.91,116.5,114.68,117.87,43.53333333333334,114.59333333333332,-0.3200000000000003,-3.9000000000000057,42.66
2026-01-01 20:20:00,45.01,50.9,123.92,11.96,20.17,2,43.85,44.17,42.58,112.6,116.5,114.68,44.343333333333334,117.67333333333333,1.1599999999999966,11.320000000000007,44.05
2026-01-01 20:21:00,42.73,46.95,117.67,12.54,20.72,2,45.01,43.85,44.17,123.92,112.6,116.5,43.863333333333344,118.06333333333332,-2.280000000000001,-6.25,42.14
2026-01-01 20:22:00,41.79,48.07,119.4,12.65,24.49,2,42.73,45.01,43.85,117.67,123.92,112.6,43.17666666666667,120.32999999999998,-0.9399999999999977,1.730000000000004,44.23
2026-01-01 20:23:00,43.64,52.98,122.62,12.26,22.44,2,41.79,42.73,45.01,119.4,117.67,123.92,42.720000000000006,119.89666666666665,1.8500000000000014,3.219999999999999,42.4
2026-01-01 20:24:00,42.66,51.7,124.48,10.28,21.67,2,43.64,41.79,42.73,122.62,119.4,117.67,42.696666666666665,122.16666666666664,-0.980000000000004,1.8599999999999994,44.21
2026-01-01 20:25:00,44.05,50.29,123.19,9.92,21.05,2,42.66,43.64,41.79,124.48,122.62,119.4,43.45000000000001,123.42999999999999,1.3900000000000006,-1.2900000000000063,46.24
2026-01-01 20:26:00,42.14,50.24,122.29,7.89,21.75,2,44.05,42.66,43.64,123.19,124.48,122.62,42.949999999999996,123.32,-1.9099999999999966,-0.8999999999999915,45.29
2026-01-01 20:27:00,44.23,49.89,122.32,13.45,20.86,2,42.14,44.05,42.66,122.29,123.19,124.48,43.473333333333336,122.59999999999998,2.0899999999999963,0.029999999999986926,46.04
2026-01-01 20:28:00,42.4,52.55,121.4,11.02,25.77,2,44.23,42.14,44.05,122.32,122.29,123.19,42.92333333333334,122.00333333333332,-1.8299999999999983,-0.9199999999999875,45.99
2026-01-01 20:29:00,44.21,50.07,126.11,9.98,22.92,2,42.4,44.23,42.14,121.4,122.32,122.29,43.61333333333334,123.27666666666664,1.8100000000000023,4.709999999999994,45.64
2026-01-01 20:30:00,46.24,51.65,136.67,13.61,23.24,2,44.21,42.4,44.23,126.11,121.4,122.32,44.28333333333334,128.05999999999997,2.030000000000001,10.559999999999988,44.33
2026-01-01 20:31:00,45.29,53.14,132.55,9.81,24.03,2,46.24,44.21,42.4,136.67,126.11,121.4,45.24666666666667,131.77666666666664,-0.9500000000000028,-4.119999999999976,42.56
2026-01-01 20:32:00,46.04,49.56,124.7,11.21,24.73,2,45.29,46.24,44.21,132.55,136.67,126.11,45.856666666666676,131.30666666666664,0.75,-7.8500000000000085,45.36
2026-01-01 20:33:00,45.99,54.21,123.88,10.27,24.7,2,46.04,45.29,46.24,124.7,132.55,136.67,45.77333333333333,127.04333333333334,-0.04999999999999716,-0.8200000000000074,43.98
2026-01-01 20:34:00,45.64,47.91,136.47,12.56,24.83,2,45.99,46.04,45.29,123.88,124.7,132.55,45.89000000000001,128.35,-0.3500000000000014,12.590000000000003,45.65
2026-01-01 20:35:00,44.33,53.78,131.13,11.05,22.03,2,45.64,45.99,46.04,136.47,123.88,124.7,45.320000000000014,130.4933333333333,-1.3100000000000023,-5.340000000000003,46.65
2026-01-01 20:36:00,42.56,49.15,138.44,9.59,22.21,2,44.33,45.64,45.99,131.13,136.47,123.88,44.17666666666668,135.34666666666666,-1.769999999999996,7.310000000000002,48.42
2026-01-01 20:37:00,45.36,50.39,145.35,12.47,24.32,2,42.56,44.33,45.64,138.44,131.13,136.47,44.083333333333336,138.30666666666664,2.799999999999997,6.909999999999997,47.9
2026-01-01 20:38:00,43.98,46.61,140.56,13.52,22.13,2,45.36,42.56,44.33,145.35,138.44,131.13,43.96666666666667,141.44999999999996,-1.3800000000000026,-4.789999999999992,47.19
2026-01-01 20:39:00,45.65,50.07,141.76,12.01,23.21,2,43.98,45.36,42.56,140.56,145.35,138.44,44.99666666666667,142.55666666666664,1.6700000000000017,1.1999999999999886,47.88
2026-01-01 20:40:00,46.65,49.25,148.16,13.76,24.0,2,45.65,43.98,45.36,141.76,140.56,145.35,45.42666666666667,143.4933333333333,1.0,6.400000000000006,47.45
2026-01-01 20:41:00,48.42,50.73,144.01,10.67,24.89,2,46.65,45.65,43.98,148.16,141.76,140.56,46.90666666666667,144.6433333333333,1.7700000000000031,-4.150000000000006,46.67
2026-01-01 20:42:00,47.9,51.49,141.07,11.95,20.95,2,48.42,46.65,45.65,144.01,148.16,141.76,47.65666666666667,144.4133333333333,-0.5200000000000031,-2.9399999999999977,46.42
2026-01-01 20:43:00,47.19,53.43,136.48,10.66,24.57,2,47.9,48.42,46.65,141.07,144.01,148.16,47.836666666666666,140.51999999999995,-0.7100000000000009,-4.590000000000003,42.98
2026-01-01 20:44:00,47.88,52.17,130.09,12.18,23.27,2,47.19,47.9,48.42,136.48,141.07,144.01,47.65666666666667,135.87999999999997,0.6900000000000048,-6.389999999999986,44.28
2026-01-01 20:45:00,47.45,52.22,126.03,10.76,24.6,2,47.88,47.19,47.9,130.09,136.48,141.07,47.50666666666667,130.86666666666665,-0.4299999999999997,-4.060000000000002,44.39
2026-01-01 20:46:00,46.67,49.14,119.43,11.19,24.57,2,47.45,47.88,47.19,126.03,130.09,136.48,47.33333333333334,125.1833333333333,-0.7800000000000011,-6.599999999999994,42.18
2026-01-01 20:47:00,46.42,49.48,119.65,11.8,25.77,2,46.67,47.45,47.88,119.43,126.03,130.09,46.84666666666667,121.7033333333333,-0.25,0.21999999999999886,42.24
2026-01-01 20:48:00,42.98,53.64,115.82,10.88,24.77,2,46.42,46.67,47.45,119.65,119.43,126.03,45.35666666666666,118.29999999999997,-3.440000000000005,-3.8300000000000125,41.91
2026-01-01 20:49:00,44.28,49.03,117.33,10.38,24.99,2,42.98,46.42,46.67,115.82,119.65,119.43,44.56,117.59999999999997,1.3000000000000043,1.5100000000000051,41.75
2026-01-01 20:50:00,44.39,53.85,109.76,7.83,25.15,2,44.28,42.98,46.42,117.33,115.82,119.65,43.88333333333333,114.3033333333333,0.10999999999999943,-7.569999999999993,42.84
2026-01-01 20:51:00,42.18,49.28,112.24,9.54,23.03,2,44.39,44.28,42.98,109.76,117.33,115.82,43.616666666666674,113.10999999999997,-2.210000000000001,2.4799999999999898,44.78
2026-01-01 20:52:00,42.24,49.79,117.02,9.15,22.65,2,42.18,44.39,44.28,112.24,109.76,117.33,42.93666666666667,113.00666666666665,0.060000000000002274,4.780000000000001,46.15
2026-01-01 20:53:00,41.91,51.81,107.29,8.6,23.85,2,42.24,42.18,44.39,117.02,112.24,109.76,42.11000000000001,112.1833333333333,-0.3300000000000054,-9.72999999999999,43.6
2026-01-01 20:54:00,41.75,52.16,110.18,8.8,23.61,2,41.91,42.24,42.18,107.29,117.02,112.24,41.96666666666667,111.49666666666663,-0.1599999999999966,2.8900000000000006,44.58
2026-01-01 20:55:00,42.84,49.77,117.1,8.48,22.25,2,41.75,41.91,42.24,110.18,107.29,117.02,42.16666666666667,111.52333333333331,1.0900000000000034,6.9199999999999875,46.27
2026-01-01 20:56:00,44.78,49.9,111.29,6.52,23.67,2,42.84,41.75,41.91,117.1,110.18,107.29,43.123333333333335,112.85666666666664,1.9399999999999977,-5.809999999999988,46.16
2026-01-01 20:57:00,46.15,51.04,120.35,9.23,23.26,2,44.78,42.84,41.75,111.29,117.1,110.18,44.59,116.24666666666663,1.3699999999999974,9.059999999999988,47.16
2026-01-01 20:58:00,43.6,50.94,122.41,10.7,21.57,2,46.15,44.78,42.84,120.35,111.29,117.1,44.84333333333334,118.01666666666665,-2.549999999999997,2.0600000000000023,49.37
2026-01-01 20:59:00,44.58,52.39,118.7,8.07,24.96,2,43.6,46.15,44.78,122.41,120.35,111.29,44.77666666666667,120.48666666666664,0.9799999999999969,-3.7099999999999937,48.98
2026-01-01 21:00:00,46.27,51.2,118.52,10.1,23.41,2,44.58,43.6,46.15,118.7,122.41,120.35,44.81666666666667,119.87666666666662,1.6900000000000048,-0.18000000000000682,47.62
2026-01-01 21:01:00,46.16,52.39,121.43,13.17,26.38,2,46.27,44.58,43.6,118.52,118.7,122.41,45.67000000000001,119.54999999999997,-0.11000000000000654,2.910000000000011,47.44
2026-01-01 21:02:00,47.16,54.78,121.7,11.88,21.05,2,46.16,46.27,44.58,121.43,118.52,118.7,46.53,120.54999999999997,1.0,0.269999999999996,45.97
2026-01-01 21:03:00,49.37,53.04,124.26,13.03,23.05,2,47.16,46.16,46.27,121.7,121.43,118.52,47.56333333333333,122.46333333333331,2.210000000000001,2.5600000000000023,44.56
2026-01-01 21:04:00,48.98,52.77,119.31,10.73,23.86,2,49.37,47.16,46.16,124.26,121.7,121.43,48.50333333333333,121.75666666666665,-0.39000000000000057,-4.950000000000003,42.88
2026-01-01 21:05:00,47.62,48.63,120.21,11.97,25.28,2,48.98,49.37,47.16,119.31,124.26,121.7,48.656666666666666,121.25999999999998,-1.3599999999999994,0.8999999999999915,45.17
2026-01-01 21:06:00,47.44,46.34,113.13,8.53,24.14,2,47.62,48.98,49.37,120.21,119.31,124.26,48.01333333333334,117.54999999999997,-0.17999999999999972,-7.079999999999998,43.5
2026-01-01 21:07:00,45.97,51.87,113.12,8.65,23.74,2,47.44,47.62,48.98,113.13,120.21,119.31,47.01000000000001,115.48666666666664,-1.4699999999999989,-0.009999999999990905,46.16
2026-01-01 21:08:00,44.56,50.41,109.15,5.17,21.33,2,45.97,47.44,47.62,113.12,113.13,120.21,45.99000000000001,111.79999999999997,-1.4099999999999966,-3.969999999999999,45.94
2026-01-01 21:09:00,42.88,48.98,106.34,10.82,20.98,2,44.56,45.97,47.44,109.15,113.12,113.13,44.470000000000006,109.53666666666665,-1.6799999999999997,-2.8100000000000023,42.86
2026-01-01 21:10:00,45.17,51.3,113.62,11.97,23.61,2,42.88,44.56,45.97,106.34,109.15,113.12,44.20333333333334,109.70333333333332,2.289999999999999,7.280000000000001,43.95
2026-01-01 21:11:00,43.5,50.11,119.58,9.33,20.78,2,45.17,42.88,44.56,113.62,106.34,109.15,43.85,113.17999999999996,-1.6700000000000017,5.959999999999994,41.0
2026-01-01 21:12:00,46.16,53.41,122.66,10.05,22.51,2,43.5,45.17,42.88,119.58,113.62,106.34,44.943333333333335,118.61999999999996,2.6599999999999966,3.0799999999999983,43.97
2026-01-01 21:13:00,45.94,51.25,116.99,8.81,24.02,2,46.16,43.5,45.17,122.66,119.58,113.62,45.199999999999996,119.7433333333333,-0.21999999999999886,-5.670000000000002,46.35
2026-01-01 21:14:00,42.86,48.51,115.65,10.4,21.24,2,45.94,46.16,43.5,116.99,122.66,119.58,44.98666666666667,118.4333333333333,-3.0799999999999983,-1.3399999999999892,45.66
2026-01-01 21:15:00,43.95,52.36,122.06,12.06,25.32,2,42.86,45.94,46.16,115.65,116.99,122.66,44.25,118.2333333333333,1.0900000000000034,6.409999999999997,46.1
2026-01-01 21:16:00,41.0,48.92,122.6,7.81,24.22,2,43.95,42.86,45.94,122.06,115.65,116.99,42.60333333333333,120.1033333333333,-2.950000000000003,0.539999999999992,49.11
2026-01-01 21:17:00,43.97,51.44,133.99,12.0,20.56,2,41.0,43.95,42.86,122.6,122.06,115.65,42.973333333333336,126.21666666666664,2.969999999999999,11.390000000000015,47.26
2026-01-01 21:18:00,46.35,50.27,134.84,11.05,21.94,2,43.97,41.0,43.95,133.99,122.6,122.06,43.77333333333333,130.47666666666666,2.3800000000000026,0.8499999999999943,45.41
2026-01-01 21:19:00,45.66,49.68,134.61,11.61,19.79,2,46.35,43.97,41.0,134.84,133.99,122.6,45.326666666666675,134.48,-0.6900000000000048,-0.22999999999998977,48.29
2026-01-01 21:20:00,46.1,51.3,131.9,11.9,22.12,2,45.66,46.35,43.97,134.61,134.84,133.99,46.03666666666667,133.7833333333333,0.44000000000000483,-2.710000000000008,50.52
2026-01-01 21:21:00,49.11,52.21,131.61,10.9,24.99,2,46.1,45.66,46.35,131.9,134.61,134.84,46.95666666666667,132.70666666666662,3.009999999999998,-0.28999999999999204,48.5
2026-01-01 21:22:00,47.26,52.5,129.92,10.89,22.89,2,49.11,46.1,45.66,131.61,131.9,134.61,47.49000000000001,131.1433333333333,-1.8500000000000014,-1.6900000000000261,48.03
2026-01-01 21:23:00,45.41,50.36,132.67,10.96,23.87,2,47.26,49.11,46.1,129.92,131.61,131.9,47.26000000000001,131.39999999999995,-1.8500000000000014,2.75,48.44
2026-01-01 21:24:00,48.29,48.23,136.44,13.05,21.41,2,45.41,47.26,49.11,132.67,129.92,131.61,46.98666666666667,133.00999999999996,2.8800000000000026,3.7700000000000102,45.2
2026-01-01 21:25:00,50.52,51.82,131.19,11.78,25.29,2,48.29,45.41,47.26,136.44,132.67,129.92,48.073333333333345,133.4333333333333,2.230000000000004,-5.25,42.78
2026-01-01 21:26:00,48.5,53.56,123.64,10.84,22.9,2,50.52,48.29,45.41,131.19,136.44,132.67,49.10333333333333,130.4233333333333,-2.020000000000003,-7.549999999999997,44.01
2026-01-01 21:27:00,48.03,51.22,114.17,7.8,23.66,2,48.5,50.52,48.29,123.64,131.19,136.44,49.01666666666667,122.99999999999996,-0.46999999999999886,-9.469999999999999,46.45
2026-01-01 21:28:00,48.44,51.46,117.18,9.39,23.58,2,48.03,48.5,50.52,114.17,123.64,131.19,48.323333333333345,118.32999999999997,0.4099999999999966,3.010000000000005,46.36
2026-01-01 21:29:00,45.2,52.79,111.89,10.86,21.23,2,48.44,48.03,48.5,117.18,114.17,123.64,47.223333333333336,114.4133333333333,-3.239999999999995,-5.290000000000006,44.44
2026-01-01 21:30:00,42.78,48.55,101.77,8.71,20.97,2,45.2,48.44,48.03,111.89,117.18,114.17,45.473333333333336,110.27999999999997,-2.4200000000000017,-10.120000000000005,47.5
2026-01-01 21:31:00,44.01,47.32,105.17,9.93,24.37,2,42.78,45.2,48.44,101.77,111.89,117.18,43.99666666666667,106.27666666666663,1.2299999999999969,3.4000000000000057,45.66
2026-01-01 21:32:00,46.45,50.94,118.82,12.75,23.96,2,44.01,42.78,45.2,105.17,101.77,111.89,44.413333333333334,108.58666666666663,2.440000000000005,13.649999999999991,45.06
2026-01-01 21:33:00,46.36,50.26,118.89,11.66,24.92,2,46.45,44.01,42.78,118.82,105.17,101.77,45.606666666666676,114.2933333333333,-0.09000000000000341,0.07000000000000739,45.55
2026-01-01 21:34:00,44.44,48.62,123.17,10.61,23.49,2,46.36,46.45,44.01,118.89,118.82,105.17,45.75000000000001,120.2933333333333,-1.9200000000000017,4.280000000000001,47.75
2026-01-01 21:35:00,47.5,51.27,123.32,9.72,23.76,2,44.44,46.36,46.45,123.17,118.89,118.82,46.1,121.7933333333333,3.0600000000000023,0.14999999999999147,48.21
2026-01-01 21:36:00,45.66,51.96,122.56,6.59,20.63,2,47.5,44.44,46.36,123.32,123.17,118.89,45.866666666666674,123.01666666666664,-1.8400000000000034,-0.7599999999999909,47.58
2026-01-01 21:37:00,45.06,50.75,126.95,10.54,22.71,2,45.66,47.5,44.44,122.56,123.32,123.17,46.073333333333345,124.27666666666663,-0.5999999999999943,4.390000000000001,47.57
2026-01-01 21:38:00,45.55,51.56,124.95,10.13,23.16,2,45.06,45.66,47.5,126.95,122.56,123.32,45.42333333333334,124.81999999999995,0.4899999999999949,-2.0,46.83
2026-01-01 21:39:00,47.75,55.34,125.89,11.29,26.52,2,45.55,45.06,45.66,124.95,126.95,122.56,46.120000000000005,125.92999999999995,2.200000000000003,0.9399999999999977,46.82
2026-01-01 21:40:00,48.21,51.19,127.02,10.57,24.71,2,47.75,45.55,45.06,125.89,124.95,126.95,47.17000000000001,125.9533333333333,0.46000000000000085,1.1299999999999955,42.36
2026-01-01 21:41:00,47.58,52.21,123.12,9.98,25.87,2,48.21,47.75,45.55,127.02,125.89,124.95,47.84666666666667,125.3433333333333,-0.6300000000000026,-3.8999999999999915,42.47
2026-01-01 21:42:00,47.57,50.63,127.83,8.2,24.46,2,47.58,48.21,47.75,123.12,127.02,125.89,47.78666666666667,125.98999999999997,-0.00999999999999801,4.709999999999994,43.36
2026-01-01 21:43:00,46.83,49.7,126.33,9.33,22.36,2,47.57,47.58,48.21,127.83,123.12,127.02,47.326666666666675,125.75999999999998,-0.740000000000002,-1.5,41.84
2026-01-01 21:44:00,46.82,50.22,122.05,11.09,23.6,2,46.83,47.57,47.58,126.33,127.83,123.12,47.073333333333345,125.40333333333331,-0.00999999999999801,-4.280000000000001,43.55
2026-01-01 21:45:00,42.36,48.87,124.56,13.16,22.98,2,46.82,46.83,47.57,122.05,126.33,127.83,45.33666666666667,124.31333333333329,-4.460000000000001,2.510000000000005,43.91
2026-01-01 21:46:00,42.47,50.58,119.71,10.03,21.24,2,42.36,46.82,46.83,124.56,122.05,126.33,43.88333333333333,122.10666666666663,0.10999999999999943,-4.8500000000000085,47.03
2026-01-01 21:47:00,43.36,54.87,119.87,10.68,22.23,2,42.47,42.36,46.82,119.71,124.56,122.05,42.73,121.37999999999995,0.8900000000000006,0.1600000000000108,49.03
2026-01-01 21:48:00,41.84,48.21,119.84,11.61,22.22,2,43.36,42.47,42.36,119.87,119.71,124.56,42.55666666666667,119.80666666666663,-1.519999999999996,-0.030000000000001137,47.71
2026-01-01 21:49:00,43.55,49.41,125.28,9.43,25.25,2,41.84,43.36,42.47,119.84,119.87,119.71,42.916666666666664,121.6633333333333,1.7099999999999937,5.439999999999998,47.43
2026-01-01 21:50:00,43.91,50.24,127.23,11.36,19.78,2,43.55,41.84,43.36,125.28,119.84,119.87,43.1,124.11666666666663,0.35999999999999943,1.9500000000000028,47.26
2026-01-01 21:51:00,47.03,52.25,126.53,9.64,25.27,2,43.91,43.55,41.84,127.23,125.28,119.84,44.830000000000005,126.34666666666662,3.1200000000000045,-0.7000000000000028,46.04
2026-01-01 21:52:00,49.03,52.69,130.09,12.36,22.42,2,47.03,43.91,43.55,126.53,127.23,125.28,46.65666666666667,127.94999999999997,2.0,3.5600000000000023,45.79
2026-01-01 21:53:00,47.71,54.27,136.24,11.81,21.53,2,49.03,47.03,43.91,130.09,126.53,127.23,47.92333333333334,130.9533333333333,-1.3200000000000003,6.150000000000006,44.08
2026-01-01 21:54:00,47.43,46.75,137.73,12.15,25.31,2,47.71,49.03,47.03,136.24,130.09,126.53,48.05666666666667,134.68666666666664,-0.28000000000000114,1.4899999999999807,42.19
2026-01-01 21:55:00,47.26,46.77,136.36,10.42,24.6,2,47.43,47.71,49.03,137.73,136.24,130.09,47.46666666666667,136.77666666666664,-0.1700000000000017,-1.3699999999999761,43.21
2026-01-01 21:56:00,46.04,50.12,128.49,11.98,25.17,2,47.26,47.43,47.71,136.36,137.73,136.24,46.910000000000004,134.1933333333333,-1.2199999999999989,-7.8700000000000045,43.6
2026-01-01 21:57:00,45.79,53.22,122.49,13.54,24.44,2,46.04,47.26,47.43,128.49,136.36,137.73,46.36333333333334,129.1133333333333,-0.25,-6.000000000000014,41.63
2026-01-01 21:58:00,44.08,47.3,120.76,8.75,26.02,2,45.79,46.04,47.26,122.49,128.49,136.36,45.30333333333334,123.9133333333333,-1.7100000000000009,-1.7299999999999898,42.6
2026-01-01 21:59:00,42.19,43.75,117.65,9.49,23.43,2,44.08,45.79,46.04,120.76,122.49,128.49,44.02,120.29999999999995,-1.8900000000000006,-3.1099999999999994,40.88
2026-01-01 22:00:00,43.21,51.26,112.11,9.88,22.54,2,42.19,44.08,45.79,117.65,120.76,122.49,43.160000000000004,116.83999999999996,1.0200000000000031,-5.540000000000006,40.87
2026-01-01 22:01:00,43.6,50.75,108.22,10.38,23.36,2,43.21,42.19,44.08,112.11,117.65,120.76,43.0,112.65999999999997,0.39000000000000057,-3.8900000000000006,40.81
2026-01-01 22:02:00,41.63,47.39,107.01,8.26,24.36,2,43.6,43.21,42.19,108.22,112.11,117.65,42.81333333333333,109.1133333333333,-1.9699999999999989,-1.2099999999999937,39.01
2026-01-01 22:03:00,42.6,47.94,102.9,4.5,21.5,2,41.63,43.6,43.21,107.01,108.22,112.11,42.61000000000001,106.0433333333333,0.9699999999999989,-4.109999999999999,38.42
2026-01-01 22:04:00,40.88,47.37,101.9,10.7,21.38,2,42.6,41.63,43.6,102.9,107.01,108.22,41.70333333333334,103.93666666666665,-1.7199999999999989,-1.0,36.06
2026-01-01 22:05:00,40.87,49.53,98.87,9.54,21.89,2,40.88,42.6,41.63,101.9,102.9,107.01,41.45000000000001,101.2233333333333,-0.010000000000005116,-3.030000000000001,35.17
2026-01-01 22:06:00,40.81,48.03,85.88,4.69,19.19,2,40.87,40.88,42.6,98.87,101.9,102.9,40.853333333333346,95.54999999999995,-0.05999999999999517,-12.990000000000009,35.04
2026-01-01 22:07:00,39.01,49.64,79.12,5.81,22.23,2,40.81,40.87,40.88,85.88,98.87,101.9,40.230000000000004,87.95666666666664,-1.8000000000000043,-6.759999999999991,34.47
2026-01-01 22:08:00,38.42,42.74,76.87,8.89,19.09,2,39.01,40.81,40.87,79.12,85.88,98.87,39.41333333333334,80.62333333333329,-0.5899999999999963,-2.25,34.75
2026-01-01 22:09:00,36.06,45.91,69.47,8.08,21.57,2,38.42,39.01,40.81,76.87,79.12,85.88,37.830000000000005,75.1533333333333,-2.3599999999999994,-7.400000000000006,33.28
2026-01-01 22:10:00,35.17,45.06,71.71,7.5,22.63,2,36.06,38.42,39.01,69.47,76.87,79.12,36.550000000000004,72.6833333333333,-0.8900000000000006,2.239999999999995,33.82
2026-01-01 22:11:00,35.04,46.75,78.43,6.4,20.59,2,35.17,36.06,38.42,71.71,69.47,76.87,35.42333333333334,73.2033333333333,-0.13000000000000256,6.720000000000013,34.23
2026-01-01 22:12:00,34.47,45.99,83.05,7.18,23.72,2,35.04,35.17,36.06,78.43,71.71,69.47,34.89333333333334,77.72999999999996,-0.5700000000000003,4.61999999999999,34.2
2026-01-01 22:13:00,34.75,48.76,80.14,6.62,19.06,2,34.47,35.04,35.17,83.05,78.43,71.71,34.75333333333334,80.53999999999996,0.28000000000000114,-2.9099999999999966,34.01
2026-01-01 22:14:00,33.28,42.93,85.98,9.0,22.78,2,34.75,34.47,35.04,80.14,83.05,78.43,34.16666666666668,83.05666666666663,-1.4699999999999989,5.840000000000003,33.94
2026-01-01 22:15:00,33.82,46.93,84.64,5.88,22.1,2,33.28,34.75,34.47,85.98,80.14,83.05,33.95000000000001,83.58666666666663,0.5399999999999991,-1.3400000000000034,34.71
2026-01-01 22:16:00,34.23,48.1,80.99,5.68,18.59,2,33.82,33.28,34.75,84.64,85.98,80.14,33.77666666666667,83.86999999999996,0.4099999999999966,-3.6500000000000057,35.8
2026-01-01 22:17:00,34.2,50.68,76.24,8.0,25.22,2,34.23,33.82,33.28,80.99,84.64,85.98,34.08333333333334,80.62333333333329,-0.02999999999999403,-4.75,34.17
2026-01-01 22:18:00,34.01,45.94,73.43,6.17,21.03,2,34.2,34.23,33.82,76.24,80.99,84.64,34.14666666666667,76.88666666666664,-0.19000000000000483,-2.809999999999988,32.37
2026-01-01 22:19:00,33.94,47.53,70.41,8.05,19.79,2,34.01,34.2,34.23,73.43,76.24,80.99,34.050000000000004,73.35999999999996,-0.07000000000000028,-3.0200000000000102,31.81
2026-01-01 22:20:00,34.71,43.54,70.43,4.98,19.14,2,33.94,34.01,34.2,70.41,73.43,76.24,34.220000000000006,71.42333333333329,0.7700000000000031,0.020000000000010232,32.51
2026-01-01 22:21:00,35.8,42.75,70.4,5.9,21.11,2,34.71,33.94,34.01,70.43,70.41,73.43,34.81666666666667,70.4133333333333,1.0899999999999963,-0.030000000000001137,32.54
2026-01-01 22:22:00,34.17,48.65,69.58,4.53,20.96,2,35.8,34.71,33.94,70.4,70.43,70.41,34.89333333333334,70.13666666666664,-1.6299999999999955,-0.8200000000000074,30.98
2026-01-01 22:23:00,32.37,46.32,71.0,6.05,20.98,2,34.17,35.8,34.71,69.58,70.4,70.43,34.11333333333334,70.32666666666664,-1.8000000000000043,1.4200000000000017,29.52
2026-01-01 22:24:00,31.81,48.49,76.08,4.25,20.28,2,32.37,34.17,35.8,71.0,69.58,70.4,32.78333333333334,72.21999999999996,-0.5599999999999987,5.079999999999998,29.35
2026-01-01 22:25:00,32.51,43.63,79.54,6.03,21.8,2,31.81,32.37,34.17,76.08,71.0,69.58,32.23,75.53999999999996,0.6999999999999993,3.460000000000008,30.14
2026-01-01 22:26:00,32.54,47.43,70.55,3.84,20.28,2,32.51,31.81,32.37,79.54,76.08,71.0,32.28666666666667,75.38999999999997,0.030000000000001137,-8.990000000000009,30.9
2026-01-01 22:27:00,30.98,49.58,56.94,5.88,17.67,2,32.54,32.51,31.81,70.55,79.54,76.08,32.01,69.00999999999998,-1.5599999999999987,-13.61,29.09
2026-01-01 22:28:00,29.52,46.17,61.85,6.33,20.09,2,30.98,32.54,32.51,56.94,70.55,79.54,31.01333333333334,63.113333333333294,-1.4600000000000009,4.910000000000004,28.44
2026-01-01 22:29:00,29.35,45.82,54.87,2.07,16.73,2,29.52,30.98,32.54,61.85,56.94,70.55,29.950000000000006,57.88666666666663,-0.16999999999999815,-6.980000000000004,27.59
2026-01-01 22:30:00,30.14,45.57,54.16,6.6,20.96,2,29.35,29.52,30.98,54.87,61.85,56.94,29.670000000000005,56.95999999999996,0.7899999999999991,-0.7100000000000009,28.23
2026-01-01 22:31:00,30.9,42.67,48.77,7.89,19.09,2,30.14,29.35,29.52,54.16,54.87,61.85,30.130000000000006,52.599999999999966,0.759999999999998,-5.3899999999999935,26.59
2026-01-01 22:32:00,29.09,47.89,40.66,3.53,20.48,2,30.9,30.14,29.35,48.77,54.16,54.87,30.043333333333337,47.863333333333294,-1.8099999999999987,-8.110000000000007,27.6
2026-01-01 22:33:00,28.44,43.73,44.92,2.86,22.09,2,29.09,30.9,30.14,40.66,48.77,54.16,29.47666666666667,44.783333333333296,-0.6499999999999986,4.260000000000005,24.99
2026-01-01 22:34:00,27.59,45.66,49.92,8.48,18.54,2,28.44,29.09,30.9,44.92,40.66,48.77,28.37333333333334,45.16666666666663,-0.8500000000000014,5.0,25.04
2026-01-01 22:35:00,28.23,41.76,47.84,2.09,21.67,2,27.59,28.44,29.09,49.92,44.92,40.66,28.086666666666673,47.55999999999997,0.6400000000000006,-2.0799999999999983,26.27
2026-01-01 22:36:00,26.59,41.95,35.86,3.08,19.14,2,28.23,27.59,28.44,47.84,49.92,44.92,27.470000000000002,44.539999999999964,-1.6400000000000006,-11.980000000000004,27.02
2026-01-01 22:37:00,27.6,47.53,35.06,3.25,22.6,2,26.59,28.23,27.59,35.86,47.84,49.92,27.47333333333334,39.58666666666662,1.0100000000000016,-0.7999999999999972,31.6
2026-01-01 22:38:00,24.99,43.05,39.01,5.33,18.95,2,27.6,26.59,28.23,35.06,35.86,47.84,26.393333333333334,36.643333333333295,-2.610000000000003,3.9499999999999957,31.2
2026-01-01 22:39:00,25.04,46.67,33.3,3.37,18.25,2,24.99,27.6,26.59,39.01,35.06,35.86,25.87666666666667,35.78999999999996,0.05000000000000071,-5.710000000000001,28.65
2026-01-01 22:40:00,26.27,44.04,36.35,2.34,20.76,2,25.04,24.99,27.6,33.3,39.01,35.06,25.433333333333337,36.21999999999996,1.2300000000000004,3.0500000000000043,28.89
2026-01-01 22:41:00,27.02,40.77,38.17,1.82,19.21,2,26.27,25.04,24.99,36.35,33.3,39.01,26.110000000000003,35.93999999999996,0.75,1.8200000000000003,26.52
2026-01-01 22:42:00,31.6,47.84,42.81,3.13,19.43,2,27.02,26.27,25.04,38.17,36.35,33.3,28.29666666666667,39.109999999999964,4.580000000000002,4.640000000000001,27.58
2026-01-01 22:43:00,31.2,44.74,44.78,2.3,19.9,2,31.6,27.02,26.27,42.81,38.17,36.35,29.94000000000001,41.919999999999966,-0.40000000000000213,1.9699999999999989,26.88
2026-01-01 22:44:00,28.65,46.43,41.14,3.57,20.09,2,31.2,31.6,27.02,44.78,42.81,38.17,30.483333333333338,42.90999999999996,-2.5500000000000007,-3.6400000000000006,28.97
2026-01-01 22:45:00,28.89,45.16,48.63,3.29,22.21,2,28.65,31.2,31.6,41.14,44.78,42.81,29.580000000000002,44.849999999999966,0.240000000000002,7.490000000000002,27.9
2026-01-01 22:46:00,26.52,41.2,48.74,1.9,16.87,2,28.89,28.65,31.2,48.63,41.14,44.78,28.02,46.16999999999996,-2.370000000000001,0.10999999999999943,27.9
2026-01-01 22:47:00,27.58,44.98,49.51,6.09,20.0,2,26.52,28.89,28.65,48.74,48.63,41.14,27.663333333333338,48.95999999999996,1.0599999999999987,0.769999999999996,27.83
2026-01-01 22:48:00,26.88,48.8,45.68,3.14,20.78,2,27.58,26.52,28.89,49.51,48.74,48.63,26.99333333333334,47.97666666666663,-0.6999999999999993,-3.8299999999999983,30.9
2026-01-01 22:49:00,28.97,46.12,44.61,1.89,20.5,2,26.88,27.58,26.52,45.68,49.51,48.74,27.810000000000002,46.59999999999996,2.09,-1.0700000000000003,29.33
2026-01-01 22:50:00,27.9,44.65,41.42,3.27,21.99,2,28.97,26.88,27.58,44.61,45.68,49.51,27.91666666666667,43.9033333333333,-1.0700000000000003,-3.1899999999999977,32.17
2026-01-01 22:51:00,27.9,46.92,42.04,3.68,19.91,2,27.9,28.97,26.88,41.42,44.61,45.68,28.25666666666667,42.68999999999996,0.0,0.6199999999999974,32.48
2026-01-01 22:52:00,27.83,45.16,52.03,1.8,19.73,2,27.9,27.9,28.97,42.04,41.42,44.61,27.87666666666667,45.1633333333333,-0.07000000000000028,9.990000000000002,32.02
2026-01-01 22:53:00,30.9,46.24,45.81,4.39,21.45,2,27.83,27.9,27.9,52.03,42.04,41.42,28.87666666666667,46.62666666666663,3.0700000000000003,-6.219999999999999,31.99
2026-01-01 22:54:00,29.33,43.08,38.88,1.73,20.43,2,30.9,27.83,27.9,45.81,52.03,42.04,29.35333333333334,45.573333333333295,-1.5700000000000003,-6.93,31.85
2026-01-01 22:55:00,32.17,46.73,47.93,6.64,20.2,2,29.33,30.9,27.83,38.88,45.81,52.03,30.800000000000008,44.20666666666663,2.8400000000000034,9.049999999999997,28.97
2026-01-01 22:56:00,32.48,48.44,47.84,4.85,21.62,2,32.17,29.33,30.9,47.93,38.88,45.81,31.32666666666667,44.8833333333333,0.30999999999999517,-0.0899999999999963,29.81
2026-01-01 22:57:00,32.02,44.53,45.47,3.27,19.78,2,32.48,32.17,29.33,47.84,47.93,38.88,32.223333333333336,47.07999999999996,-0.45999999999999375,-2.3700000000000045,31.86
2026-01-01 22:58:00,31.99,49.05,51.83,3.29,19.84,2,32.02,32.48,32.17,45.47,47.84,47.93,32.163333333333334,48.37999999999996,-0.03000000000000469,6.359999999999999,32.6
2026-01-01 22:59:00,31.85,45.96,49.46,4.05,19.94,2,31.99,32.02,32.48,51.83,45.47,47.84,31.953333333333344,48.91999999999996,-0.13999999999999702,-2.3699999999999974,30.78
2026-01-01 23:00:00,28.97,43.36,59.43,5.97,22.24,2,31.85,31.99,32.02,49.46,51.83,45.47,30.93666666666667,53.573333333333295,-2.8800000000000026,9.969999999999999,31.84
2026-01-01 23:01:00,29.81,47.43,62.87,5.31,15.53,2,28.97,31.85,31.99,59.43,49.46,51.83,30.210000000000008,57.253333333333295,0.8399999999999999,3.4399999999999977,35.22
2026-01-01 23:02:00,31.86,45.58,60.2,4.79,21.33,2,29.81,28.97,31.85,62.87,59.43,49.46,30.21333333333334,60.83333333333329,2.0500000000000007,-2.6699999999999946,37.12
2026-01-01 23:03:00,32.6,47.93,70.97,6.12,20.92,2,31.86,29.81,28.97,60.2,62.87,59.43,31.423333333333336,64.67999999999996,0.740000000000002,10.769999999999996,36.84
2026-01-01 23:04:00,30.78,45.19,67.06,4.79,18.02,2,32.6,31.86,29.81,70.97,60.2,62.87,31.74666666666667,66.07666666666664,-1.8200000000000003,-3.9099999999999966,38.07
2026-01-01 23:05:00,31.84,46.03,70.21,5.45,21.2,2,30.78,32.6,31.86,67.06,70.97,60.2,31.740000000000006,69.4133333333333,1.0599999999999987,3.1499999999999915,36.51
2026-01-01 23:06:00,35.22,48.31,70.89,2.9,22.05,2,31.84,30.78,32.6,70.21,67.06,70.97,32.61333333333334,69.38666666666664,3.379999999999999,0.6800000000000068,33.55
2026-01-01 23:07:00,37.12,48.57,76.53,7.97,22.57,2,35.22,31.84,30.78,70.89,70.21,67.06,34.72666666666667,72.5433333333333,1.8999999999999986,5.640000000000001,32.47
2026-01-01 23:08:00,36.84,43.9,83.01,7.5,17.65,2,37.12,35.22,31.84,76.53,70.89,70.21,36.39333333333334,76.80999999999997,-0.27999999999999403,6.480000000000004,36.14
2026-01-01 23:09:00,38.07,46.08,81.33,5.75,23.9,2,36.84,37.12,35.22,83.01,76.53,70.89,37.343333333333334,80.28999999999996,1.2299999999999969,-1.6800000000000068,35.7
2026-01-01 23:10:00,36.51,49.64,75.86,9.3,20.46,2,38.07,36.84,37.12,81.33,83.01,76.53,37.14,80.06666666666663,-1.5600000000000023,-5.469999999999999,35.21
2026-01-01 23:11:00,33.55,46.48,76.89,6.67,22.07,2,36.51,38.07,36.84,75.86,81.33,83.01,36.04333333333334,78.02666666666663,-2.960000000000001,1.0300000000000011,34.78
2026-01-01 23:12:00,32.47,45.32,72.15,4.58,21.96,2,33.55,36.51,38.07,76.89,75.86,81.33,34.17666666666667,74.96666666666664,-1.0799999999999983,-4.739999999999995,37.25
2026-01-01 23:13:00,36.14,44.93,81.24,8.19,20.19,2,32.47,33.55,36.51,72.15,76.89,75.86,34.053333333333335,76.75999999999996,3.6700000000000017,9.08999999999999,38.05
2026-01-01 23:14:00,35.7,45.33,80.23,7.42,22.42,2,36.14,32.47,33.55,81.24,72.15,76.89,34.77,77.87333333333329,-0.4399999999999977,-1.009999999999991,39.86
2026-01-01 23:15:00,35.21,43.28,76.78,7.12,20.76,2,35.7,36.14,32.47,80.23,81.24,72.15,35.68333333333334,79.41666666666663,-0.490000000000002,-3.450000000000003,37.19
2026-01-01 23:16:00,34.78,46.97,76.36,5.85,18.15,2,35.21,35.7,36.14,76.78,80.23,81.24,35.23000000000001,77.78999999999996,-0.4299999999999997,-0.4200000000000017,35.75
2026-01-01 23:17:00,37.25,46.84,68.32,6.48,23.46,2,34.78,35.21,35.7,76.36,76.78,80.23,35.74666666666667,73.81999999999996,2.469999999999999,-8.040000000000006,32.28
2026-01-01 23:18:00,38.05,46.38,62.79,4.94,20.69,2,37.25,34.78,35.21,68.32,76.36,76.78,36.693333333333335,69.15666666666662,0.7999999999999972,-5.529999999999994,34.93
2026-01-01 23:19:00,39.86,48.81,68.57,6.66,20.89,2,38.05,37.25,34.78,62.79,68.32,76.36,38.38666666666666,66.55999999999996,1.8100000000000023,5.779999999999994,32.89
2026-01-01 23:20:00,37.19,48.74,64.6,2.63,21.09,2,39.86,38.05,37.25,68.57,62.79,68.32,38.36666666666667,65.31999999999996,-2.6700000000000017,-3.969999999999999,33.93
2026-01-01 23:21:00,35.75,51.7,59.0,4.36,21.84,2,37.19,39.86,38.05,64.6,68.57,62.79,37.6,64.05666666666663,-1.4399999999999977,-5.599999999999994,32.29
2026-01-01 23:22:00,32.28,43.28,61.76,7.83,20.73,2,35.75,37.19,39.86,59.0,64.6,68.57,35.07333333333333,61.786666666666626,-3.469999999999999,2.759999999999998,31.43
2026-01-01 23:23:00,34.93,49.54,67.55,4.59,22.11,2,32.28,35.75,37.19,61.76,59.0,64.6,34.32,62.76999999999996,2.6499999999999986,5.789999999999999,31.02
2026-01-01 23:24:00,32.89,48.46,70.54,5.09,18.91,2,34.93,32.28,35.75,67.55,61.76,59.0,33.36666666666667,66.61666666666663,-2.039999999999999,2.990000000000009,30.93
2026-01-01 23:25:00,33.93,45.32,74.68,5.68,19.99,2,32.89,34.93,32.28,70.54,67.55,61.76,33.916666666666664,70.9233333333333,1.0399999999999991,4.140000000000001,30.85
2026-01-01 23:26:00,32.29,46.71,69.72,4.1,20.64,2,33.93,32.89,34.93,74.68,70.54,67.55,33.03666666666667,71.64666666666663,-1.6400000000000006,-4.960000000000008,31.22
2026-01-01 23:27:00,31.43,45.09,61.83,1.94,23.5,2,32.29,33.93,32.89,69.72,74.68,70.54,32.550000000000004,68.7433333333333,-0.8599999999999994,-7.890000000000001,33.66
2026-01-01 23:28:00,31.02,46.23,69.19,5.54,20.41,2,31.43,32.29,33.93,61.83,69.72,74.68,31.580000000000002,66.9133333333333,-0.41000000000000014,7.359999999999999,32.43
2026-01-01 23:29:00,30.93,48.84,66.84,5.89,22.2,2,31.02,31.43,32.29,69.19,61.83,69.72,31.12666666666667,65.95333333333329,-0.08999999999999986,-2.3499999999999943,34.3
2026-01-01 23:30:00,30.85,47.01,65.04,5.45,20.61,2,30.93,31.02,31.43,66.84,69.19,61.83,30.933333333333337,67.0233333333333,-0.0799999999999983,-1.7999999999999972,36.64
2026-01-01 23:31:00,31.22,46.94,71.28,5.84,19.89,2,30.85,30.93,31.02,65.04,66.84,69.19,31.000000000000004,67.71999999999997,0.36999999999999744,6.239999999999995,35.79
2026-01-01 23:32:00,33.66,45.92,73.16,6.28,20.69,2,31.22,30.85,30.93,71.28,65.04,66.84,31.91,69.82666666666664,2.4399999999999977,1.8799999999999955,34.83
2026-01-01 23:33:00,32.43,43.38,74.39,7.86,20.58,2,33.66,31.22,30.85,73.16,71.28,65.04,32.43666666666667,72.94333333333329,-1.2299999999999969,1.230000000000004,34.91
2026-01-01 23:34:00,34.3,46.59,84.06,6.86,22.08,2,32.43,33.66,31.22,74.39,73.16,71.28,33.46333333333334,77.2033333333333,1.8699999999999974,9.670000000000002,37.5
2026-01-01 23:35:00,36.64,50.24,78.92,5.85,23.66,2,34.3,32.43,33.66,84.06,74.39,73.16,34.45666666666667,79.12333333333329,2.3400000000000034,-5.140000000000001,37.74
2026-01-01 23:36:00,35.79,44.47,82.04,6.55,21.98,2,36.64,34.3,32.43,78.92,84.06,74.39,35.57666666666667,81.6733333333333,-0.8500000000000014,3.1200000000000045,36.84
2026-01-01 23:37:00,34.83,45.08,80.56,7.72,23.05,2,35.79,36.64,34.3,82.04,78.92,84.06,35.75333333333334,80.50666666666663,-0.9600000000000009,-1.480000000000004,38.0
2026-01-01 23:38:00,34.91,47.47,80.26,8.94,19.84,2,34.83,35.79,36.64,80.56,82.04,78.92,35.17666666666667,80.9533333333333,0.0799999999999983,-0.29999999999999716,36.08
2026-01-01 23:39:00,37.5,46.16,86.28,6.39,21.13,2,34.91,34.83,35.79,80.26,80.56,82.04,35.74666666666667,82.36666666666663,2.5900000000000034,6.019999999999996,37.07
2026-01-01 23:40:00,37.74,46.62,86.72,7.52,20.71,2,37.5,34.91,34.83,86.28,80.26,80.56,36.71666666666667,84.41999999999996,0.240000000000002,0.4399999999999977,36.82
2026-01-01 23:41:00,36.84,47.05,87.27,7.93,22.1,2,37.74,37.5,34.91,86.72,86.28,80.26,37.36000000000001,86.75666666666662,-0.8999999999999986,0.5499999999999972,34.83
2026-01-01 23:42:00,38.0,45.57,90.45,6.2,21.3,2,36.84,37.74,37.5,87.27,86.72,86.28,37.52666666666667,88.14666666666663,1.1599999999999966,3.180000000000007,33.44
2026-01-01 23:43:00,36.08,45.68,86.19,7.36,22.59,2,38.0,36.84,37.74,90.45,87.27,86.72,36.973333333333336,87.96999999999997,-1.9200000000000017,-4.260000000000005,32.01
2026-01-01 23:44:00,37.07,49.38,79.9,4.59,20.28,2,36.08,38.0,36.84,86.19,90.45,87.27,37.050000000000004,85.5133333333333,0.990000000000002,-6.289999999999992,33.11
2026-01-01 23:45:00,36.82,45.27,73.09,3.56,21.69,2,37.07,36.08,38.0,79.9,86.19,90.45,36.656666666666666,79.72666666666663,-0.25,-6.810000000000002,34.74
2026-01-01 23:46:00,34.83,43.99,62.21,5.84,22.3,2,36.82,37.07,36.08,73.09,79.9,86.19,36.24000000000001,71.7333333333333,-1.990000000000002,-10.880000000000003,33.09
2026-01-01 23:47:00,33.44,45.44,72.31,5.57,17.92,2,34.83,36.82,37.07,62.21,73.09,79.9,35.03,69.2033333333333,-1.3900000000000006,10.100000000000001,33.93
2026-01-01 23:48:00,32.01,47.67,65.81,5.9,23.95,2,33.44,34.83,36.82,72.31,62.21,73.09,33.42666666666667,66.77666666666663,-1.4299999999999997,-6.5,30.92
2026-01-01 23:49:00,33.11,46.19,64.24,5.43,20.53,2,32.01,33.44,34.83,65.81,72.31,62.21,32.85333333333334,67.4533333333333,1.1000000000000014,-1.5700000000000074,30.94
2026-01-01 23:50:00,34.74,46.23,62.52,3.85,18.22,2,33.11,32.01,33.44,64.24,65.81,72.31,33.28666666666667,64.18999999999996,1.6300000000000026,-1.7199999999999918,31.69
2026-01-01 23:51:00,33.09,46.67,63.85,5.36,21.19,2,34.74,33.11,32.01,62.52,64.24,65.81,33.646666666666675,63.53666666666663,-1.6499999999999986,1.3299999999999983,30.92
2026-01-01 23:52:00,33.93,43.39,67.62,3.9,21.16,2,33.09,34.74,33.11,63.85,62.52,64.24,33.92000000000001,64.6633333333333,0.8399999999999963,3.770000000000003,30.26
2026-01-01 23:53:00,30.92,46.81,71.32,8.15,20.44,2,33.93,33.09,34.74,67.62,63.85,62.52,32.64666666666667,67.59666666666662,-3.009999999999998,3.6999999999999886,30.76
2026-01-01 23:54:00,30.94,46.6,67.49,3.7,22.06,2,30.92,33.93,33.09,71.32,67.62,63.85,31.930000000000007,68.80999999999996,0.019999999999999574,-3.8299999999999983,32.63
