timestamp,request_number,status_code,latency_ms
2026-09-22T23:04:04.258628,1,200,179.503
2026-09-22T23:04:04.267319,2,200,190.216
2026-09-22T23:04:05.248153,3,200,168.534
2026-09-22T23:04:05.253212,4,200,158.263
2026-09-22T23:04:06.250670,5,200,156.362
2026-09-22T23:04:06.260875,6,200,151.726
2026-09-22T23:04:07.268583,7,200,162.17
2026-09-22T23:04:07.270043,8,200,148.861
2026-09-22T23:04:08.266859,9,200,149.517
2026-09-22T23:04:08.283190,10,200,150.323
2026-09-22T23:04:09.274449,11,200,144.414
2026-09-22T23:04:09.284095,12,200,138.569
2026-09-22T23:04:10.321042,13,200,162.509
2026-09-22T23:04:10.323569,14,200,178.536
2026-09-22T23:04:11.287548,15,200,132.901
2026-09-22T23:04:11.309377,16,200,139.506
2026-09-22T23:04:12.323720,17,200,164.194
2026-09-22T23:04:12.325031,18,200,150.026
2026-09-22T23:04:13.322325,19,200,154.774
2026-09-22T23:04:13.336495,20,200,153.783
2026-09-22T23:04:14.338668,21,200,147.872
2026-09-22T23:04:14.341223,22,200,166.461
2026-09-22T23:04:15.311141,23,200,123.832
2026-09-22T23:04:15.340582,24,200,137.212
2026-09-22T23:04:16.356291,25,200,156.327
2026-09-22T23:04:16.361682,26,200,145.727
2026-09-22T23:04:17.366463,27,200,153.09
2026-09-22T23:04:17.373919,28,200,144.703
2026-09-22T23:04:18.373124,29,200,145.142
2026-09-22T23:04:18.382849,30,200,138.928
2026-09-22T23:04:19.413599,31,200,154.394
2026-09-22T23:04:19.414498,32,200,170.891
2026-09-22T23:04:20.405499,33,200,152.563
2026-09-22T23:04:20.415066,34,200,146.017
2026-09-22T23:04:21.433182,35,200,152.137
2026-09-22T23:04:21.434060,36,200,167.673
2026-09-22T23:04:22.446327,37,200,166.836
2026-09-22T23:04:22.449112,38,200,154.424
2026-09-22T23:04:23.450440,39,200,159.194
2026-09-22T23:04:23.455768,40,200,148.889
2026-09-22T23:04:24.460645,41,200,143.823
2026-09-22T23:04:24.461032,42,200,158.946
2026-09-22T23:04:25.476427,43,200,161.673
2026-09-22T23:04:25.483398,44,200,153.766
2026-09-22T23:04:26.449592,45,200,133.079
2026-09-22T23:04:26.473891,46,200,141.533
2026-09-22T23:04:27.470949,47,200,144.738
2026-09-22T23:04:27.487209,48,200,145.029
2026-09-22T23:04:28.484791,49,200,145.896
2026-09-22T23:04:28.500535,50,200,146.834
2026-09-22T23:04:29.498575,51,200,150.793
2026-09-22T23:04:29.514895,52,200,151.145
2026-09-22T23:04:30.489265,53,200,130.728
2026-09-22T23:04:30.520686,54,200,145.772
2026-09-22T23:04:31.534459,55,200,161.149
2026-09-22T23:04:31.540546,56,200,151.552
2026-09-22T23:04:32.541561,57,200,155.558
2026-09-22T23:04:32.550498,58,200,149.49
2026-09-22T23:04:33.567748,59,200,168.119
2026-09-22T23:04:33.570146,60,200,152.115
2026-09-22T23:04:34.574914,61,200,163.108
2026-09-22T23:04:34.576691,62,200,147.861
2026-09-22T23:04:35.593932,63,200,171.515
2026-09-22T23:04:35.595251,64,200,157.186
2026-09-22T23:04:36.604221,65,200,157.339
2026-09-22T23:04:36.604565,66,200,172.747
2026-09-22T23:04:37.587061,67,200,141.352
2026-09-22T23:04:37.608050,68,200,147.377
2026-09-22T23:04:38.598002,69,200,139.61
2026-09-22T23:04:38.614295,70,200,139.852
2026-09-22T23:04:39.608370,71,200,139.151
2026-09-22T23:04:39.629258,72,200,144.311
2026-09-22T23:04:40.620044,73,200,138.196
2026-09-22T23:04:40.641387,74,200,143.921
2026-09-22T23:04:41.641442,75,200,158.804
2026-09-22T23:04:41.658646,76,200,159.66
2026-09-22T23:04:42.641811,77,200,147.357
2026-09-22T23:04:42.658936,78,200,148.351
2026-09-22T23:04:43.657998,79,200,152.476
2026-09-22T23:04:43.668589,80,200,147.517
2026-09-22T23:04:44.741905,81,200,211.512
2026-09-22T23:04:44.744417,82,200,227.221
2026-09-22T23:04:45.690407,83,200,164.278
2026-09-22T23:04:45.695250,84,200,153.598
2026-09-22T23:04:46.695329,85,200,161.827
2026-09-22T23:04:46.695824,86,200,146.236
2026-09-22T23:04:47.710801,87,200,165.018
2026-09-22T23:04:47.716260,88,200,154.151
2026-09-22T23:04:48.686955,89,200,130.032
2026-09-22T23:04:48.714643,90,200,141.714
2026-09-22T23:04:49.719256,91,200,148.843
2026-09-22T23:04:49.736683,92,200,151.159
2026-09-22T23:04:50.755619,93,200,173.575
2026-09-22T23:04:50.756204,94,200,158.861
2026-09-22T23:04:51.744470,95,200,152.523
2026-09-22T23:04:51.762173,96,200,155.035
2026-09-22T23:04:52.750971,97,200,149.938
2026-09-22T23:04:52.774635,98,200,158.514
2026-09-22T23:04:53.774353,99,200,161.031
2026-09-22T23:04:53.781670,100,200,153.057
2026-09-22T23:04:54.786869,101,200,163.82
2026-09-22T23:04:54.792362,102,200,153.688
2026-09-22T23:04:55.772662,103,200,146.194
2026-09-22T23:04:55.783448,104,200,141.38
2026-09-22T23:04:56.794546,105,200,154.367
2026-09-22T23:04:56.806707,106,200,150.941
2026-09-22T23:04:57.807595,107,200,155.732
2026-09-22T23:04:57.817855,108,200,150.661
2026-09-22T23:04:58.791133,109,200,139.366
2026-09-22T23:04:58.805770,110,200,137.828
2026-09-22T23:04:59.810276,111,200,157.902
2026-09-22T23:04:59.827498,112,200,143.937
2026-09-22T23:05:00.802877,113,200,138.577
2026-09-22T23:05:00.830873,114,200,135.928
2026-09-22T23:05:01.819111,115,200,142.3
2026-09-22T23:05:01.833879,116,200,125.697
2026-09-22T23:05:02.826699,117,200,135.295
2026-09-22T23:05:02.857460,118,200,135.113
2026-09-22T23:05:03.842935,119,200,142.394
2026-09-22T23:05:03.864639,120,200,132.499
2026-09-22T23:05:04.319742,1,200,236.261
2026-09-22T23:05:04.468491,2,200,375.321
2026-09-22T23:05:04.468956,3,200,371.442
2026-09-22T23:05:04.475740,4,200,386.274
2026-09-22T23:05:04.477462,5,200,390.902
2026-09-22T23:05:05.355066,6,200,251.815
2026-09-22T23:05:05.439734,7,200,337.036
2026-09-22T23:05:05.461752,8,200,362.426
2026-09-22T23:05:05.465111,9,200,363.195
2026-09-22T23:05:05.497155,10,200,393.466
2026-09-22T23:05:06.312206,11,200,200.943
2026-09-22T23:05:06.322542,12,200,210.798
2026-09-22T23:05:06.499963,13,200,387.684
2026-09-22T23:05:06.510292,14,200,397.514
2026-09-22T23:05:06.515505,15,200,402.986
2026-09-22T23:05:07.406310,16,200,278.889
2026-09-22T23:05:07.444172,17,200,320.258
2026-09-22T23:05:07.469768,18,200,346.206
2026-09-22T23:05:07.513133,19,200,383.623
2026-09-22T23:05:07.514126,20,200,383.886
2026-09-22T23:05:08.329648,21,200,194.226
2026-09-22T23:05:08.497932,22,200,363.018
2026-09-22T23:05:08.531307,23,200,386.317
2026-09-22T23:05:08.533435,24,200,396.751
2026-09-22T23:05:08.534616,25,200,395.834
2026-09-22T23:05:09.448397,26,200,298.401
2026-09-22T23:05:09.461507,27,200,313.393
2026-09-22T23:05:09.472036,28,200,322.504
2026-09-22T23:05:09.520283,29,200,371.69
2026-09-22T23:05:09.551546,30,200,402.459
2026-09-22T23:05:10.497949,31,200,340.731
2026-09-22T23:05:10.545790,32,200,388.404
2026-09-22T23:05:10.547568,33,200,389.389
2026-09-22T23:05:10.558441,34,200,402.02
2026-09-22T23:05:10.560612,35,200,402.558
2026-09-22T23:05:11.519517,36,200,349.339
2026-09-22T23:05:11.569413,37,200,397.381
2026-09-22T23:05:11.579197,38,200,397.72
2026-09-22T23:05:11.583017,39,200,411.336
2026-09-22T23:05:11.583357,40,200,412.253
2026-09-22T23:05:12.465927,41,200,273.744
2026-09-22T23:05:12.558080,42,200,367.91
2026-09-22T23:05:12.577577,43,200,395.239
2026-09-22T23:05:12.578983,44,200,395.349
2026-09-22T23:05:12.586426,45,200,399.275
2026-09-22T23:05:13.422849,46,200,230.302
2026-09-22T23:05:13.526625,47,200,333.428
2026-09-22T23:05:13.556100,48,200,362.624
2026-09-22T23:05:13.564976,49,200,371.983
2026-09-22T23:05:13.586603,50,200,393.78
2026-09-22T23:05:14.477338,51,200,275.288
2026-09-22T23:05:14.570334,52,200,375.21
2026-09-22T23:05:14.580438,53,200,381.187
2026-09-22T23:05:14.596269,54,200,400.543
2026-09-22T23:05:14.598180,55,200,399.272
2026-09-22T23:05:15.549753,56,200,336.161
2026-09-22T23:05:15.554984,57,200,336.35
2026-09-22T23:05:15.582698,58,200,372.202
2026-09-22T23:05:15.593965,59,200,375.587
2026-09-22T23:05:15.600173,60,200,384.428
2026-09-22T23:05:16.513902,61,200,291.191
2026-09-22T23:05:16.530945,62,200,307.663
2026-09-22T23:05:16.579149,63,200,356.167
2026-09-22T23:05:16.598403,64,200,376.018
2026-09-22T23:05:16.613383,65,200,389.89
2026-09-22T23:05:17.549212,66,200,315.471
2026-09-22T23:05:17.549528,67,200,311.237
2026-09-22T23:05:17.586485,68,200,353.183
2026-09-22T23:05:17.614358,69,200,374.64
2026-09-22T23:05:17.629243,70,200,396.409
2026-09-22T23:05:18.548301,71,200,292.959
2026-09-22T23:05:18.564509,72,200,310.398
2026-09-22T23:05:18.569576,73,200,323.551
2026-09-22T23:05:18.610976,74,200,361.69
2026-09-22T23:05:18.648257,75,200,402.706
2026-09-22T23:05:19.594441,76,200,328.497
2026-09-22T23:05:19.627398,77,200,363.464
2026-09-22T23:05:19.632937,78,200,362.679
2026-09-22T23:05:19.648815,79,200,387.002
2026-09-22T23:05:19.652264,80,200,394.245
2026-09-22T23:05:20.521657,81,200,248.815
2026-09-22T23:05:20.605239,82,200,332.158
2026-09-22T23:05:20.628843,83,200,357.314
2026-09-22T23:05:20.655435,84,200,377.441
2026-09-22T23:05:20.655822,85,200,378.028
2026-09-22T23:05:21.581794,86,200,293.821
2026-09-22T23:05:21.619824,87,200,333.559
2026-09-22T23:05:21.664024,88,200,371.048
2026-09-22T23:05:21.678185,89,200,380.735
2026-09-22T23:05:21.683035,90,200,388.295
2026-09-22T23:05:22.645435,91,200,346.259
2026-09-22T23:05:22.666271,92,200,360.954
2026-09-22T23:05:22.686984,93,200,386.887
2026-09-22T23:05:22.714359,94,200,409.593
2026-09-22T23:05:22.723599,95,200,408.089
2026-09-22T23:05:23.588567,96,200,283.4
2026-09-22T23:05:23.652496,97,200,332.451
2026-09-22T23:05:23.666539,98,200,346.343
2026-09-22T23:05:23.670823,99,200,364.874
2026-09-22T23:05:23.703946,100,200,394.735
2026-09-22T23:05:24.643304,101,200,309.872
2026-09-22T23:05:24.647252,102,200,315.762
2026-09-22T23:05:24.710883,103,200,394.89
2026-09-22T23:05:24.743891,104,200,427.612
2026-09-22T23:05:24.749434,105,200,431.618
2026-09-22T23:05:25.605876,106,200,265.889
2026-09-22T23:05:25.658455,107,200,321.696
2026-09-22T23:05:25.710884,108,200,388.541
2026-09-22T23:05:25.716787,109,200,394.197
2026-09-22T23:05:25.726667,110,200,404.706
2026-09-22T23:05:26.607403,111,200,273.089
2026-09-22T23:05:26.668814,112,200,330.643
2026-09-22T23:05:26.711046,113,200,376.332
2026-09-22T23:05:26.740306,114,200,389.729
2026-09-22T23:05:26.740585,115,200,391.781
2026-09-22T23:05:27.541324,116,200,195.141
2026-09-22T23:05:27.630235,117,200,276.945
2026-09-22T23:05:27.678878,118,200,333.157
2026-09-22T23:05:27.747045,119,200,382.732
2026-09-22T23:05:27.747463,120,200,381.052
2026-09-22T23:05:28.630984,121,200,264.093
2026-09-22T23:05:28.715130,122,200,348.03
2026-09-22T23:05:28.720011,123,200,367.998
2026-09-22T23:05:28.738256,124,200,366.95
2026-09-22T23:05:28.748108,125,200,393.628
2026-09-22T23:05:29.708789,126,200,340.358
2026-09-22T23:05:29.758547,127,200,390.723
2026-09-22T23:05:29.767859,128,200,384.906
2026-09-22T23:05:29.770886,129,200,400.624
2026-09-22T23:05:29.771908,130,200,401.03
2026-09-22T23:05:30.738466,131,200,357.794
2026-09-22T23:05:30.750377,132,200,369.198
2026-09-22T23:05:30.792770,133,200,396.143
2026-09-22T23:05:30.802375,134,200,415.434
2026-09-22T23:05:30.804003,135,200,417.269
2026-09-22T23:05:31.727345,136,200,345.238
2026-09-22T23:05:31.728420,137,200,346.157
2026-09-22T23:05:31.764153,138,200,364.363
2026-09-22T23:05:31.772539,139,200,375.043
2026-09-22T23:05:31.776169,140,200,378.908
2026-09-22T23:05:32.656514,141,200,249.722
2026-09-22T23:05:32.742226,142,200,335.162
2026-09-22T23:05:32.751727,143,200,360.122
2026-09-22T23:05:32.763069,144,200,371.084
2026-09-22T23:05:32.786198,145,200,377.442
2026-09-22T23:05:33.680219,146,200,260.515
2026-09-22T23:05:33.755224,147,200,335.906
2026-09-22T23:05:33.770491,148,200,365.67
2026-09-22T23:05:33.795724,149,200,391.535
2026-09-22T23:05:33.798476,150,200,373.607
2026-09-22T23:05:34.705833,151,200,274.288
2026-09-22T23:05:34.773695,152,200,338.589
2026-09-22T23:05:34.774783,153,200,358.616
2026-09-22T23:05:34.785881,154,200,368.695
2026-09-22T23:05:34.809430,155,200,377.44
2026-09-22T23:05:35.756862,156,200,307.967
2026-09-22T23:05:35.773740,157,200,341.062
2026-09-22T23:05:35.774277,158,200,335.323
2026-09-22T23:05:35.794385,159,200,373.992
2026-09-22T23:05:35.810794,160,200,392.714
2026-09-22T23:05:36.728599,161,200,285.152
2026-09-22T23:05:36.763773,162,200,320.04
2026-09-22T23:05:36.796632,163,200,369.01
2026-09-22T23:05:36.832051,164,200,404.029
2026-09-22T23:05:36.837087,165,200,377.708
2026-09-22T23:05:37.722338,166,200,285.12
2026-09-22T23:05:37.764247,167,200,327.476
2026-09-22T23:05:37.820658,168,200,368.032
2026-09-22T23:05:37.832841,169,200,364.12
2026-09-22T23:05:37.833216,170,200,380.776
2026-09-22T23:05:38.609188,171,200,159.801
2026-09-22T23:05:38.646806,172,200,195.922
2026-09-22T23:05:38.819984,173,200,354.765
2026-09-22T23:05:38.820895,174,200,352.738
2026-09-22T23:05:38.835618,175,200,355.168
2026-09-22T23:05:39.813649,176,200,355.624
2026-09-22T23:05:39.824568,177,200,351.422
2026-09-22T23:05:39.829062,178,200,353.295
2026-09-22T23:05:39.834822,179,200,345.791
2026-09-22T23:05:39.859350,180,200,400.926
2026-09-22T23:05:40.788962,181,200,314.258
2026-09-22T23:05:40.804936,182,200,317.506
2026-09-22T23:05:40.834641,183,200,344.85
2026-09-22T23:05:40.876156,184,200,374.352
2026-09-22T23:05:40.876989,185,200,405.905
2026-09-22T23:05:41.709157,186,200,219.737
2026-09-22T23:05:41.749574,187,200,275.77
2026-09-22T23:05:41.762532,188,200,271.345
2026-09-22T23:05:41.866692,189,200,361.83
2026-09-22T23:05:41.876822,190,200,372.083
2026-09-22T23:05:42.754390,191,200,266.009
2026-09-22T23:05:42.803096,192,200,283.31
2026-09-22T23:05:42.876018,193,200,368.827
2026-09-22T23:05:42.881432,194,200,361.764
2026-09-22T23:05:42.881924,195,200,377.194
2026-09-22T23:05:43.821312,196,200,304.729
2026-09-22T23:05:43.863721,197,200,331.421
2026-09-22T23:05:43.871861,198,200,371.376
2026-09-22T23:05:43.886819,199,200,370.447
2026-09-22T23:05:43.888243,200,200,355.994
2026-09-22T23:05:44.725988,201,200,203.094
2026-09-22T23:05:44.761437,202,200,254.796
2026-09-22T23:05:44.909345,203,200,371.813
2026-09-22T23:05:44.914549,204,200,392.536
2026-09-22T23:05:44.916492,205,200,379.185
2026-09-22T23:05:45.759011,206,200,222.984
2026-09-22T23:05:45.769038,207,200,249.73
2026-09-22T23:05:45.821379,208,200,287.982
2026-09-22T23:05:45.881594,209,200,331.466
2026-09-22T23:05:45.915145,210,200,366.564
2026-09-22T23:05:46.730164,211,200,185.747
2026-09-22T23:05:46.792375,212,200,263.769
2026-09-22T23:05:46.885722,213,200,341.007
2026-09-22T23:05:46.932598,214,200,371.817
2026-09-22T23:05:46.937408,215,200,376.961
2026-09-22T23:05:47.871999,216,200,330.951
2026-09-22T23:05:47.884804,217,200,312.481
2026-09-22T23:05:47.926697,218,200,370.224
2026-09-22T23:05:47.927089,219,200,369.234
2026-09-22T23:05:47.941346,220,200,369.192
2026-09-22T23:05:48.765344,221,200,209.992
2026-09-22T23:05:48.862331,222,200,289.088
2026-09-22T23:05:48.936674,223,200,350.009
2026-09-22T23:05:48.941511,224,200,353.041
2026-09-22T23:05:48.952268,225,200,381.575
2026-09-22T23:05:49.846990,226,200,263.448
2026-09-22T23:05:49.875188,227,200,291.952
2026-09-22T23:05:49.888919,228,200,321.132
2026-09-22T23:05:49.949543,229,200,350.894
2026-09-22T23:05:49.976169,230,200,377.675
2026-09-22T23:05:50.982779,231,200,384.512
2026-09-22T23:05:50.985128,232,200,373.111
2026-09-22T23:05:50.994359,233,200,400.017
2026-09-22T23:05:50.995031,234,200,416.06
2026-09-22T23:05:50.995362,235,200,385.256
2026-09-22T23:05:51.928463,236,200,319.195
2026-09-22T23:05:51.944681,237,200,335.276
2026-09-22T23:05:51.945344,238,200,352.122
2026-09-22T23:05:51.973534,239,200,348.861
2026-09-22T23:05:51.993064,240,200,367.336
2026-09-22T23:05:52.941128,241,200,308.557
2026-09-22T23:05:53.024060,242,200,404.903
2026-09-22T23:05:53.028351,243,200,410.904
2026-09-22T23:05:53.029752,244,200,427.841
2026-09-22T23:05:53.030118,245,200,396.976
2026-09-22T23:05:53.910238,246,200,266.872
2026-09-22T23:05:53.951008,247,200,328.277
2026-09-22T23:05:54.010203,248,200,403.031
2026-09-22T23:05:54.015803,249,200,392.609
2026-09-22T23:05:54.016394,250,200,377.708
2026-09-22T23:05:54.901639,251,200,269.504
2026-09-22T23:05:54.938366,252,200,305.934
2026-09-22T23:05:55.022607,253,200,374.605
2026-09-22T23:05:55.054346,254,200,405.042
2026-09-22T23:05:55.055911,255,200,438.378
2026-09-22T23:05:55.791079,256,200,171.026
2026-09-22T23:05:55.866571,257,200,230.688
2026-09-22T23:05:55.949631,258,200,314.156
2026-09-22T23:05:55.985321,259,200,334.459
2026-09-22T23:05:56.023713,260,200,372.723
2026-09-22T23:05:56.906167,261,200,276.263
2026-09-22T23:05:56.911685,262,200,266.37
2026-09-22T23:05:56.987024,263,200,327.003
2026-09-22T23:05:57.013191,264,200,368.372
2026-09-22T23:05:57.035055,265,200,375.214
2026-09-22T23:05:57.920644,266,200,283.422
2026-09-22T23:05:57.962860,267,200,310.686
2026-09-22T23:05:57.989378,268,200,320.172
2026-09-22T23:05:58.016615,269,200,348.942
2026-09-22T23:05:58.026391,270,200,373.958
2026-09-22T23:05:58.876004,271,200,223.949
2026-09-22T23:05:58.945271,272,200,270.691
2026-09-22T23:05:59.018387,273,200,336.014
2026-09-22T23:05:59.024767,274,200,357.95
2026-09-22T23:05:59.040993,275,200,358.556
2026-09-22T23:05:59.899776,276,200,237.303
2026-09-22T23:05:59.960721,277,200,282.853
2026-09-22T23:05:59.988646,278,200,310.141
2026-09-22T23:06:00.053621,279,200,357.404
2026-09-22T23:06:00.058512,280,200,364.209
2026-09-22T23:06:00.936369,281,200,232.432
2026-09-22T23:06:01.007523,282,200,318.368
2026-09-22T23:06:01.030157,283,200,340.6
2026-09-22T23:06:01.037358,284,200,363.17
2026-09-22T23:06:01.068545,285,200,364.503
2026-09-22T23:06:01.990184,286,200,288.432
2026-09-22T23:06:02.025009,287,200,339.071
2026-09-22T23:06:02.056153,288,200,351.213
2026-09-22T23:06:02.114735,289,200,397.968
2026-09-22T23:06:02.119540,290,200,396.168
2026-09-22T23:06:02.971309,291,200,274.587
2026-09-22T23:06:03.021503,292,200,308.864
2026-09-22T23:06:03.082817,293,200,369.094
2026-09-22T23:06:03.105698,294,200,377.794
2026-09-22T23:06:03.133304,295,200,405.268
2026-09-22T23:06:03.958463,296,200,252.836
2026-09-22T23:06:04.032318,297,200,311.642
2026-09-22T23:06:04.035098,298,200,297.039
2026-09-22T23:06:04.097861,299,200,376.809
2026-09-22T23:06:04.103542,300,200,367.502
2026-09-22T23:06:04.335237,1,200,227.374
2026-09-22T23:06:04.448963,2,200,343.356
2026-09-22T23:06:04.536862,3,200,423.125
2026-09-22T23:06:04.781276,4,200,675.825
2026-09-22T23:06:04.844145,5,200,731.352
2026-09-22T23:06:04.853757,6,200,737.357
2026-09-22T23:06:04.904457,7,200,777.969
2026-09-22T23:06:04.905233,8,200,783.31
2026-09-22T23:06:04.906190,9,200,779.043
2026-09-22T23:06:04.906611,10,200,783.092
2026-09-22T23:06:05.456497,11,200,334.429
2026-09-22T23:06:05.480809,12,200,373.974
2026-09-22T23:06:05.519634,13,200,392.151
2026-09-22T23:06:05.524853,14,200,417.698
2026-09-22T23:06:05.709294,15,200,585.385
2026-09-22T23:06:05.710119,16,200,579.496
2026-09-22T23:06:05.714651,17,200,591.909
2026-09-22T23:06:05.851295,18,200,714.208
2026-09-22T23:06:05.882421,19,200,745.212
2026-09-22T23:06:05.902857,20,200,763.0
2026-09-22T23:06:06.429252,21,200,311.309
2026-09-22T23:06:06.430935,22,200,297.807
2026-09-22T23:06:06.491783,23,200,353.946
2026-09-22T23:06:06.582031,24,200,463.014
2026-09-22T23:06:06.778200,25,200,642.192
2026-09-22T23:06:06.816426,26,200,680.259
2026-09-22T23:06:06.829036,27,200,693.22
2026-09-22T23:06:06.855147,28,200,706.531
2026-09-22T23:06:06.899200,29,200,748.932
2026-09-22T23:06:06.907567,30,200,759.109
2026-09-22T23:06:07.486001,31,200,333.699
2026-09-22T23:06:07.688075,32,200,528.965
2026-09-22T23:06:07.701201,33,200,568.085
2026-09-22T23:06:07.841047,34,200,704.628
2026-09-22T23:06:07.887802,35,200,738.813
2026-09-22T23:06:07.913598,36,200,764.077
2026-09-22T23:06:07.914889,37,200,765.629
2026-09-22T23:06:07.956854,38,200,791.457
2026-09-22T23:06:07.957760,39,200,808.39
2026-09-22T23:06:07.957915,40,200,805.087
2026-09-22T23:06:08.577339,41,200,414.487
2026-09-22T23:06:08.858861,42,200,696.506
2026-09-22T23:06:08.873972,43,200,726.882
2026-09-22T23:06:08.879671,44,200,732.349
2026-09-22T23:06:08.890136,45,200,727.978
2026-09-22T23:06:08.929287,46,200,766.292
2026-09-22T23:06:08.932241,47,200,769.715
2026-09-22T23:06:08.932980,48,200,769.834
2026-09-22T23:06:08.933233,49,200,755.283
2026-09-22T23:06:08.933297,50,200,769.928
2026-09-22T23:06:09.598480,51,200,425.616
2026-09-22T23:06:09.738603,52,200,580.846
2026-09-22T23:06:09.808776,53,200,635.731
2026-09-22T23:06:09.813535,54,200,637.507
2026-09-22T23:06:09.911447,55,200,734.109
2026-09-22T23:06:09.942382,56,200,766.101
2026-09-22T23:06:09.947785,57,200,786.328
2026-09-22T23:06:09.953825,58,200,776.051
2026-09-22T23:06:09.967829,59,200,781.798
2026-09-22T23:06:09.969281,60,200,780.726
2026-09-22T23:06:10.532637,61,200,348.698
2026-09-22T23:06:10.776547,62,200,593.114
2026-09-22T23:06:10.871820,63,200,660.2
2026-09-22T23:06:10.881610,64,200,712.449
2026-09-22T23:06:10.883368,65,200,675.554
2026-09-22T23:06:10.888158,66,200,701.844
2026-09-22T23:06:10.986065,67,200,800.49
2026-09-22T23:06:11.051835,68,200,842.285
2026-09-22T23:06:11.054012,69,200,884.228
2026-09-22T23:06:11.054308,70,200,846.064
2026-09-22T23:06:11.480375,71,200,281.677
2026-09-22T23:06:11.520135,72,200,339.846
2026-09-22T23:06:11.545059,73,200,349.706
2026-09-22T23:06:11.706664,74,200,503.255
2026-09-22T23:06:11.891459,75,200,691.404
2026-09-22T23:06:11.937238,76,200,726.295
2026-09-22T23:06:11.992600,77,200,812.808
2026-09-22T23:06:12.010267,78,200,769.708
2026-09-22T23:06:12.023707,79,200,791.925
2026-09-22T23:06:12.031785,80,200,792.874
2026-09-22T23:06:12.480689,81,200,292.625
2026-09-22T23:06:12.645961,82,200,453.756
2026-09-22T23:06:12.651599,83,200,446.782
2026-09-22T23:06:12.676860,84,200,472.575
2026-09-22T23:06:12.881512,85,200,676.932
2026-09-22T23:06:12.906634,86,200,686.118
2026-09-22T23:06:12.942131,87,200,738.396
2026-09-22T23:06:12.945735,88,200,722.759
2026-09-22T23:06:12.993716,89,200,774.901
2026-09-22T23:06:13.005217,90,200,771.288
2026-09-22T23:06:13.446072,91,200,227.767
2026-09-22T23:06:13.600958,92,200,401.908
2026-09-22T23:06:13.741129,93,200,527.09
2026-09-22T23:06:13.752061,94,200,537.789
2026-09-22T23:06:13.882355,95,200,683.83
2026-09-22T23:06:13.913456,96,200,694.898
2026-09-22T23:06:13.954699,97,200,723.467
2026-09-22T23:06:13.964918,98,200,734.982
2026-09-22T23:06:13.992625,99,200,746.512
2026-09-22T23:06:14.011584,100,200,781.715
2026-09-22T23:06:14.494143,101,200,265.732
2026-09-22T23:06:14.525391,102,200,312.369
2026-09-22T23:06:14.667550,103,200,433.297
2026-09-22T23:06:14.710957,104,200,479.277
2026-09-22T23:06:14.787768,105,200,575.039
2026-09-22T23:06:14.888767,106,200,657.821
2026-09-22T23:06:14.913379,107,200,668.707
2026-09-22T23:06:14.972695,108,200,727.082
2026-09-22T23:06:15.017955,109,200,771.963
2026-09-22T23:06:15.034743,110,200,775.496
2026-09-22T23:06:15.654451,111,200,432.716
2026-09-22T23:06:15.741713,112,200,500.95
2026-09-22T23:06:15.801542,113,200,564.046
2026-09-22T23:06:15.855336,114,200,617.648
2026-09-22T23:06:15.931408,115,200,690.807
2026-09-22T23:06:15.964485,116,200,711.839
2026-09-22T23:06:15.974758,117,200,718.854
2026-09-22T23:06:15.996696,118,200,774.329
2026-09-22T23:06:16.028109,119,200,772.407
2026-09-22T23:06:16.034167,120,200,766.387
2026-09-22T23:06:16.550636,121,200,294.877
2026-09-22T23:06:16.832123,122,200,595.055
2026-09-22T23:06:16.859413,123,200,604.285
2026-09-22T23:06:16.860701,124,200,592.136
2026-09-22T23:06:16.899920,125,200,647.606
2026-09-22T23:06:16.925548,126,200,688.915
2026-09-22T23:06:17.019463,127,200,746.477
2026-09-22T23:06:17.039886,128,200,771.599
2026-09-22T23:06:17.041007,129,200,772.676
2026-09-22T23:06:17.041309,130,200,788.436
2026-09-22T23:06:17.516920,131,200,250.301
2026-09-22T23:06:17.527399,132,200,276.671
2026-09-22T23:06:17.528576,133,200,276.138
2026-09-22T23:06:17.755739,134,200,488.501
2026-09-22T23:06:17.859887,135,200,586.848
2026-09-22T23:06:17.874262,136,200,602.054
2026-09-22T23:06:17.923689,137,200,641.755
2026-09-22T23:06:17.994633,138,200,712.629
2026-09-22T23:06:18.067264,139,200,785.152
2026-09-22T23:06:18.068749,140,200,786.677
2026-09-22T23:06:18.627203,141,200,351.322
2026-09-22T23:06:18.643021,142,200,367.427
2026-09-22T23:06:18.723504,143,200,448.138
2026-09-22T23:06:18.752170,144,200,481.133
2026-09-22T23:06:18.918045,145,200,628.086
2026-09-22T23:06:19.032109,146,200,756.375
2026-09-22T23:06:19.040507,147,200,750.641
2026-09-22T23:06:19.042465,148,200,751.272
2026-09-22T23:06:19.046323,149,200,775.684
2026-09-22T23:06:19.077263,150,200,786.539
2026-09-22T23:06:19.745272,151,200,473.71
2026-09-22T23:06:19.765752,152,200,477.328
2026-09-22T23:06:19.780240,153,200,491.408
2026-09-22T23:06:19.817981,154,200,530.929
2026-09-22T23:06:19.870384,155,200,582.6
2026-09-22T23:06:19.901278,156,200,599.328
2026-09-22T23:06:20.031460,157,200,744.175
2026-09-22T23:06:20.095807,158,200,794.106
2026-09-22T23:06:20.097470,159,200,795.009
2026-09-22T23:06:20.097594,160,200,795.259
2026-09-22T23:06:20.608898,161,200,323.761
2026-09-22T23:06:20.779061,162,200,460.993
2026-09-22T23:06:20.815801,163,200,515.321
2026-09-22T23:06:20.878111,164,200,572.866
2026-09-22T23:06:20.911732,165,200,606.913
2026-09-22T23:06:20.968423,166,200,651.627
2026-09-22T23:06:20.973631,167,200,669.029
2026-09-22T23:06:21.009803,168,200,704.763
2026-09-22T23:06:21.105769,169,200,787.859
2026-09-22T23:06:21.119397,170,200,801.581
2026-09-22T23:06:21.752143,171,200,451.271
2026-09-22T23:06:21.782258,172,200,464.596
2026-09-22T23:06:21.891922,173,200,588.332
2026-09-22T23:06:21.902385,174,200,584.519
2026-09-22T23:06:22.021465,175,200,685.844
2026-09-22T23:06:22.049277,176,200,714.001
2026-09-22T23:06:22.069957,177,200,754.002
2026-09-22T23:06:22.116221,178,200,799.694
2026-09-22T23:06:22.118457,179,200,785.509
2026-09-22T23:06:22.127159,180,200,793.394
2026-09-22T23:06:22.861901,181,200,526.942
2026-09-22T23:06:22.893458,182,200,575.443
2026-09-22T23:06:22.921071,183,200,600.786
2026-09-22T23:06:22.979737,184,200,677.471
2026-09-22T23:06:23.024945,185,200,705.884
2026-09-22T23:06:23.090828,186,200,756.725
2026-09-22T23:06:23.128399,187,200,809.899
2026-09-22T23:06:23.134366,188,200,784.801
2026-09-22T23:06:23.141906,189,200,792.142
2026-09-22T23:06:23.142613,190,200,792.822
2026-09-22T23:06:23.548393,191,200,233.081
2026-09-22T23:06:23.615258,192,200,281.489
2026-09-22T23:06:23.765958,193,200,434.847
2026-09-22T23:06:24.028676,194,200,681.548
2026-09-22T23:06:24.053324,195,200,719.167
2026-09-22T23:06:24.083357,196,200,720.6
2026-09-22T23:06:24.109292,197,200,744.833
2026-09-22T23:06:24.141245,198,200,808.326
2026-09-22T23:06:24.142431,199,200,793.303
2026-09-22T23:06:24.142543,200,200,777.842
2026-09-22T23:06:24.608801,201,200,261.874
2026-09-22T23:06:24.655009,202,200,305.756
2026-09-22T23:06:24.671199,203,200,341.441
2026-09-22T23:06:24.882600,204,200,537.624
2026-09-22T23:06:25.001351,205,200,624.661
2026-09-22T23:06:25.122269,206,200,761.542
2026-09-22T23:06:25.133750,207,200,788.483
2026-09-22T23:06:25.147945,208,200,768.816
2026-09-22T23:06:25.186873,209,200,824.425
2026-09-22T23:06:25.192146,210,200,807.571
2026-09-22T23:06:25.619824,211,200,262.09
2026-09-22T23:06:25.732270,212,200,374.917
2026-09-22T23:06:25.907751,213,200,549.782
2026-09-22T23:06:25.949707,214,200,607.778
2026-09-22T23:06:26.032145,215,200,675.071
2026-09-22T23:06:26.072495,216,200,684.168
2026-09-22T23:06:26.074887,217,200,702.176
2026-09-22T23:06:26.180684,218,200,792.78
2026-09-22T23:06:26.182317,219,200,808.498
2026-09-22T23:06:26.195085,220,200,807.525
2026-09-22T23:06:26.553437,221,200,211.213
2026-09-22T23:06:26.655083,222,200,297.324
2026-09-22T23:06:26.893694,223,200,520.131
2026-09-22T23:06:26.995559,224,200,622.078
2026-09-22T23:06:27.010764,225,200,621.085
2026-09-22T23:06:27.156075,226,200,783.002
2026-09-22T23:06:27.171947,227,200,780.779
2026-09-22T23:06:27.172247,228,200,788.091
2026-09-22T23:06:27.172499,229,200,777.347
2026-09-22T23:06:27.174411,230,200,785.181
2026-09-22T23:06:27.628727,231,200,272.846
2026-09-22T23:06:27.786220,232,200,398.29
2026-09-22T23:06:28.059235,233,200,656.722
2026-09-22T23:06:28.126772,234,200,739.657
2026-09-22T23:06:28.147946,235,200,760.312
2026-09-22T23:06:28.151655,236,200,744.42
2026-09-22T23:06:28.154097,237,200,782.593
2026-09-22T23:06:28.172768,238,200,784.98
2026-09-22T23:06:28.173900,239,200,783.539
2026-09-22T23:06:28.174239,240,200,768.052
2026-09-22T23:06:28.856036,241,200,468.956
2026-09-22T23:06:29.049531,242,200,647.203
2026-09-22T23:06:29.119943,243,200,699.528
2026-09-22T23:06:29.130245,244,200,759.106
2026-09-22T23:06:29.147075,245,200,757.789
2026-09-22T23:06:29.162974,246,200,760.455
2026-09-22T23:06:29.169575,247,200,766.85
2026-09-22T23:06:29.173672,248,200,770.856
2026-09-22T23:06:29.174156,249,200,756.785
2026-09-22T23:06:29.177213,250,200,759.869
2026-09-22T23:06:29.690616,251,200,306.765
2026-09-22T23:06:29.715073,252,200,315.255
2026-09-22T23:06:29.785921,253,200,384.059
2026-09-22T23:06:29.956133,254,200,540.597
2026-09-22T23:06:29.975837,255,200,558.394
2026-09-22T23:06:29.976674,256,200,559.203
2026-09-22T23:06:30.073995,257,200,658.096
2026-09-22T23:06:30.169854,258,200,738.513
2026-09-22T23:06:30.176423,259,200,745.006
2026-09-22T23:06:30.189582,260,200,758.101
2026-09-22T23:06:30.656195,261,200,242.616
2026-09-22T23:06:30.658588,262,200,260.434
2026-09-22T23:06:30.779640,263,200,365.49
2026-09-22T23:06:30.791962,264,200,361.129
2026-09-22T23:06:30.992924,265,200,563.538
2026-09-22T23:06:31.132908,266,200,702.228
2026-09-22T23:06:31.159354,267,200,714.424
2026-09-22T23:06:31.186274,268,200,756.696
2026-09-22T23:06:31.191438,269,200,746.421
2026-09-22T23:06:31.194721,270,200,749.612
2026-09-22T23:06:31.985448,271,200,540.024
2026-09-22T23:06:32.051056,272,200,624.212
2026-09-22T23:06:32.104323,273,200,662.064
2026-09-22T23:06:32.104749,274,200,693.648
2026-09-22T23:06:32.151832,275,200,706.676
2026-09-22T23:06:32.178943,276,200,719.105
2026-09-22T23:06:32.200834,277,200,755.523
2026-09-22T23:06:32.212484,278,200,752.757
2026-09-22T23:06:32.212888,279,200,785.706
2026-09-22T23:06:32.226551,280,200,768.798
2026-09-22T23:06:32.593491,281,200,166.514
2026-09-22T23:06:32.859032,282,200,415.645
2026-09-22T23:06:33.026630,283,200,564.592
2026-09-22T23:06:33.040555,284,200,581.601
2026-09-22T23:06:33.127098,285,200,684.25
2026-09-22T23:06:33.133835,286,200,674.759
2026-09-22T23:06:33.202402,287,200,726.172
2026-09-22T23:06:33.225264,288,200,750.403
2026-09-22T23:06:33.229995,289,200,785.006
2026-09-22T23:06:33.242900,290,200,780.393
2026-09-22T23:06:33.860746,291,200,409.513
2026-09-22T23:06:33.926092,292,200,488.791
2026-09-22T23:06:34.045878,293,200,577.39
2026-09-22T23:06:34.102389,294,200,635.455
2026-09-22T23:06:34.151045,295,200,699.445
2026-09-22T23:06:34.163857,296,200,681.576
2026-09-22T23:06:34.173049,297,200,721.543
2026-09-22T23:06:34.218365,298,200,751.617
2026-09-22T23:06:34.242206,299,200,758.257
2026-09-22T23:06:34.271036,300,200,802.724
2026-09-22T23:06:34.777507,301,200,332.608
2026-09-22T23:06:34.810671,302,200,349.91
2026-09-22T23:06:34.815489,303,200,350.132
2026-09-22T23:06:34.858411,304,200,397.387
2026-09-22T23:06:35.134027,305,200,657.959
2026-09-22T23:06:35.178828,306,200,702.073
2026-09-22T23:06:35.179937,307,200,703.006
2026-09-22T23:06:35.200117,308,200,723.919
2026-09-22T23:06:35.249639,309,200,758.015
2026-09-22T23:06:35.271020,310,200,779.059
2026-09-22T23:06:35.783983,311,200,324.917
2026-09-22T23:06:35.874901,312,200,397.805
2026-09-22T23:06:35.875519,313,200,400.539
2026-09-22T23:06:36.039121,314,200,564.369
2026-09-22T23:06:36.096507,315,200,606.366
2026-09-22T23:06:36.132724,316,200,642.692
2026-09-22T23:06:36.223497,317,200,733.396
2026-09-22T23:06:36.239610,318,200,733.831
2026-09-22T23:06:36.271883,319,200,765.959
2026-09-22T23:06:36.293052,320,200,803.099
2026-09-22T23:06:36.729193,321,200,244.065
2026-09-22T23:06:37.040562,322,200,554.813
2026-09-22T23:06:37.175501,323,200,674.275
2026-09-22T23:06:37.245683,324,200,726.487
2026-09-22T23:06:37.251111,325,200,781.243
2026-09-22T23:06:37.259928,326,200,774.525
2026-09-22T23:06:37.303060,327,200,802.281
2026-09-22T23:06:37.304753,328,200,803.758
2026-09-22T23:06:37.305098,329,200,803.522
2026-09-22T23:06:37.305469,330,200,787.048
2026-09-22T23:06:37.822172,331,200,323.244
2026-09-22T23:06:37.894136,332,200,392.278
2026-09-22T23:06:37.996509,333,200,479.471
2026-09-22T23:06:38.019087,334,200,535.362
2026-09-22T23:06:38.140346,335,200,626.127
2026-09-22T23:06:38.211923,336,200,680.679
2026-09-22T23:06:38.258792,337,200,742.508
2026-09-22T23:06:38.271809,338,200,773.145
2026-09-22T23:06:38.288210,339,200,770.536
2026-09-22T23:06:38.307945,340,200,778.353
2026-09-22T23:06:39.045691,341,200,545.128
2026-09-22T23:06:39.046643,342,200,516.356
2026-09-22T23:06:39.047043,343,200,516.204
2026-09-22T23:06:39.097946,344,200,568.003
2026-09-22T23:06:39.174546,345,200,629.944
2026-09-22T23:06:39.190294,346,200,691.53
2026-09-22T23:06:39.229639,347,200,714.476
2026-09-22T23:06:39.260318,348,200,745.62
2026-09-22T23:06:39.316421,349,200,786.628
2026-09-22T23:06:39.328640,350,200,783.93
2026-09-22T23:06:39.812336,351,200,300.934
2026-09-22T23:06:39.846382,352,200,334.473
2026-09-22T23:06:40.061402,353,200,531.339
2026-09-22T23:06:40.121441,354,200,578.377
2026-09-22T23:06:40.122563,355,200,594.672
2026-09-22T23:06:40.172947,356,200,630.227
2026-09-22T23:06:40.222136,357,200,679.238
2026-09-22T23:06:40.316793,358,200,758.948
2026-09-22T23:06:40.317408,359,200,774.657
2026-09-22T23:06:40.327677,360,200,768.867
2026-09-22T23:06:40.855557,361,200,311.711
2026-09-22T23:06:41.006437,362,200,450.204
2026-09-22T23:06:41.048989,363,200,507.579
2026-09-22T23:06:41.212217,364,200,656.107
2026-09-22T23:06:41.233828,365,200,673.64
2026-09-22T23:06:41.237994,366,200,712.787
2026-09-22T23:06:41.253208,367,200,727.539
2026-09-22T23:06:41.321501,368,200,762.881
2026-09-22T23:06:41.355637,369,200,783.683
2026-09-22T23:06:41.355899,370,200,782.464
2026-09-22T23:06:41.859753,371,200,321.149
2026-09-22T23:06:42.052165,372,200,497.283
2026-09-22T23:06:42.169240,373,200,595.211
2026-09-22T23:06:42.180016,374,200,641.099
2026-09-22T23:06:42.192556,375,200,637.979
2026-09-22T23:06:42.272023,376,200,685.504
2026-09-22T23:06:42.282107,377,200,711.573
2026-09-22T23:06:42.320316,378,200,749.616
2026-09-22T23:06:42.320800,379,200,749.452
2026-09-22T23:06:42.356058,380,200,768.392
2026-09-22T23:06:43.213759,381,200,630.277
2026-09-22T23:06:43.297088,382,200,748.135
2026-09-22T23:06:43.307136,383,200,753.204
2026-09-22T23:06:43.364627,384,200,783.233
2026-09-22T23:06:43.389651,385,200,808.054
2026-09-22T23:06:43.397288,386,200,799.435
2026-09-22T23:06:43.399154,387,200,803.351
2026-09-22T23:06:43.400375,388,200,818.208
2026-09-22T23:06:43.400804,389,200,831.45
2026-09-22T23:06:43.401075,390,200,834.91
2026-09-22T23:06:43.857080,391,200,297.001
2026-09-22T23:06:43.877899,392,200,319.138
2026-09-22T23:06:43.991831,393,200,417.222
2026-09-22T23:06:44.027426,394,200,453.137
2026-09-22T23:06:44.180415,395,200,588.253
2026-09-22T23:06:44.272169,396,200,681.725
2026-09-22T23:06:44.378543,397,200,772.243
2026-09-22T23:06:44.380100,398,200,772.799
2026-09-22T23:06:44.397112,399,200,804.161
2026-09-22T23:06:44.397855,400,200,805.291
2026-09-22T23:06:44.800424,401,200,229.121
2026-09-22T23:06:45.120569,402,200,534.008
2026-09-22T23:06:45.162619,403,200,560.736
2026-09-22T23:06:45.210025,404,200,623.576
2026-09-22T23:06:45.229837,405,200,657.014
2026-09-22T23:06:45.315233,406,200,712.708
2026-09-22T23:06:45.343816,407,200,726.46
2026-09-22T23:06:45.347360,408,200,742.305
2026-09-22T23:06:45.408082,409,200,805.115
2026-09-22T23:06:45.419593,410,200,802.338
2026-09-22T23:06:45.829282,411,200,243.462
2026-09-22T23:06:45.963251,412,200,343.176
2026-09-22T23:06:46.089552,413,200,487.96
2026-09-22T23:06:46.182791,414,200,597.351
2026-09-22T23:06:46.246187,415,200,645.172
2026-09-22T23:06:46.273727,416,200,640.768
2026-09-22T23:06:46.362166,417,200,728.753
2026-09-22T23:06:46.372336,418,200,752.685
2026-09-22T23:06:46.406602,419,200,788.757
2026-09-22T23:06:46.407402,420,200,788.197
2026-09-22T23:06:46.959416,421,200,361.523
2026-09-22T23:06:47.054412,422,200,456.816
2026-09-22T23:06:47.087688,423,200,474.515
2026-09-22T23:06:47.287184,424,200,657.776
2026-09-22T23:06:47.313299,425,200,700.014
2026-09-22T23:06:47.342028,426,200,713.255
2026-09-22T23:06:47.376352,427,200,747.112
2026-09-22T23:06:47.385606,428,200,756.534
2026-09-22T23:06:47.397293,429,200,752.96
2026-09-22T23:06:47.423682,430,200,779.474
2026-09-22T23:06:47.868886,431,200,257.269
2026-09-22T23:06:48.091055,432,200,477.605
2026-09-22T23:06:48.130284,433,200,487.542
2026-09-22T23:06:48.208092,434,200,580.854
2026-09-22T23:06:48.264774,435,200,637.448
2026-09-22T23:06:48.394283,436,200,751.391
2026-09-22T23:06:48.446233,437,200,803.276
2026-09-22T23:06:48.446432,438,200,787.788
2026-09-22T23:06:48.449512,439,200,791.042
2026-09-22T23:06:48.449694,440,200,806.799
2026-09-22T23:06:48.948237,441,200,333.068
2026-09-22T23:06:48.965570,442,200,349.638
2026-09-22T23:06:49.225136,443,200,593.977
2026-09-22T23:06:49.343479,444,200,694.269
2026-09-22T23:06:49.358769,445,200,711.71
2026-09-22T23:06:49.381020,446,200,749.741
2026-09-22T23:06:49.381457,447,200,718.636
2026-09-22T23:06:49.386318,448,200,738.197
2026-09-22T23:06:49.440832,449,200,791.468
2026-09-22T23:06:49.455315,450,200,790.629
2026-09-22T23:06:49.985444,451,200,344.054
2026-09-22T23:06:49.986083,452,200,359.367
2026-09-22T23:06:50.075325,453,200,431.405
2026-09-22T23:06:50.201045,454,200,575.735
2026-09-22T23:06:50.230574,455,200,574.261
2026-09-22T23:06:50.416856,456,200,760.25
2026-09-22T23:06:50.440060,457,200,784.041
2026-09-22T23:06:50.444422,458,200,773.044
2026-09-22T23:06:50.455136,459,200,799.016
2026-09-22T23:06:50.470320,460,200,798.843
2026-09-22T23:06:50.951204,461,200,313.544
2026-09-22T23:06:51.074721,462,200,419.65
2026-09-22T23:06:51.100446,463,200,463.044
2026-09-22T23:06:51.161101,464,200,508.391
2026-09-22T23:06:51.291280,465,200,607.553
2026-09-22T23:06:51.317494,466,200,648.757
2026-09-22T23:06:51.421399,467,200,737.548
2026-09-22T23:06:51.430964,468,200,762.406
2026-09-22T23:06:51.470582,469,200,801.921
2026-09-22T23:06:51.476518,470,200,807.689
2026-09-22T23:06:52.080912,471,200,415.524
2026-09-22T23:06:52.102533,472,200,448.921
2026-09-22T23:06:52.127720,473,200,476.927
2026-09-22T23:06:52.225155,474,200,556.442
2026-09-22T23:06:52.310810,475,200,629.09
2026-09-22T23:06:52.387163,476,200,705.31
2026-09-22T23:06:52.388646,477,200,705.655
2026-09-22T23:06:52.495154,478,200,798.271
2026-09-22T23:06:52.496363,479,200,798.55
2026-09-22T23:06:52.496912,480,200,813.911
2026-09-22T23:06:52.861353,481,200,204.944
2026-09-22T23:06:52.922095,482,200,267.645
2026-09-22T23:06:53.330880,483,200,660.456
2026-09-22T23:06:53.341458,484,200,652.199
2026-09-22T23:06:53.414245,485,200,742.993
2026-09-22T23:06:53.491245,486,200,804.528
2026-09-22T23:06:53.502903,487,200,814.059
2026-09-22T23:06:53.514194,488,200,825.166
2026-09-22T23:06:53.519442,489,200,817.03
2026-09-22T23:06:53.522389,490,200,818.973
2026-09-22T23:06:53.974360,491,200,314.124
2026-09-22T23:06:54.151682,492,200,491.558
2026-09-22T23:06:54.156815,493,200,479.512
2026-09-22T23:06:54.330280,494,200,637.344
2026-09-22T23:06:54.378218,495,200,701.575
2026-09-22T23:06:54.564201,496,200,871.006
2026-09-22T23:06:54.567215,497,200,872.724
2026-09-22T23:06:54.567458,498,200,857.234
2026-09-22T23:06:54.568701,499,200,858.347
2026-09-22T23:06:54.568981,500,200,869.772
2026-09-22T23:06:55.275898,501,200,571.043
2026-09-22T23:06:55.333092,502,200,659.777
2026-09-22T23:06:55.408149,503,200,719.209
2026-09-22T23:06:55.423597,504,200,734.144
2026-09-22T23:06:55.476502,505,200,803.085
2026-09-22T23:06:55.486410,506,200,766.37
2026-09-22T23:06:55.523147,507,200,817.367
2026-09-22T23:06:55.532691,508,200,824.344
2026-09-22T23:06:55.541012,509,200,834.822
2026-09-22T23:06:55.546956,510,200,826.789
2026-09-22T23:06:56.091464,511,200,403.865
2026-09-22T23:06:56.189116,512,200,501.77
2026-09-22T23:06:56.320058,513,200,601.254
2026-09-22T23:06:56.347230,514,200,643.659
2026-09-22T23:06:56.522739,515,200,804.147
2026-09-22T23:06:56.543344,516,200,824.174
2026-09-22T23:06:56.548886,517,200,843.059
2026-09-22T23:06:56.550455,518,200,815.613
2026-09-22T23:06:56.551340,519,200,814.431
2026-09-22T23:06:56.551513,520,200,831.643
2026-09-22T23:06:57.033915,521,200,313.01
2026-09-22T23:06:57.150958,522,200,430.391
2026-09-22T23:06:57.268377,523,200,546.699
2026-09-22T23:06:57.269180,524,200,563.714
2026-09-22T23:06:57.298591,525,200,608.443
2026-09-22T23:06:57.440521,526,200,750.692
2026-09-22T23:06:57.454245,527,200,725.362
2026-09-22T23:06:57.580523,528,200,859.208
2026-09-22T23:06:57.599436,529,200,858.785
2026-09-22T23:06:57.608023,530,200,859.099
2026-09-22T23:06:58.457984,531,200,756.325
2026-09-22T23:06:58.537721,532,200,805.248
2026-09-22T23:06:58.723603,533,200,1007.44
2026-09-22T23:06:58.763956,534,200,1063.243
2026-09-22T23:06:58.807901,535,200,1075.217
2026-09-22T23:06:58.840252,536,200,1088.932
2026-09-22T23:06:58.963303,537,200,1229.204
2026-09-22T23:06:59.019798,538,200,1286.985
2026-09-22T23:06:59.091857,539,200,1341.577
2026-09-22T23:06:59.129005,540,200,1396.803
2026-09-22T23:06:59.369706,541,200,634.309
2026-09-22T23:06:59.389641,542,200,667.524
2026-09-22T23:06:59.566322,543,200,801.43
2026-09-22T23:06:59.597957,544,200,738.354
2026-09-22T23:06:59.638500,545,200,817.2
2026-09-22T23:06:59.685680,546,200,898.442
2026-09-22T23:06:59.701346,547,200,732.595
2026-09-22T23:06:59.744585,548,200,711.278
2026-09-22T23:06:59.821882,549,200,719.833
2026-09-22T23:06:59.895714,550,200,749.35
2026-09-22T23:07:00.248587,551,200,507.314
2026-09-22T23:07:00.365988,552,200,641.067
2026-09-22T23:07:00.436209,553,200,602.799
2026-09-22T23:07:00.436616,554,200,665.559
2026-09-22T23:07:00.563107,555,200,698.643
2026-09-22T23:07:00.582655,556,200,466.818
2026-09-22T23:07:00.607513,557,200,805.66
2026-09-22T23:07:00.647289,558,200,609.637
2026-09-22T23:07:00.695070,559,200,721.158
2026-09-22T23:07:00.721563,560,200,574.204
2026-09-22T23:07:01.297782,561,200,542.435
2026-09-22T23:07:01.394294,562,200,654.012
2026-09-22T23:07:01.435673,563,200,602.065
2026-09-22T23:07:01.481397,564,200,709.798
2026-09-22T23:07:01.487277,565,200,684.612
2026-09-22T23:07:01.507876,566,200,519.307
2026-09-22T23:07:01.581622,567,200,716.486
2026-09-22T23:07:01.671955,568,200,513.415
2026-09-22T23:07:01.676358,569,200,548.917
2026-09-22T23:07:01.676625,570,200,626.698
2026-09-22T23:07:02.052196,571,200,303.648
2026-09-22T23:07:02.240146,572,200,429.599
2026-09-22T23:07:02.510180,573,200,746.655
2026-09-22T23:07:02.546955,574,200,410.274
2026-09-22T23:07:02.557349,575,200,389.375
2026-09-22T23:07:02.566674,576,200,506.327
2026-09-22T23:07:02.577383,577,200,797.682
2026-09-22T23:07:02.629938,578,200,631.339
2026-09-22T23:07:02.661867,579,200,788.531
2026-09-22T23:07:02.674348,580,200,831.748
2026-09-22T23:07:03.161666,581,200,405.899
2026-09-22T23:07:03.250631,582,200,478.861
2026-09-22T23:07:03.267303,583,200,387.258
2026-09-22T23:07:03.474251,584,200,687.297
2026-09-22T23:07:03.531374,585,200,462.739
2026-09-22T23:07:03.559846,586,200,741.183
2026-09-22T23:07:03.596304,587,200,747.395
2026-09-22T23:07:03.687807,588,200,681.953
2026-09-22T23:07:03.688195,589,200,511.564
2026-09-22T23:07:03.688338,590,200,542.396
2026-09-22T23:07:04.233937,591,200,403.62
2026-09-22T23:07:04.279991,592,200,481.641
2026-09-22T23:07:04.310919,593,200,543.711
2026-09-22T23:07:04.357590,594,200,464.502
2026-09-22T23:07:04.384055,595,200,601.305
2026-09-22T23:07:04.468567,596,200,606.403
2026-09-22T23:07:04.475207,597,200,458.268
2026-09-22T23:07:04.475712,598,200,394.541
2026-09-22T23:07:34.676499,1,200,174.566
2026-09-22T23:07:34.677034,2,200,181.101
2026-09-22T23:07:35.669398,3,200,168.893
2026-09-22T23:07:35.674986,4,200,158.752
2026-09-22T23:07:36.683515,5,200,173.081
2026-09-22T23:07:36.689988,6,200,164.576
2026-09-22T23:07:37.667660,7,200,155.284
2026-09-22T23:07:37.698219,8,200,170.606
2026-09-22T23:07:38.679887,9,200,165.841
2026-09-22T23:07:38.694319,10,200,165.078
2026-09-22T23:07:39.678887,11,200,163.394
2026-09-22T23:07:39.708377,12,200,177.254
2026-09-22T23:07:40.677896,13,200,158.132
2026-09-22T23:07:40.702333,14,200,167.164
2026-09-22T23:07:41.706886,15,200,174.0
2026-09-22T23:07:41.729961,16,200,181.54
2026-09-22T23:07:42.727067,17,200,185.701
2026-09-22T23:07:42.727397,18,200,170.73
2026-09-22T23:07:43.733337,19,200,169.216
2026-09-22T23:07:43.734841,20,200,184.675
2026-09-22T23:07:44.718019,21,200,157.259
2026-09-22T23:07:44.754915,22,200,178.192
2026-09-22T23:07:45.757436,23,200,191.945
2026-09-22T23:07:45.757706,24,200,176.19
2026-09-22T23:07:46.732727,25,200,157.633
2026-09-22T23:07:46.751562,26,200,160.446
2026-09-22T23:07:47.749246,27,200,167.81
2026-09-22T23:07:47.763187,28,200,167.368
2026-09-22T23:07:48.774978,29,200,181.832
2026-09-22T23:07:48.786819,30,200,180.305
2026-09-22T23:07:49.758352,31,200,159.624
2026-09-22T23:07:49.783127,32,200,169.095
2026-09-22T23:07:50.797876,33,200,194.916
2026-09-22T23:07:50.798607,34,200,179.565
2026-09-22T23:07:51.785692,35,200,176.404
2026-09-22T23:07:51.787279,36,200,161.888
2026-09-22T23:07:52.795780,37,200,170.9
2026-09-22T23:07:52.806408,38,200,165.504
2026-09-22T23:07:53.795838,39,200,156.802
2026-09-22T23:07:53.824972,40,200,169.891
2026-09-22T23:07:54.799651,41,200,151.281
2026-09-22T23:07:54.830086,42,200,165.575
2026-09-22T23:07:55.830581,43,200,168.558
2026-09-22T23:07:55.844434,44,200,167.045
2026-09-22T23:07:56.826049,45,200,162.088
2026-09-22T23:07:56.849878,46,200,169.652
2026-09-22T23:07:57.839019,47,200,164.487
2026-09-22T23:07:57.862369,48,200,172.771
2026-09-22T23:07:58.869023,49,200,185.52
2026-09-22T23:07:58.870026,50,200,170.663
2026-09-22T23:07:59.875627,51,200,190.523
2026-09-22T23:07:59.875895,52,200,175.648
2026-09-22T23:08:00.858309,53,200,161.464
2026-09-22T23:08:00.870736,54,200,158.434
2026-09-22T23:08:01.861271,55,200,153.813
2026-09-22T23:08:01.884009,56,200,160.982
2026-09-22T23:08:02.882706,57,200,165.055
2026-09-22T23:08:02.903619,58,200,170.877
2026-09-22T23:08:03.873913,59,200,152.383
2026-09-22T23:08:03.907652,60,200,170.249
2026-09-22T23:08:04.885155,61,200,159.327
2026-09-22T23:08:04.913359,62,200,171.921
2026-09-22T23:08:05.941747,63,200,185.289
2026-09-22T23:08:05.948112,64,200,207.081
2026-09-22T23:08:06.932173,65,200,178.144
2026-09-22T23:08:06.942946,66,200,173.375
2026-09-22T23:08:07.910646,67,200,152.471
2026-09-22T23:08:07.941073,68,200,167.387
2026-09-22T23:08:08.914387,69,200,152.085
2026-09-22T23:08:08.944061,70,200,166.977
2026-09-22T23:08:09.939766,71,200,167.799
2026-09-22T23:08:09.956626,72,200,169.113
2026-09-22T23:08:10.946100,73,200,161.196
2026-09-22T23:08:10.967032,74,200,166.571
2026-09-22T23:08:11.950665,75,200,153.996
2026-09-22T23:08:11.974589,76,200,163.255
2026-09-22T23:08:12.947130,77,200,139.206
2026-09-22T23:08:12.987088,78,200,163.493
2026-09-22T23:08:13.975385,79,200,164.599
2026-09-22T23:08:13.988055,80,200,161.933
2026-09-22T23:08:14.994876,81,200,171.139
2026-09-22T23:08:15.001972,82,200,162.509
2026-09-22T23:08:16.003743,83,200,178.24
2026-09-22T23:08:16.012302,84,200,171.317
2026-09-22T23:08:17.000825,85,200,162.879
2026-09-22T23:08:17.024543,86,200,171.029
2026-09-22T23:08:18.020383,87,200,178.687
2026-09-22T23:08:18.023310,88,200,166.527
2026-09-22T23:08:19.006209,89,200,161.414
2026-09-22T23:08:19.025112,90,200,165.871
2026-09-22T23:08:20.044302,91,200,185.714
2026-09-22T23:08:20.047132,92,200,172.645
2026-09-22T23:08:21.051297,93,200,177.297
2026-09-22T23:08:21.058156,94,200,168.196
2026-09-22T23:08:22.053806,95,200,171.858
2026-09-22T23:08:22.059831,96,200,161.845
2026-09-22T23:08:23.038977,97,200,154.026
2026-09-22T23:08:23.064298,98,200,163.595
2026-09-22T23:08:24.056398,99,200,156.178
2026-09-22T23:08:24.081005,100,200,165.482
2026-09-22T23:08:25.083583,101,200,171.157
2026-09-22T23:08:25.091866,102,200,163.419
2026-09-22T23:08:26.093373,103,200,169.224
2026-09-22T23:08:26.108132,104,200,167.059
2026-09-22T23:08:27.112596,105,200,179.813
2026-09-22T23:08:27.113938,106,200,164.546
2026-09-22T23:08:28.092788,107,200,160.434
2026-09-22T23:08:28.124945,108,200,160.509
2026-09-22T23:08:29.089539,109,200,150.254
2026-09-22T23:08:29.127848,110,200,156.276
2026-09-22T23:08:30.125084,111,200,171.45
2026-09-22T23:08:30.139583,112,200,155.095
2026-09-22T23:08:31.123464,113,200,156.61
2026-09-22T23:08:31.156392,114,200,158.139
2026-09-22T23:08:32.122425,115,200,149.012
2026-09-22T23:08:32.158879,116,200,155.437
2026-09-22T23:08:33.133365,117,200,156.644
2026-09-22T23:08:33.164876,118,200,156.55
2026-09-22T23:08:34.120144,119,200,143.292
2026-09-22T23:08:34.164122,120,200,155.688
2026-09-22T23:08:35.239010,1,200,580.077
2026-09-22T23:08:35.332425,2,200,689.518
2026-09-22T23:08:35.399923,3,200,745.007
2026-09-22T23:08:35.463183,4,200,796.995
2026-09-22T23:08:35.464490,5,200,794.205
2026-09-22T23:08:35.474393,6,200,801.18
2026-09-22T23:08:35.484853,7,200,821.166
2026-09-22T23:08:35.500706,8,200,830.071
2026-09-22T23:08:35.546988,9,200,868.072
2026-09-22T23:08:35.557762,10,200,864.276
2026-09-22T23:08:36.043410,11,200,375.556
2026-09-22T23:08:36.075842,12,200,426.539
2026-09-22T23:08:36.245827,13,200,578.201
2026-09-22T23:08:36.350594,14,200,664.091
2026-09-22T23:08:36.366426,15,200,699.132
2026-09-22T23:08:36.467649,16,200,783.362
2026-09-22T23:08:36.514548,17,200,833.43
2026-09-22T23:08:36.539219,18,200,858.503
2026-09-22T23:08:36.588103,19,200,900.76
2026-09-22T23:08:36.597726,20,200,899.984
2026-09-22T23:08:37.031457,21,200,367.695
2026-09-22T23:08:37.038060,22,200,355.869
2026-09-22T23:08:37.065980,23,200,386.321
2026-09-22T23:08:37.391703,24,200,713.079
2026-09-22T23:08:37.478523,25,200,783.831
2026-09-22T23:08:37.494553,26,200,797.654
2026-09-22T23:08:37.521049,27,200,811.727
2026-09-22T23:08:37.564467,28,200,836.921
2026-09-22T23:08:37.564792,29,200,853.228
2026-09-22T23:08:37.580836,30,200,869.582
2026-09-22T23:08:38.059821,31,200,371.464
2026-09-22T23:08:38.085549,32,200,395.532
2026-09-22T23:08:38.189958,33,200,513.777
2026-09-22T23:08:38.306664,34,200,602.764
2026-09-22T23:08:38.329178,35,200,639.346
2026-09-22T23:08:38.426376,36,200,718.023
2026-09-22T23:08:38.550536,37,200,846.904
2026-09-22T23:08:38.577198,38,200,870.06
2026-09-22T23:08:38.577514,39,200,867.531
2026-09-22T23:08:38.580794,40,200,860.897
2026-09-22T23:08:38.886627,41,200,203.396
2026-09-22T23:08:39.211150,42,200,512.656
2026-09-22T23:08:39.289191,43,200,589.412
2026-09-22T23:08:39.334073,44,200,635.112
2026-09-22T23:08:39.375145,45,200,660.19
2026-09-22T23:08:39.508211,46,200,793.567
2026-09-22T23:08:39.523867,47,200,809.424
2026-09-22T23:08:39.570278,48,200,855.518
2026-09-22T23:08:39.578403,49,200,848.494
2026-09-22T23:08:39.592320,50,200,877.46
2026-09-22T23:08:40.123213,51,200,425.178
2026-09-22T23:08:40.390963,52,200,675.044
2026-09-22T23:08:40.406634,53,200,691.682
2026-09-22T23:08:40.461900,54,200,733.167
2026-09-22T23:08:40.494271,55,200,760.63
2026-09-22T23:08:40.559317,56,200,826.483
2026-09-22T23:08:40.608895,57,200,865.548
2026-09-22T23:08:40.611927,58,200,897.268
2026-09-22T23:08:40.612507,59,200,874.622
2026-09-22T23:08:40.612993,60,200,881.86
2026-09-22T23:08:41.181872,61,200,455.37
2026-09-22T23:08:41.257627,62,200,547.336
2026-09-22T23:08:41.381603,63,200,655.668
2026-09-22T23:08:41.416361,64,200,690.15
2026-09-22T23:08:41.549853,65,200,808.463
2026-09-22T23:08:41.586263,66,200,841.065
2026-09-22T23:08:41.605141,67,200,858.609
2026-09-22T23:08:41.667138,68,200,865.877
2026-09-22T23:08:41.777606,69,200,863.705
2026-09-22T23:08:41.781825,70,200,852.173
2026-09-22T23:08:42.101289,71,200,367.583
2026-09-22T23:08:42.357964,72,200,582.849
2026-09-22T23:08:42.396141,73,200,666.282
2026-09-22T23:08:42.505422,74,200,793.083
2026-09-22T23:08:42.521461,75,200,739.873
2026-09-22T23:08:42.536982,76,200,806.764
2026-09-22T23:08:42.589807,77,200,775.711
2026-09-22T23:08:42.620983,78,200,811.062
2026-09-22T23:08:42.660152,79,200,844.141
2026-09-22T23:08:42.671027,80,200,853.005
2026-09-22T23:08:43.074329,81,200,331.409
2026-09-22T23:08:43.095011,82,200,383.098
2026-09-22T23:08:43.168583,83,200,424.906
2026-09-22T23:08:43.310753,84,200,520.753
2026-09-22T23:08:43.441261,85,200,697.864
2026-09-22T23:08:43.543243,86,200,721.034
2026-09-22T23:08:43.557410,87,200,735.93
2026-09-22T23:08:43.574367,88,200,784.074
2026-09-22T23:08:43.628666,89,200,806.93
2026-09-22T23:08:43.630758,90,200,808.753
2026-09-22T23:08:43.913340,91,200,188.241
2026-09-22T23:08:44.083441,92,200,325.43
2026-09-22T23:08:44.343397,93,200,587.328
2026-09-22T23:08:44.396125,94,200,593.246
2026-09-22T23:08:44.411525,95,200,652.186
2026-09-22T23:08:44.515904,96,200,682.852
2026-09-22T23:08:44.581863,97,200,779.148
2026-09-22T23:08:44.615993,98,200,782.762
2026-09-22T23:08:44.631728,99,200,798.388
2026-09-22T23:08:44.632211,100,200,798.515
2026-09-22T23:08:45.273395,101,200,534.628
2026-09-22T23:08:45.338374,102,200,567.914
2026-09-22T23:08:45.426514,103,200,592.83
2026-09-22T23:08:45.504535,104,200,734.325
2026-09-22T23:08:45.534998,105,200,764.368
2026-09-22T23:08:45.555476,106,200,734.861
2026-09-22T23:08:45.569543,107,200,735.054
2026-09-22T23:08:45.603672,108,200,785.436
2026-09-22T23:08:45.608258,109,200,759.362
2026-09-22T23:08:45.609729,110,200,775.718
2026-09-22T23:08:46.117567,111,200,377.91
2026-09-22T23:08:46.241736,112,200,468.15
2026-09-22T23:08:46.362771,113,200,544.546
2026-09-22T23:08:46.558592,114,200,725.162
2026-09-22T23:08:46.589338,115,200,740.831
2026-09-22T23:08:46.610472,116,200,839.087
2026-09-22T23:08:46.611688,117,200,836.138
2026-09-22T23:08:46.626478,118,200,777.441
2026-09-22T23:08:46.634544,119,200,800.828
2026-09-22T23:08:46.634971,120,200,770.98
2026-09-22T23:08:47.057636,121,200,306.4
2026-09-22T23:08:47.203727,122,200,421.206
2026-09-22T23:08:47.383515,123,200,555.012
2026-09-22T23:08:47.384118,124,200,601.676
2026-09-22T23:08:47.465916,125,200,621.912
2026-09-22T23:08:47.548649,126,200,765.795
2026-09-22T23:08:47.553580,127,200,709.837
2026-09-22T23:08:47.641007,128,200,781.7
2026-09-22T23:08:47.645167,129,200,769.836
2026-09-22T23:08:47.645880,130,200,786.133
2026-09-22T23:08:47.920638,131,200,157.087
2026-09-22T23:08:48.267501,132,200,473.53
2026-09-22T23:08:48.393615,133,200,599.494
2026-09-22T23:08:48.398171,134,200,602.951
2026-09-22T23:08:48.492623,135,200,636.473
2026-09-22T23:08:48.533953,136,200,693.074
2026-09-22T23:08:48.602806,137,200,745.611
2026-09-22T23:08:48.609275,138,200,737.052
2026-09-22T23:08:48.613793,139,200,740.994
2026-09-22T23:08:48.644219,140,200,755.911
2026-09-22T23:08:49.160735,141,200,382.925
2026-09-22T23:08:49.428671,142,200,634.708
2026-09-22T23:08:49.454177,143,200,645.123
2026-09-22T23:08:49.469906,144,200,582.724
2026-09-22T23:08:49.565448,145,200,756.2
2026-09-22T23:08:49.612559,146,200,740.725
2026-09-22T23:08:49.633676,147,200,777.772
2026-09-22T23:08:49.638315,148,200,766.247
2026-09-22T23:08:49.668269,149,200,764.894
2026-09-22T23:08:49.669016,150,200,781.539
2026-09-22T23:08:50.110859,151,200,326.754
2026-09-22T23:08:50.149759,152,200,334.864
2026-09-22T23:08:50.197230,153,200,398.07
2026-09-22T23:08:50.202666,154,200,387.885
2026-09-22T23:08:50.411887,155,200,551.13
2026-09-22T23:08:50.491086,156,200,613.143
2026-09-22T23:08:50.610987,157,200,734.202
2026-09-22T23:08:50.637497,158,200,745.633
2026-09-22T23:08:50.659946,159,200,767.89
2026-09-22T23:08:50.660285,160,200,752.484
2026-09-22T23:08:51.446194,161,200,632.332
2026-09-22T23:08:51.589671,162,200,760.053
2026-09-22T23:08:51.594906,163,200,719.999
2026-09-22T23:08:51.621110,164,200,729.783
2026-09-22T23:08:51.663606,165,200,834.676
2026-09-22T23:08:51.670037,166,200,871.174
2026-09-22T23:08:51.673966,167,200,752.534
2026-09-22T23:08:51.675735,168,200,767.304
2026-09-22T23:08:51.676130,169,200,785.115
2026-09-22T23:08:51.676256,170,200,769.673
2026-09-22T23:08:52.251779,171,200,427.77
2026-09-22T23:08:52.427670,172,200,617.898
2026-09-22T23:08:52.499597,173,200,598.412
2026-09-22T23:08:52.537250,174,200,651.247
2026-09-22T23:08:52.626498,175,200,709.15
2026-09-22T23:08:52.654703,176,200,721.422
2026-09-22T23:08:52.662823,177,200,745.589
2026-09-22T23:08:52.672591,178,200,833.249
2026-09-22T23:08:52.673596,179,200,769.638
2026-09-22T23:08:52.674409,180,200,831.629
2026-09-22T23:08:53.142480,181,200,315.264
2026-09-22T23:08:53.173634,182,200,361.985
2026-09-22T23:08:53.518742,183,200,582.837
2026-09-22T23:08:53.538877,184,200,695.124
2026-09-22T23:08:53.544177,185,200,701.625
2026-09-22T23:08:53.590066,186,200,684.962
2026-09-22T23:08:53.627872,187,200,720.777
2026-09-22T23:08:53.698084,188,200,777.332
2026-09-22T23:08:53.698929,189,200,777.194
2026-09-22T23:08:53.699910,190,200,808.733
2026-09-22T23:08:54.151801,191,200,328.592
2026-09-22T23:08:54.276652,192,200,421.745
2026-09-22T23:08:54.338642,193,200,483.906
2026-09-22T23:08:54.392909,194,200,492.931
2026-09-22T23:08:54.675602,195,200,759.342
2026-09-22T23:08:54.681695,196,200,842.428
2026-09-22T23:08:54.707681,197,200,791.665
2026-09-22T23:08:54.710587,198,200,762.097
2026-09-22T23:08:54.716506,199,200,777.104
2026-09-22T23:08:54.722580,200,200,779.072
2026-09-22T23:08:55.271224,201,200,400.591
2026-09-22T23:08:55.375832,202,200,522.97
2026-09-22T23:08:55.465657,203,200,628.728
2026-09-22T23:08:55.567276,204,200,651.939
2026-09-22T23:08:55.572194,205,200,704.13
2026-09-22T23:08:55.634124,206,200,703.484
2026-09-22T23:08:55.678308,207,200,747.497
2026-09-22T23:08:55.689168,208,200,743.035
2026-09-22T23:08:55.737538,209,200,775.604
2026-09-22T23:08:55.738624,210,200,791.455
2026-09-22T23:08:56.206223,211,200,359.858
2026-09-22T23:08:56.535435,212,200,658.35
2026-09-22T23:08:56.598884,213,200,644.782
2026-09-22T23:08:56.614372,214,200,737.533
2026-09-22T23:08:56.634966,215,200,665.58
2026-09-22T23:08:56.656606,216,200,717.589
2026-09-22T23:08:56.679564,217,200,817.871
2026-09-22T23:08:56.705607,218,200,751.799
2026-09-22T23:08:56.706459,219,200,782.168
2026-09-22T23:08:56.706696,220,200,766.565
2026-09-22T23:08:57.065522,221,200,218.117
2026-09-22T23:08:57.234935,222,200,357.472
2026-09-22T23:08:57.332040,223,200,439.212
2026-09-22T23:08:57.468315,224,200,575.231
2026-09-22T23:08:57.614466,225,200,675.937
2026-09-22T23:08:57.630269,226,200,675.929
2026-09-22T23:08:57.662050,227,200,707.602
2026-09-22T23:08:57.714762,228,200,744.538
2026-09-22T23:08:57.715344,229,200,761.077
2026-09-22T23:08:57.725424,230,200,770.886
2026-09-22T23:08:58.184831,231,200,334.52
2026-09-22T23:08:58.457500,232,200,499.07
2026-09-22T23:08:58.560562,233,200,663.597
2026-09-22T23:08:58.565295,234,200,684.197
2026-09-22T23:08:58.581060,235,200,683.818
2026-09-22T23:08:58.627408,236,200,684.336
2026-09-22T23:08:58.666497,237,200,706.534
2026-09-22T23:08:58.701921,238,200,743.192
2026-09-22T23:08:58.725630,239,200,751.387
2026-09-22T23:08:58.737758,240,200,779.598
2026-09-22T23:08:59.075543,241,200,192.272
2026-09-22T23:08:59.091568,242,200,239.443
2026-09-22T23:08:59.638434,243,200,678.581
2026-09-22T23:08:59.663808,244,200,704.384
2026-09-22T23:08:59.699980,245,200,801.237
2026-09-22T23:08:59.715512,246,200,771.487
2026-09-22T23:08:59.736238,247,200,837.829
2026-09-22T23:08:59.737384,248,200,777.718
2026-09-22T23:08:59.747209,249,200,772.233
2026-09-22T23:08:59.748475,250,200,771.838
2026-09-22T23:09:00.089183,251,200,221.577
2026-09-22T23:09:00.100545,252,200,201.942
2026-09-22T23:09:00.306016,253,200,407.725
2026-09-22T23:09:00.565633,254,200,652.431
2026-09-22T23:09:00.592958,255,200,632.98
2026-09-22T23:09:00.615459,256,200,670.997
2026-09-22T23:09:00.636134,257,200,675.085
2026-09-22T23:09:00.693870,258,200,718.048
2026-09-22T23:09:00.713241,259,200,737.664
2026-09-22T23:09:00.733994,260,200,742.843
2026-09-22T23:09:01.138170,261,200,254.352
2026-09-22T23:09:01.210859,262,200,311.45
2026-09-22T23:09:01.397733,263,200,499.061
2026-09-22T23:09:01.476440,264,200,547.333
2026-09-22T23:09:01.610815,265,200,650.929
2026-09-22T23:09:01.719521,266,200,744.364
2026-09-22T23:09:01.730765,267,200,740.129
2026-09-22T23:09:01.768588,268,200,777.596
2026-09-22T23:09:01.772614,269,200,813.011
2026-09-22T23:09:01.783730,270,200,777.486
2026-09-22T23:09:02.234153,271,200,341.913
2026-09-22T23:09:02.528085,272,200,589.16
2026-09-22T23:09:02.544270,273,200,636.292
2026-09-22T23:09:02.637200,274,200,667.343
2026-09-22T23:09:02.675235,275,200,670.477
2026-09-22T23:09:02.700623,276,200,790.879
2026-09-22T23:09:02.744435,277,200,741.392
2026-09-22T23:09:02.745594,278,200,773.899
2026-09-22T23:09:02.771350,279,200,783.575
2026-09-22T23:09:02.781659,280,200,760.358
2026-09-22T23:09:03.312799,281,200,391.236
2026-09-22T23:09:03.346681,282,200,440.303
2026-09-22T23:09:03.411852,283,200,490.006
2026-09-22T23:09:03.506360,284,200,552.213
2026-09-22T23:09:03.627591,285,200,642.422
2026-09-22T23:09:03.657979,286,200,672.568
2026-09-22T23:09:03.667890,287,200,667.075
2026-09-22T23:09:03.782826,288,200,766.248
2026-09-22T23:09:03.787468,289,200,755.027
2026-09-22T23:09:03.794091,290,200,777.794
2026-09-22T23:09:04.180965,291,200,247.624
2026-09-22T23:09:04.347791,292,200,384.025
2026-09-22T23:09:04.358748,293,200,425.033
2026-09-22T23:09:04.460538,294,200,543.247
2026-09-22T23:09:04.635513,295,200,639.615
2026-09-22T23:09:04.693458,296,200,697.08
2026-09-22T23:09:04.708768,297,200,697.415
2026-09-22T23:09:04.794630,298,200,767.748
2026-09-22T23:09:04.809686,299,200,782.21
2026-09-22T23:09:04.811474,300,200,767.873
2026-09-22T23:09:05.221454,301,200,245.998
2026-09-22T23:09:05.246371,302,200,301.157
2026-09-22T23:09:05.322581,303,200,392.052
2026-09-22T23:09:05.505206,304,200,498.639
2026-09-22T23:09:05.672071,305,200,634.864
2026-09-22T23:09:05.724333,306,200,717.487
2026-09-22T23:09:05.740200,307,200,793.263
2026-09-22T23:09:05.813609,308,200,791.547
2026-09-22T23:09:05.814262,309,200,776.453
2026-09-22T23:09:05.823306,310,200,771.04
2026-09-22T23:09:06.249689,311,200,306.385
2026-09-22T23:09:06.341571,312,200,381.274
2026-09-22T23:09:06.472602,313,200,514.329
2026-09-22T23:09:06.563574,314,200,512.406
2026-09-22T23:09:06.648752,315,200,659.323
2026-09-22T23:09:06.721932,316,200,686.604
2026-09-22T23:09:06.754650,317,200,732.221
2026-09-22T23:09:06.776023,318,200,755.52
2026-09-22T23:09:06.821063,319,200,770.409
2026-09-22T23:09:06.831479,320,200,754.633
2026-09-22T23:09:07.326553,321,200,374.131
2026-09-22T23:09:07.397223,322,200,428.043
2026-09-22T23:09:07.569258,323,200,506.595
2026-09-22T23:09:07.574197,324,200,605.259
2026-09-22T23:09:07.613199,325,200,613.707
2026-09-22T23:09:07.756918,326,200,710.333
2026-09-22T23:09:07.815567,327,200,737.918
2026-09-22T23:09:07.835180,328,200,772.981
2026-09-22T23:09:07.835566,329,200,804.637
2026-09-22T23:09:07.835964,330,200,805.256
2026-09-22T23:09:08.399058,331,200,386.157
2026-09-22T23:09:08.471037,332,200,503.915
2026-09-22T23:09:08.516973,333,200,534.393
2026-09-22T23:09:08.517346,334,200,532.981
2026-09-22T23:09:08.543267,335,200,499.242
2026-09-22T23:09:08.719295,336,200,643.561
2026-09-22T23:09:08.772001,337,200,726.474
2026-09-22T23:09:08.813902,338,200,737.849
2026-09-22T23:09:08.814918,339,200,755.203
2026-09-22T23:09:08.815555,340,200,723.998
2026-09-22T23:09:09.323584,341,200,339.673
2026-09-22T23:09:09.334261,342,200,366.032
2026-09-22T23:09:09.396684,343,200,381.756
2026-09-22T23:09:09.542443,344,200,543.048
2026-09-22T23:09:09.647899,345,200,601.805
2026-09-22T23:09:09.760468,346,200,714.009
2026-09-22T23:09:09.781887,347,200,719.252
2026-09-22T23:09:09.819104,348,200,738.253
2026-09-22T23:09:09.826040,349,200,729.528
2026-09-22T23:09:09.832687,350,200,745.289
2026-09-22T23:09:10.201858,351,200,220.709
2026-09-22T23:09:10.357297,352,200,345.148
2026-09-22T23:09:10.368438,353,200,340.487
2026-09-22T23:09:10.437044,354,200,438.954
2026-09-22T23:09:10.767845,355,200,708.138
2026-09-22T23:09:10.801420,356,200,710.283
2026-09-22T23:09:10.827529,357,200,735.785
2026-09-22T23:09:10.837899,358,200,762.053
2026-09-22T23:09:10.849053,359,200,789.121
2026-09-22T23:09:10.857453,360,200,750.526
2026-09-22T23:09:11.164599,361,200,168.561
2026-09-22T23:09:11.614935,362,200,526.437
2026-09-22T23:09:11.641078,363,200,613.987
2026-09-22T23:09:11.733010,364,200,720.969
2026-09-22T23:09:11.733576,365,200,660.602
2026-09-22T23:09:11.780498,366,200,707.768
2026-09-22T23:09:11.841234,367,200,799.142
2026-09-22T23:09:11.845963,368,200,726.685
2026-09-22T23:09:11.874259,369,200,770.076
2026-09-22T23:09:11.874584,370,200,770.546
2026-09-22T23:09:12.564687,371,200,540.036
2026-09-22T23:09:12.604557,372,200,516.271
2026-09-22T23:09:12.611913,373,200,556.324
2026-09-22T23:09:12.643263,374,200,603.455
2026-09-22T23:09:12.712967,375,200,703.802
2026-09-22T23:09:12.792718,376,200,673.379
2026-09-22T23:09:12.887577,377,200,783.941
2026-09-22T23:09:12.888644,378,200,768.205
2026-09-22T23:09:12.889007,379,200,800.111
2026-09-22T23:09:12.889321,380,200,754.14
2026-09-22T23:09:13.535275,381,200,513.063
2026-09-22T23:09:13.769271,382,200,667.44
2026-09-22T23:09:13.770040,383,200,667.987
2026-09-22T23:09:13.783130,384,200,729.267
2026-09-22T23:09:13.820440,385,200,782.553
2026-09-22T23:09:13.840974,386,200,771.508
2026-09-22T23:09:13.867616,387,200,750.792
2026-09-22T23:09:13.868228,388,200,736.228
2026-09-22T23:09:13.906834,389,200,759.303
2026-09-22T23:09:13.918531,390,200,786.399
2026-09-22T23:09:14.359096,391,200,323.371
2026-09-22T23:09:14.419032,392,200,367.725
2026-09-22T23:09:14.535287,393,200,468.455
2026-09-22T23:09:14.622736,394,200,540.298
2026-09-22T23:09:14.777341,395,200,663.987
2026-09-22T23:09:14.798524,396,200,669.642
2026-09-22T23:09:14.834505,397,200,720.901
2026-09-22T23:09:14.917893,398,200,772.553
2026-09-22T23:09:14.923083,399,200,778.109
2026-09-22T23:09:14.930500,400,200,769.85
2026-09-22T23:09:15.404440,401,200,356.161
2026-09-22T23:09:15.676540,402,200,549.825
2026-09-22T23:09:15.681879,403,200,602.013
2026-09-22T23:09:15.720016,404,200,655.764
2026-09-22T23:09:15.764159,405,200,605.424
2026-09-22T23:09:15.779423,406,200,684.081
2026-09-22T23:09:15.874008,407,200,747.61
2026-09-22T23:09:15.877960,408,200,735.476
2026-09-22T23:09:15.922739,409,200,764.998
2026-09-22T23:09:15.933574,410,200,759.499
2026-09-22T23:09:16.480950,411,200,393.358
2026-09-22T23:09:16.582994,412,200,526.748
2026-09-22T23:09:16.649305,413,200,577.414
2026-09-22T23:09:16.729673,414,200,594.225
2026-09-22T23:09:16.753714,415,200,618.58
2026-09-22T23:09:16.820033,416,200,716.981
2026-09-22T23:09:16.881800,417,200,730.196
2026-09-22T23:09:16.883076,418,200,714.978
2026-09-22T23:09:16.933505,419,200,751.288
2026-09-22T23:09:16.941504,420,200,774.08
2026-09-22T23:09:17.611273,421,200,493.879
2026-09-22T23:09:17.653060,422,200,582.065
2026-09-22T23:09:17.672993,423,200,570.63
2026-09-22T23:09:17.777749,424,200,690.971
2026-09-22T23:09:17.863201,425,200,697.449
2026-09-22T23:09:17.873045,426,200,724.161
2026-09-22T23:09:17.874064,427,200,724.683
2026-09-22T23:09:17.939859,428,200,759.565
2026-09-22T23:09:17.960044,429,200,765.043
2026-09-22T23:09:17.962757,430,200,781.294
2026-09-22T23:09:18.408913,431,200,323.028
2026-09-22T23:09:18.540195,432,200,438.23
2026-09-22T23:09:18.612842,433,200,495.863
2026-09-22T23:09:18.771940,434,200,608.176
2026-09-22T23:09:18.971133,435,200,792.055
2026-09-22T23:09:18.983515,436,200,777.651
2026-09-22T23:09:18.985149,437,200,721.261
2026-09-22T23:09:19.004804,438,200,786.969
2026-09-22T23:09:19.011220,439,200,847.7
2026-09-22T23:09:19.025593,440,200,879.05
2026-09-22T23:09:19.496056,441,200,381.73
2026-09-22T23:09:19.669600,442,200,492.192
2026-09-22T23:09:19.735632,443,200,605.394
2026-09-22T23:09:19.772825,444,200,627.486
2026-09-22T23:09:19.783909,445,200,607.054
2026-09-22T23:09:19.799766,446,200,606.885
2026-09-22T23:09:19.811196,447,200,712.047
2026-09-22T23:09:19.977601,448,200,753.237
2026-09-22T23:09:19.984732,449,200,775.871
2026-09-22T23:09:20.002554,450,200,731.036
2026-09-22T23:09:20.387790,451,200,274.78
2026-09-22T23:09:20.507877,452,200,378.76
2026-09-22T23:09:20.622020,453,200,477.031
2026-09-22T23:09:20.702615,454,200,541.91
2026-09-22T23:09:20.859651,455,200,667.037
2026-09-22T23:09:20.878143,456,200,685.822
2026-09-22T23:09:20.911653,457,200,703.803
2026-09-22T23:09:20.978135,458,200,692.831
2026-09-22T23:09:20.995299,459,200,756.488
2026-09-22T23:09:21.000153,460,200,777.213
2026-09-22T23:09:21.403776,461,200,278.299
2026-09-22T23:09:21.620596,462,200,417.012
2026-09-22T23:09:21.620972,463,200,463.61
2026-09-22T23:09:21.784754,464,200,565.454
2026-09-22T23:09:21.878102,465,200,706.122
2026-09-22T23:09:21.897067,466,200,662.156
2026-09-22T23:09:21.920670,467,200,779.065
2026-09-22T23:09:21.928389,468,200,677.691
2026-09-22T23:09:21.933462,469,200,729.591
2026-09-22T23:09:21.999767,470,200,702.711
2026-09-22T23:09:22.499262,471,200,331.468
2026-09-22T23:09:22.529361,472,200,392.266
2026-09-22T23:09:22.680186,473,200,467.136
2026-09-22T23:09:22.825178,474,200,672.616
2026-09-22T23:09:22.857481,475,200,642.482
2026-09-22T23:09:22.923919,476,200,664.507
2026-09-22T23:09:22.928741,477,200,745.467
2026-09-22T23:09:22.960300,478,200,716.324
2026-09-22T23:09:22.975993,479,200,747.286
2026-09-22T23:09:22.999416,480,200,693.584
2026-09-22T23:09:23.435079,481,200,286.773
2026-09-22T23:09:23.807322,482,200,643.023
2026-09-22T23:09:23.812402,483,200,616.918
2026-09-22T23:09:23.812846,484,200,633.561
2026-09-22T23:09:23.893692,485,200,666.852
2026-09-22T23:09:23.919115,486,200,676.789
2026-09-22T23:09:23.947344,487,200,719.011
2026-09-22T23:09:23.994541,488,200,720.995
2026-09-22T23:09:24.002682,489,200,682.361
2026-09-22T23:09:24.024115,490,200,766.349
2026-09-22T23:09:24.441799,491,200,293.36
2026-09-22T23:09:24.812136,492,200,616.743
2026-09-22T23:09:24.924873,493,200,745.029
2026-09-22T23:09:24.930824,494,200,689.285
2026-09-22T23:09:24.964001,495,200,783.925
2026-09-22T23:09:24.990993,496,200,718.303
2026-09-22T23:09:25.025993,497,200,769.226
2026-09-22T23:09:25.033181,498,200,743.935
2026-09-22T23:09:25.039732,499,200,700.918
2026-09-22T23:09:25.053220,500,200,792.493
2026-09-22T23:09:25.497745,501,200,338.879
2026-09-22T23:09:25.686929,502,200,496.881
2026-09-22T23:09:25.811445,503,200,621.788
2026-09-22T23:09:25.832300,504,200,627.18
2026-09-22T23:09:25.977573,505,200,709.749
2026-09-22T23:09:26.002391,506,200,750.273
2026-09-22T23:09:26.016341,507,200,671.563
2026-09-22T23:09:26.024172,508,200,733.473
2026-09-22T23:09:26.063917,509,200,765.579
2026-09-22T23:09:26.064254,510,200,811.784
2026-09-22T23:09:26.540762,511,200,372.026
2026-09-22T23:09:26.582085,512,200,382.145
2026-09-22T23:09:26.766672,513,200,504.339
2026-09-22T23:09:26.839246,514,200,623.446
2026-09-22T23:09:26.865108,515,200,601.755
2026-09-22T23:09:26.899335,516,200,698.344
2026-09-22T23:09:27.042526,517,200,688.143
2026-09-22T23:09:27.043376,518,200,750.066
2026-09-22T23:09:27.053664,519,200,745.636
2026-09-22T23:09:27.054938,520,200,776.483
2026-09-22T23:09:27.541880,521,200,365.586
2026-09-22T23:09:27.758143,522,200,471.303
2026-09-22T23:09:27.924239,523,200,716.107
2026-09-22T23:09:27.925616,524,200,653.998
2026-09-22T23:09:27.991421,525,200,689.006
2026-09-22T23:09:27.993513,526,200,768.751
2026-09-22T23:09:28.031120,527,200,823.306
2026-09-22T23:09:28.057570,528,200,692.477
2026-09-22T23:09:28.059093,529,200,786.084
2026-09-22T23:09:28.063875,530,200,745.86
2026-09-22T23:09:28.374085,531,200,195.927
2026-09-22T23:09:28.865961,532,200,657.391
2026-09-22T23:09:28.977660,533,200,768.745
2026-09-22T23:09:29.002218,534,200,716.654
2026-09-22T23:09:29.023512,535,200,799.442
2026-09-22T23:09:29.029318,536,200,697.854
2026-09-22T23:09:29.040222,537,200,739.52
2026-09-22T23:09:29.045826,538,200,729.285
2026-09-22T23:09:29.048652,539,200,763.38
2026-09-22T23:09:29.049547,540,200,669.382
2026-09-22T23:09:29.462486,541,200,283.491
2026-09-22T23:09:29.661122,542,200,448.386
2026-09-22T23:09:29.753119,543,200,526.367
2026-09-22T23:09:29.825934,544,200,614.446
2026-09-22T23:09:29.939670,545,200,650.855
2026-09-22T23:09:29.945085,546,200,564.455
2026-09-22T23:09:30.059925,547,200,769.708
2026-09-22T23:09:30.064178,548,200,760.287
2026-09-22T23:09:30.064955,549,200,729.657
2026-09-22T23:09:30.066432,550,200,744.989
2026-09-22T23:09:30.520160,551,200,297.396
2026-09-22T23:09:30.588930,552,200,397.387
2026-09-22T23:09:30.813251,553,200,480.812
2026-09-22T23:09:30.922769,554,200,684.111
2026-09-22T23:09:30.960970,555,200,659.747
2026-09-22T23:09:30.975953,556,200,752.923
2026-09-22T23:09:31.007490,557,200,690.805
2026-09-22T23:09:31.022592,558,200,721.738
2026-09-22T23:09:31.047778,559,200,654.35
2026-09-22T23:09:31.053205,560,200,705.84
2026-09-22T23:09:31.550019,561,200,312.804
2026-09-22T23:09:31.622673,562,200,385.745
2026-09-22T23:09:31.767817,563,200,562.685
2026-09-22T23:09:31.963569,564,200,647.933
2026-09-22T23:09:31.996398,565,200,602.725
2026-09-22T23:09:32.038600,566,200,676.208
2026-09-22T23:09:32.067099,567,200,719.284
2026-09-22T23:09:32.077119,568,200,741.201
2026-09-22T23:09:32.085986,569,200,832.698
2026-09-22T23:09:32.093514,570,200,769.231
2026-09-22T23:09:32.526526,571,200,319.946
2026-09-22T23:09:32.574367,572,200,320.049
2026-09-22T23:09:32.601906,573,200,363.323
2026-09-22T23:09:32.753612,574,200,514.777
2026-09-22T23:09:32.861344,575,200,514.938
2026-09-22T23:09:32.892459,576,200,561.622
2026-09-22T23:09:32.991439,577,200,660.308
2026-09-22T23:09:33.054596,578,200,692.803
2026-09-22T23:09:33.056353,579,200,648.637
2026-09-22T23:09:33.081402,580,200,704.224
2026-09-22T23:09:33.591648,581,200,379.668
2026-09-22T23:09:33.690523,582,200,446.686
2026-09-22T23:09:33.847497,583,200,508.609
2026-09-22T23:09:33.876552,584,200,633.028
2026-09-22T23:09:33.901336,585,200,627.862
2026-09-22T23:09:34.002642,586,200,648.658
2026-09-22T23:09:34.017403,587,200,632.795
2026-09-22T23:09:34.037732,588,200,621.472
2026-09-22T23:09:34.072494,589,200,733.967
2026-09-22T23:09:34.084073,590,200,699.404
2026-09-22T23:09:34.572255,591,200,344.175
2026-09-22T23:09:34.957015,592,200,690.724
2026-09-22T23:09:35.035876,593,200,683.97
2026-09-22T23:09:35.041575,594,200,674.217
2026-09-22T23:09:35.042450,595,200,778.381
2026-09-22T23:09:35.057994,596,200,674.552
2026-09-22T23:09:35.080576,597,200,805.027
2026-09-22T23:09:35.094460,598,200,665.259
2026-09-22T23:09:35.098156,599,200,699.413
2026-09-22T23:09:35.099588,600,200,746.254
2026-09-22T23:10:05.382562,1,200,275.68
2026-09-22T23:10:05.384796,2,200,262.002
2026-09-22T23:10:05.444486,3,200,321.001
2026-09-22T23:10:05.487269,4,200,373.451
2026-09-22T23:10:05.494849,5,200,385.671
2026-09-22T23:10:06.434011,6,200,321.275
2026-09-22T23:10:06.465379,7,200,340.607
2026-09-22T23:10:06.468902,8,200,358.766
2026-09-22T23:10:06.479298,9,200,353.657
2026-09-22T23:10:06.491570,10,200,366.344
2026-09-22T23:10:07.393975,11,200,269.101
2026-09-22T23:10:07.423460,12,200,283.976
2026-09-22T23:10:07.475095,13,200,350.526
2026-09-22T23:10:07.499485,14,200,358.334
2026-09-22T23:10:07.501443,15,200,361.767
2026-09-22T23:10:08.355355,16,200,221.663
2026-09-22T23:10:08.392187,17,200,242.412
2026-09-22T23:10:08.482085,18,200,347.59
2026-09-22T23:10:08.487597,19,200,336.736
2026-09-22T23:10:08.511407,20,200,360.378
2026-09-22T23:10:09.330294,21,200,183.211
2026-09-22T23:10:09.441113,22,200,294.938
2026-09-22T23:10:09.441503,23,200,279.401
2026-09-22T23:10:09.523101,24,200,361.32
2026-09-22T23:10:09.527917,25,200,366.376
2026-09-22T23:10:10.440964,26,200,282.483
2026-09-22T23:10:10.487220,27,200,312.079
2026-09-22T23:10:10.490702,28,200,331.909
2026-09-22T23:10:10.563327,29,200,386.953
2026-09-22T23:10:10.563759,30,200,389.734
2026-09-22T23:10:11.330563,31,200,161.158
2026-09-22T23:10:11.460063,32,200,274.588
2026-09-22T23:10:11.460970,33,200,290.782
2026-09-22T23:10:11.551599,34,200,365.868
2026-09-22T23:10:11.557673,35,200,372.056
2026-09-22T23:10:12.441822,36,200,255.43
2026-09-22T23:10:12.483367,37,200,284.061
2026-09-22T23:10:12.512183,38,200,313.16
2026-09-22T23:10:12.556982,39,200,373.518
2026-09-22T23:10:12.566850,40,200,368.035
2026-09-22T23:10:13.376215,41,200,178.408
2026-09-22T23:10:13.429975,42,200,232.465
2026-09-22T23:10:13.548933,43,200,335.591
2026-09-22T23:10:13.576889,44,200,363.132
2026-09-22T23:10:13.579892,45,200,365.205
2026-09-22T23:10:14.519798,46,200,321.218
2026-09-22T23:10:14.548934,47,200,350.656
2026-09-22T23:10:14.575999,48,200,347.482
2026-09-22T23:10:14.578228,49,200,347.623
2026-09-22T23:10:14.589484,50,200,361.337
2026-09-22T23:10:15.456930,51,200,246.039
2026-09-22T23:10:15.469029,52,200,259.828
2026-09-22T23:10:15.497227,53,200,254.808
2026-09-22T23:10:15.589238,54,200,348.338
2026-09-22T23:10:15.590222,55,200,347.955
2026-09-22T23:10:16.469274,56,200,245.296
2026-09-22T23:10:16.474630,57,200,250.926
2026-09-22T23:10:16.565069,58,200,302.998
2026-09-22T23:10:16.587337,59,200,323.537
2026-09-22T23:10:16.613314,60,200,349.891
2026-09-22T23:10:17.467104,61,200,228.751
2026-09-22T23:10:17.493160,62,200,255.17
2026-09-22T23:10:17.574595,63,200,304.103
2026-09-22T23:10:17.604701,64,200,333.009
2026-09-22T23:10:17.633963,65,200,364.252
2026-09-22T23:10:18.504943,66,200,254.055
2026-09-22T23:10:18.568594,67,200,286.533
2026-09-22T23:10:18.584372,68,200,301.821
2026-09-22T23:10:18.599595,69,200,348.474
2026-09-22T23:10:18.644956,70,200,362.618
2026-09-22T23:10:19.592015,71,200,296.123
2026-09-22T23:10:19.601243,72,200,336.021
2026-09-22T23:10:19.627860,73,200,360.966
2026-09-22T23:10:19.650553,74,200,354.468
2026-09-22T23:10:19.651358,75,200,355.141
2026-09-22T23:10:20.526900,76,200,259.278
2026-09-22T23:10:20.538946,77,200,239.496
2026-09-22T23:10:20.618509,78,200,348.868
2026-09-22T23:10:20.653796,79,200,354.527
2026-09-22T23:10:20.654510,80,200,354.398
2026-09-22T23:10:21.545518,81,200,260.626
2026-09-22T23:10:21.608074,82,200,323.373
2026-09-22T23:10:21.623889,83,200,309.531
2026-09-22T23:10:21.658131,84,200,344.368
2026-09-22T23:10:21.660017,85,200,346.003
2026-09-22T23:10:22.586092,86,200,294.863
2026-09-22T23:10:22.606807,87,200,284.659
2026-09-22T23:10:22.633069,88,200,341.525
2026-09-22T23:10:22.699721,89,200,377.866
2026-09-22T23:10:22.706320,90,200,382.413
2026-09-22T23:10:23.537446,91,200,212.004
2026-09-22T23:10:23.625187,92,200,333.39
2026-09-22T23:10:23.648586,93,200,325.88
2026-09-22T23:10:23.666558,94,200,359.691
2026-09-22T23:10:23.680912,95,200,342.059
2026-09-22T23:10:24.528272,96,200,223.967
2026-09-22T23:10:24.654514,97,200,303.198
2026-09-22T23:10:24.673030,98,200,337.523
2026-09-22T23:10:24.700440,99,200,380.831
2026-09-22T23:10:24.703102,100,200,367.812
2026-09-22T23:10:25.487644,101,200,175.312
2026-09-22T23:10:25.537405,102,200,194.816
2026-09-22T23:10:25.653151,103,200,325.373
2026-09-22T23:10:25.717027,104,200,358.333
2026-09-22T23:10:25.719428,105,200,376.57
2026-09-22T23:10:26.636787,106,200,318.206
2026-09-22T23:10:26.667119,107,200,332.528
2026-09-22T23:10:26.667512,108,200,317.102
2026-09-22T23:10:26.720436,109,200,369.927
2026-09-22T23:10:26.732707,110,200,366.515
2026-09-22T23:10:27.619128,111,200,278.999
2026-09-22T23:10:27.694657,112,200,338.754
2026-09-22T23:10:27.694993,113,200,370.601
2026-09-22T23:10:27.739669,114,200,383.342
2026-09-22T23:10:27.740340,115,200,368.47
2026-09-22T23:10:28.637480,116,200,282.458
2026-09-22T23:10:28.721759,117,200,397.288
2026-09-22T23:10:28.727475,118,200,357.303
2026-09-22T23:10:28.744273,119,200,374.364
2026-09-22T23:10:28.745195,120,200,359.064
2026-09-22T23:10:29.558121,121,200,220.835
2026-09-22T23:10:29.639027,122,200,271.848
2026-09-22T23:10:29.661169,123,200,278.138
2026-09-22T23:10:29.726879,124,200,344.113
2026-09-22T23:10:29.745495,125,200,346.628
2026-09-22T23:10:30.491467,126,200,152.861
2026-09-22T23:10:30.646756,127,200,276.716
2026-09-22T23:10:30.739082,128,200,337.642
2026-09-22T23:10:30.742570,129,200,353.378
2026-09-22T23:10:30.757370,130,200,371.409
2026-09-22T23:10:31.552251,131,200,204.961
2026-09-22T23:10:31.680667,132,200,302.5
2026-09-22T23:10:31.752353,133,200,342.674
2026-09-22T23:10:31.757264,134,200,363.29
2026-09-22T23:10:31.764040,135,200,370.332
2026-09-22T23:10:32.673900,136,200,288.782
2026-09-22T23:10:32.674211,137,200,319.414
2026-09-22T23:10:32.694011,138,200,292.474
2026-09-22T23:10:32.736565,139,200,334.703
2026-09-22T23:10:32.746724,140,200,329.26
2026-09-22T23:10:33.567143,141,200,199.866
2026-09-22T23:10:33.698029,142,200,284.38
2026-09-22T23:10:33.698832,143,200,301.215
2026-09-22T23:10:33.775481,144,200,362.06
2026-09-22T23:10:33.776056,145,200,346.271
2026-09-22T23:10:34.535487,146,200,164.621
2026-09-22T23:10:34.687430,147,200,285.209
2026-09-22T23:10:34.713159,148,200,295.477
2026-09-22T23:10:34.763969,149,200,346.057
2026-09-22T23:10:34.785148,150,200,352.0
2026-09-22T23:10:35.638668,151,200,217.997
2026-09-22T23:10:35.705973,152,200,332.669
2026-09-22T23:10:35.745994,153,200,342.193
2026-09-22T23:10:35.746437,154,200,325.746
2026-09-22T23:10:35.769758,155,200,334.456
2026-09-22T23:10:36.632176,156,200,224.632
2026-09-22T23:10:36.641448,157,200,264.503
2026-09-22T23:10:36.721203,158,200,298.256
2026-09-22T23:10:36.725963,159,200,302.804
2026-09-22T23:10:36.783563,160,200,344.523
2026-09-22T23:10:37.576756,161,200,184.868
2026-09-22T23:10:37.747463,162,200,323.654
2026-09-22T23:10:37.766638,163,200,340.106
2026-09-22T23:10:37.772861,164,200,346.105
2026-09-22T23:10:37.813027,165,200,358.591
2026-09-22T23:10:38.666416,166,200,235.856
2026-09-22T23:10:38.697920,167,200,297.972
2026-09-22T23:10:38.743708,168,200,312.918
2026-09-22T23:10:38.794691,169,200,363.704
2026-09-22T23:10:38.800107,170,200,338.534
2026-09-22T23:10:39.558853,171,200,149.801
2026-09-22T23:10:39.674592,172,200,233.141
2026-09-22T23:10:39.721614,173,200,279.947
2026-09-22T23:10:39.809050,174,200,368.572
2026-09-22T23:10:39.819387,175,200,346.82
2026-09-22T23:10:40.648393,176,200,227.296
2026-09-22T23:10:40.728215,177,200,274.926
2026-09-22T23:10:40.732615,178,200,276.869
2026-09-22T23:10:40.790583,179,200,306.272
2026-09-22T23:10:40.815554,180,200,362.009
2026-09-22T23:10:41.689516,181,200,256.595
2026-09-22T23:10:41.745123,182,200,280.971
2026-09-22T23:10:41.799014,183,200,335.148
2026-09-22T23:10:41.831924,184,200,367.578
2026-09-22T23:10:41.837033,185,200,341.979
2026-09-22T23:10:42.706565,186,200,228.824
2026-09-22T23:10:42.724345,187,200,278.289
2026-09-22T23:10:42.848815,188,200,371.301
2026-09-22T23:10:42.849560,189,200,371.899
2026-09-22T23:10:42.849892,190,200,341.589
2026-09-22T23:10:43.733115,191,200,277.702
2026-09-22T23:10:43.806285,192,200,319.293
2026-09-22T23:10:43.846688,193,200,359.49
2026-09-22T23:10:43.854415,194,200,335.908
2026-09-22T23:10:43.861849,195,200,371.716
2026-09-22T23:10:44.743356,196,200,275.95
2026-09-22T23:10:44.838162,197,200,338.859
2026-09-22T23:10:44.842746,198,200,343.195
2026-09-22T23:10:44.865761,199,200,335.694
2026-09-22T23:10:44.874862,200,200,375.825
2026-09-22T23:10:45.705837,201,200,198.175
2026-09-22T23:10:45.706168,202,200,229.292
2026-09-22T23:10:45.812129,203,200,304.261
2026-09-22T23:10:45.867966,204,200,360.548
2026-09-22T23:10:45.868370,205,200,329.596
2026-09-22T23:10:46.660875,206,200,180.909
2026-09-22T23:10:46.797253,207,200,285.907
2026-09-22T23:10:46.814365,208,200,302.379
2026-09-22T23:10:46.882310,209,200,370.558
2026-09-22T23:10:46.889714,210,200,347.627
2026-09-22T23:10:47.651269,211,200,156.641
2026-09-22T23:10:47.867158,212,200,339.961
2026-09-22T23:10:47.872359,213,200,345.366
2026-09-22T23:10:47.872850,214,200,345.854
2026-09-22T23:10:47.894625,215,200,337.593
2026-09-22T23:10:48.789903,216,200,293.773
2026-09-22T23:10:48.883903,217,200,342.01
2026-09-22T23:10:48.898990,218,200,371.941
2026-09-22T23:10:48.911441,219,200,369.805
2026-09-22T23:10:48.915129,220,200,342.859
2026-09-22T23:10:49.758620,221,200,250.767
2026-09-22T23:10:49.872719,222,200,317.985
2026-09-22T23:10:49.894400,223,200,350.205
2026-09-22T23:10:49.907523,224,200,353.18
2026-09-22T23:10:49.931876,225,200,346.391
2026-09-22T23:10:50.848120,226,200,294.056
2026-09-22T23:10:50.854506,227,200,331.475
2026-09-22T23:10:50.865084,228,200,295.962
2026-09-22T23:10:50.901628,229,200,332.767
2026-09-22T23:10:50.929566,230,200,329.486
2026-09-22T23:10:51.714142,231,200,189.507
2026-09-22T23:10:51.839878,232,200,283.634
2026-09-22T23:10:51.887653,233,200,285.438
2026-09-22T23:10:51.889758,234,200,317.434
2026-09-22T23:10:51.927903,235,200,355.84
2026-09-22T23:10:52.716660,236,200,176.678
2026-09-22T23:10:52.885650,237,200,315.058
2026-09-22T23:10:52.916985,238,200,300.525
2026-09-22T23:10:52.944834,239,200,358.87
2026-09-22T23:10:52.945167,240,200,358.781
2026-09-22T23:10:53.824048,241,200,271.235
2026-09-22T23:10:53.839505,242,200,256.452
2026-09-22T23:10:53.926115,243,200,295.569
2026-09-22T23:10:53.926434,244,200,326.496
2026-09-22T23:10:53.960604,245,200,361.494
2026-09-22T23:10:54.774245,246,200,209.925
2026-09-22T23:10:54.956609,247,200,345.614
2026-09-22T23:10:54.963059,248,200,367.609
2026-09-22T23:10:54.993476,249,200,382.741
2026-09-22T23:10:54.994071,250,200,352.515
2026-09-22T23:10:55.699502,251,200,132.592
2026-09-22T23:10:55.896631,252,200,299.235
2026-09-22T23:10:55.946191,253,200,332.943
2026-09-22T23:10:55.947156,254,200,333.66
2026-09-22T23:10:55.963053,255,200,318.082
2026-09-22T23:10:56.949645,256,200,372.17
2026-09-22T23:10:56.950270,257,200,324.894
2026-09-22T23:10:56.981529,258,200,372.561
2026-09-22T23:10:56.986561,259,200,361.358
2026-09-22T23:10:56.988405,260,200,332.536
2026-09-22T23:10:57.830379,261,200,241.326
2026-09-22T23:10:57.903960,262,200,283.548
2026-09-22T23:10:57.982084,263,200,345.372
2026-09-22T23:10:57.988742,264,200,352.308
2026-09-22T23:10:57.995128,265,200,328.932
2026-09-22T23:10:58.809132,266,200,210.751
2026-09-22T23:10:58.942181,267,200,297.191
2026-09-22T23:10:58.968498,268,200,339.688
2026-09-22T23:10:59.003287,269,200,358.546
2026-09-22T23:10:59.011587,270,200,335.729
2026-09-22T23:10:59.815825,271,200,205.865
2026-09-22T23:10:59.989877,272,200,332.42
2026-09-22T23:10:59.995281,273,200,306.608
2026-09-22T23:10:59.995576,274,200,354.284
2026-09-22T23:11:00.018113,275,200,360.953
2026-09-22T23:11:00.922340,276,200,298.868
2026-09-22T23:11:00.925918,277,200,271.223
2026-09-22T23:11:01.024001,278,200,321.609
2026-09-22T23:11:01.040470,279,200,369.867
2026-09-22T23:11:01.045771,280,200,374.936
2026-09-22T23:11:01.800747,281,200,176.795
2026-09-22T23:11:01.981449,282,200,310.817
2026-09-22T23:11:02.008843,283,200,353.665
2026-09-22T23:11:02.023151,284,200,337.285
2026-09-22T23:11:02.023463,285,200,305.396
2026-09-22T23:11:02.914167,286,200,278.415
2026-09-22T23:11:02.956934,287,200,289.405
2026-09-22T23:11:03.021301,288,200,322.031
2026-09-22T23:11:03.034950,289,200,351.919
2026-09-22T23:11:03.037123,290,200,306.548
2026-09-22T23:11:03.913253,291,200,266.938
2026-09-22T23:11:03.968306,292,200,290.509
2026-09-22T23:11:03.997818,293,200,288.803
2026-09-22T23:11:04.008884,294,200,315.307
2026-09-22T23:11:04.047135,295,200,307.564
2026-09-22T23:11:04.803965,296,200,146.34
2026-09-22T23:11:04.968080,297,200,248.178
2026-09-22T23:11:05.038822,298,200,287.064
2026-09-22T23:11:05.048268,299,200,344.104
2026-09-22T23:11:05.063937,300,200,375.429
2026-09-22T23:11:05.542355,1,200,367.673
2026-09-22T23:11:05.701913,2,200,532.755
2026-09-22T23:11:05.771318,3,200,586.781
2026-09-22T23:11:05.795924,4,200,589.021
2026-09-22T23:11:05.847738,5,200,671.086
2026-09-22T23:11:05.901036,6,200,702.737
2026-09-22T23:11:05.934669,7,200,731.63
2026-09-22T23:11:05.966215,8,200,757.522
2026-09-22T23:11:05.971406,9,200,791.664
2026-09-22T23:11:05.976363,10,200,770.474
2026-09-22T23:11:06.586058,11,200,414.595
2026-09-22T23:11:06.591109,12,200,389.233
2026-09-22T23:11:06.623092,13,200,436.07
2026-09-22T23:11:06.734926,14,200,546.523
2026-09-22T23:11:06.781834,15,200,594.544
2026-09-22T23:11:06.828518,16,200,641.979
2026-09-22T23:11:06.901883,17,200,682.512
2026-09-22T23:11:06.982448,18,200,761.108
2026-09-22T23:11:06.983058,19,200,765.414
2026-09-22T23:11:07.010583,20,200,790.323
2026-09-22T23:11:07.381536,21,200,204.476
2026-09-22T23:11:07.412185,22,200,219.191
2026-09-22T23:11:07.858330,23,200,665.616
2026-09-22T23:11:07.913396,24,200,705.776
2026-09-22T23:11:07.926289,25,200,703.0
2026-09-22T23:11:07.951993,26,200,759.789
2026-09-22T23:11:07.993492,27,200,801.016
2026-09-22T23:11:07.998279,28,200,774.176
2026-09-22T23:11:08.000402,29,200,776.705
2026-09-22T23:11:08.018665,30,200,794.767
2026-09-22T23:11:08.456426,31,200,258.204
2026-09-22T23:11:08.604758,32,200,405.969
2026-09-22T23:11:08.674476,33,200,471.942
2026-09-22T23:11:08.698919,34,200,501.018
2026-09-22T23:11:08.703632,35,200,473.616
2026-09-22T23:11:08.816363,36,200,602.539
2026-09-22T23:11:08.871885,37,200,690.204
2026-09-22T23:11:08.881518,38,200,650.44
2026-09-22T23:11:08.960242,39,200,726.513
2026-09-22T23:11:08.968782,40,200,736.696
2026-09-22T23:11:09.520021,41,200,308.123
2026-09-22T23:11:09.639736,42,200,424.943
2026-09-22T23:11:09.660207,43,200,466.639
2026-09-22T23:11:09.717093,44,200,508.033
2026-09-22T23:11:09.752709,45,200,528.136
2026-09-22T23:11:09.903260,46,200,663.087
2026-09-22T23:11:09.923852,47,200,712.863
2026-09-22T23:11:09.960669,48,200,717.509
2026-09-22T23:11:10.005311,49,200,763.033
2026-09-22T23:11:10.005715,50,200,760.597
2026-09-22T23:11:10.449530,51,200,254.824
2026-09-22T23:11:10.592449,52,200,381.945
2026-09-22T23:11:10.728597,53,200,503.023
2026-09-22T23:11:10.818341,54,200,592.584
2026-09-22T23:11:10.912003,55,200,655.669
2026-09-22T23:11:10.937599,56,200,709.737
2026-09-22T23:11:10.978190,57,200,737.619
2026-09-22T23:11:10.993852,58,200,737.787
2026-09-22T23:11:10.998799,59,200,772.83
2026-09-22T23:11:11.002033,60,200,745.494
2026-09-22T23:11:11.410922,61,200,209.303
2026-09-22T23:11:11.587390,62,200,369.925
2026-09-22T23:11:11.618018,63,200,383.359
2026-09-22T23:11:11.880201,64,200,631.121
2026-09-22T23:11:11.940180,65,200,701.189
2026-09-22T23:11:11.982758,66,200,749.814
2026-09-22T23:11:12.000379,67,200,761.641
2026-09-22T23:11:12.022837,68,200,758.365
2026-09-22T23:11:12.028010,69,200,762.347
2026-09-22T23:11:12.050478,70,200,784.906
2026-09-22T23:11:12.405653,71,200,193.278
2026-09-22T23:11:12.406188,72,200,178.575
2026-09-22T23:11:12.677318,73,200,434.555
2026-09-22T23:11:12.693033,74,200,449.44
2026-09-22T23:11:12.786296,75,200,540.634
2026-09-22T23:11:12.891235,76,200,617.74
2026-09-22T23:11:12.947752,77,200,673.629
2026-09-22T23:11:12.962711,78,200,714.226
2026-09-22T23:11:12.971615,79,200,713.087
2026-09-22T23:11:13.014935,80,200,741.176
2026-09-22T23:11:13.659712,81,200,420.559
2026-09-22T23:11:13.660227,82,200,435.726
2026-09-22T23:11:13.943432,83,200,688.468
2026-09-22T23:11:13.948402,84,200,693.689
2026-09-22T23:11:13.953495,85,200,697.802
2026-09-22T23:11:13.959396,86,200,704.21
2026-09-22T23:11:13.964423,87,200,693.648
2026-09-22T23:11:13.985570,88,200,698.177
2026-09-22T23:11:14.028119,89,200,740.928
2026-09-22T23:11:14.029034,90,200,742.072
2026-09-22T23:11:14.519067,91,200,279.454
2026-09-22T23:11:14.531374,92,200,292.363
2026-09-22T23:11:14.549056,93,200,278.456
2026-09-22T23:11:14.795494,94,200,525.3
2026-09-22T23:11:14.821179,95,200,550.791
2026-09-22T23:11:14.965059,96,200,663.316
2026-09-22T23:11:15.045641,97,200,775.684
2026-09-22T23:11:15.046438,98,200,744.099
2026-09-22T23:11:15.051988,99,200,766.635
2026-09-22T23:11:15.064472,100,200,763.126
2026-09-22T23:11:15.466221,101,200,223.36
2026-09-22T23:11:15.466972,102,200,223.296
2026-09-22T23:11:15.745814,103,200,470.003
2026-09-22T23:11:15.855421,104,200,580.253
2026-09-22T23:11:15.919060,105,200,643.527
2026-09-22T23:11:15.972779,106,200,682.504
2026-09-22T23:11:15.999066,107,200,722.965
2026-09-22T23:11:16.040871,108,200,735.243
2026-09-22T23:11:16.043430,109,200,737.418
2026-09-22T23:11:16.043927,110,200,737.839
2026-09-22T23:11:16.542155,111,200,285.943
2026-09-22T23:11:16.686684,112,200,430.767
2026-09-22T23:11:16.763899,113,200,475.922
2026-09-22T23:11:16.795506,114,200,491.925
2026-09-22T23:11:16.925661,115,200,637.146
2026-09-22T23:11:16.961555,116,200,673.225
2026-09-22T23:11:16.995870,117,200,674.021
2026-09-22T23:11:16.996430,118,200,706.608
2026-09-22T23:11:17.054325,119,200,733.312
2026-09-22T23:11:17.054932,120,200,735.19
2026-09-22T23:11:17.598839,121,200,301.707
2026-09-22T23:11:17.617511,122,200,351.392
2026-09-22T23:11:17.636663,123,200,370.236
2026-09-22T23:11:17.662174,124,200,365.525
2026-09-22T23:11:17.806822,125,200,509.872
2026-09-22T23:11:18.006147,126,200,694.769
2026-09-22T23:11:18.028526,127,200,732.249
2026-09-22T23:11:18.044254,128,200,717.387
2026-09-22T23:11:18.053561,129,200,726.407
2026-09-22T23:11:18.064532,130,200,737.993
2026-09-22T23:11:18.680952,131,200,403.281
2026-09-22T23:11:18.785972,132,200,462.97
2026-09-22T23:11:18.800001,133,200,492.487
2026-09-22T23:11:18.809850,134,200,502.072
2026-09-22T23:11:18.830873,135,200,554.393
2026-09-22T23:11:18.903632,136,200,594.105
2026-09-22T23:11:18.956127,137,200,646.064
2026-09-22T23:11:19.048014,138,200,709.091
2026-09-22T23:11:19.089413,139,200,750.014
2026-09-22T23:11:19.089730,140,200,750.451
2026-09-22T23:11:19.557097,141,200,266.488
2026-09-22T23:11:19.661767,142,200,372.198
2026-09-22T23:11:19.814229,143,200,493.867
2026-09-22T23:11:19.825852,144,200,505.671
2026-09-22T23:11:19.903718,145,200,550.307
2026-09-22T23:11:19.950571,146,200,630.568
2026-09-22T23:11:19.952116,147,200,631.985
2026-09-22T23:11:19.979112,148,200,643.72
2026-09-22T23:11:20.093086,149,200,742.143
2026-09-22T23:11:20.094863,150,200,743.378
2026-09-22T23:11:20.549775,151,200,253.951
2026-09-22T23:11:20.555707,152,200,259.579
2026-09-22T23:11:20.856742,153,200,529.174
2026-09-22T23:11:20.867230,154,200,539.438
2026-09-22T23:11:20.910203,155,200,582.236
2026-09-22T23:11:21.014270,156,200,655.897
2026-09-22T23:11:21.014699,157,200,687.178
2026-09-22T23:11:21.048136,158,200,705.873
2026-09-22T23:11:21.104847,159,200,746.134
2026-09-22T23:11:21.107915,160,200,747.393
2026-09-22T23:11:21.754426,161,200,422.67
2026-09-22T23:11:21.867943,162,200,568.4
2026-09-22T23:11:21.951224,163,200,619.23
2026-09-22T23:11:21.976979,164,200,677.848
2026-09-22T23:11:21.982600,165,200,651.109
2026-09-22T23:11:21.996894,166,200,644.602
2026-09-22T23:11:22.008820,167,200,677.596
2026-09-22T23:11:22.061644,168,200,698.79
2026-09-22T23:11:22.087663,169,200,725.04
2026-09-22T23:11:22.127298,170,200,761.772
2026-09-22T23:11:22.622740,171,200,309.979
2026-09-22T23:11:22.662981,172,200,349.929
2026-09-22T23:11:22.767015,173,200,421.875
2026-09-22T23:11:22.842476,174,200,497.108
2026-09-22T23:11:22.887946,175,200,543.818
2026-09-22T23:11:22.947610,176,200,572.758
2026-09-22T23:11:23.019818,177,200,674.275
2026-09-22T23:11:23.132649,178,200,773.361
2026-09-22T23:11:23.142429,179,200,762.912
2026-09-22T23:11:23.154172,180,200,765.878
2026-09-22T23:11:23.875042,181,200,553.209
2026-09-22T23:11:23.902597,182,200,551.394
2026-09-22T23:11:23.939091,183,200,616.914
2026-09-22T23:11:23.996347,184,200,644.449
2026-09-22T23:11:24.015082,185,200,663.385
2026-09-22T23:11:24.080967,186,200,729.504
2026-09-22T23:11:24.106117,187,200,738.853
2026-09-22T23:11:24.111776,188,200,728.492
2026-09-22T23:11:24.118252,189,200,735.226
2026-09-22T23:11:24.143627,190,200,760.862
2026-09-22T23:11:24.664670,191,200,327.595
2026-09-22T23:11:24.690097,192,200,338.508
2026-09-22T23:11:24.748325,193,200,411.847
2026-09-22T23:11:24.855457,194,200,502.417
2026-09-22T23:11:25.077296,195,200,724.571
2026-09-22T23:11:25.103305,196,200,720.85
2026-09-22T23:11:25.122571,197,200,755.549
2026-09-22T23:11:25.122982,198,200,740.031
2026-09-22T23:11:25.126368,199,200,728.725
2026-09-22T23:11:25.173768,200,200,775.324
2026-09-22T23:11:25.533753,201,200,191.271
2026-09-22T23:11:25.681615,202,200,339.49
2026-09-22T23:11:25.910040,203,200,552.682
2026-09-22T23:11:25.976708,204,200,603.632
2026-09-22T23:11:26.014589,205,200,610.674
2026-09-22T23:11:26.076142,206,200,716.636
2026-09-22T23:11:26.086488,207,200,698.401
2026-09-22T23:11:26.110937,208,200,751.051
2026-09-22T23:11:26.129605,209,200,723.55
2026-09-22T23:11:26.169170,210,200,780.934
2026-09-22T23:11:26.692001,211,200,324.268
2026-09-22T23:11:26.887783,212,200,504.867
2026-09-22T23:11:26.983841,213,200,616.218
2026-09-22T23:11:27.035025,214,200,667.58
2026-09-22T23:11:27.065311,215,200,713.006
2026-09-22T23:11:27.145100,216,200,730.686
2026-09-22T23:11:27.169042,217,200,770.103
2026-09-22T23:11:27.174995,218,200,756.265
2026-09-22T23:11:27.179926,219,200,817.929
2026-09-22T23:11:27.184646,220,200,771.332
2026-09-22T23:11:27.722808,221,200,343.933
2026-09-22T23:11:27.738739,222,200,360.016
2026-09-22T23:11:27.777826,223,200,413.498
2026-09-22T23:11:27.785910,224,200,422.712
2026-09-22T23:11:27.988817,225,200,609.838
2026-09-22T23:11:28.084906,226,200,675.849
2026-09-22T23:11:28.104309,227,200,710.611
2026-09-22T23:11:28.163707,228,200,754.339
2026-09-22T23:11:28.182265,229,200,757.857
2026-09-22T23:11:28.220478,230,200,793.915
2026-09-22T23:11:28.755303,231,200,379.144
2026-09-22T23:11:28.828099,232,200,435.263
2026-09-22T23:11:28.858029,233,200,466.643
2026-09-22T23:11:29.053319,234,200,646.811
2026-09-22T23:11:29.069195,235,200,677.424
2026-09-22T23:11:29.100826,236,200,723.546
2026-09-22T23:11:29.172811,237,200,750.961
2026-09-22T23:11:29.183392,238,200,745.235
2026-09-22T23:11:29.198264,239,200,775.984
2026-09-22T23:11:29.213512,240,200,775.753
2026-09-22T23:11:29.810729,241,200,426.081
2026-09-22T23:11:29.857440,242,200,453.379
2026-09-22T23:11:29.883614,243,200,484.902
2026-09-22T23:11:30.120979,244,200,721.999
2026-09-22T23:11:30.126905,245,200,742.631
2026-09-22T23:11:30.149327,246,200,734.628
2026-09-22T23:11:30.163005,247,200,717.687
2026-09-22T23:11:30.170852,248,200,734.397
2026-09-22T23:11:30.180214,249,200,750.142
2026-09-22T23:11:30.200272,250,200,753.13
2026-09-22T23:11:30.770059,251,200,363.768
2026-09-22T23:11:30.999816,252,200,574.666
2026-09-22T23:11:31.010302,253,200,616.728
2026-09-22T23:11:31.159155,254,200,746.847
2026-09-22T23:11:31.230300,255,200,761.815
2026-09-22T23:11:31.263857,256,200,756.629
2026-09-22T23:11:31.281874,257,200,836.929
2026-09-22T23:11:31.300989,258,200,805.032
2026-09-22T23:11:31.335500,259,200,805.93
2026-09-22T23:11:31.338788,260,200,867.46
2026-09-22T23:11:31.853453,261,200,426.555
2026-09-22T23:11:31.864120,262,200,452.439
2026-09-22T23:11:31.971217,263,200,575.727
2026-09-22T23:11:31.971600,264,200,554.732
2026-09-22T23:11:32.061517,265,200,632.749
2026-09-22T23:11:32.074007,266,200,658.504
2026-09-22T23:11:32.107562,267,200,633.914
2026-09-22T23:11:32.175564,268,200,698.976
2026-09-22T23:11:32.198966,269,200,725.592
2026-09-22T23:11:32.229541,270,200,739.538
2026-09-22T23:11:32.977286,271,200,554.614
2026-09-22T23:11:33.013013,272,200,511.622
2026-09-22T23:11:33.013577,273,200,527.873
2026-09-22T23:11:33.092904,274,200,669.765
2026-09-22T23:11:33.097331,275,200,658.359
2026-09-22T23:11:33.159716,276,200,720.92
2026-09-22T23:11:33.160380,277,200,737.089
2026-09-22T23:11:33.160638,278,200,674.462
2026-09-22T23:11:33.176579,279,200,769.408
2026-09-22T23:11:33.226687,280,200,740.894
2026-09-22T23:11:33.702483,281,200,287.542
2026-09-22T23:11:33.857598,282,200,427.411
2026-09-22T23:11:33.889973,283,200,459.235
2026-09-22T23:11:34.010893,284,200,565.068
2026-09-22T23:11:34.057102,285,200,609.745
2026-09-22T23:11:34.113540,286,200,621.734
2026-09-22T23:11:34.157838,287,200,727.353
2026-09-22T23:11:34.184186,288,200,692.178
2026-09-22T23:11:34.191243,289,200,684.159
2026-09-22T23:11:34.221433,290,200,729.898
2026-09-22T23:11:34.757502,291,200,318.082
2026-09-22T23:11:34.820605,292,200,396.689
2026-09-22T23:11:35.045852,293,200,606.135
2026-09-22T23:11:35.165647,294,200,663.652
2026-09-22T23:11:35.193337,295,200,738.116
2026-09-22T23:11:35.194876,296,200,690.923
2026-09-22T23:11:35.199489,297,200,695.118
2026-09-22T23:11:35.215140,298,200,775.094
2026-09-22T23:11:35.230255,299,200,774.752
2026-09-22T23:11:35.262579,300,200,745.543
2026-09-22T23:11:35.947279,301,200,496.89
2026-09-22T23:11:36.084136,302,200,633.092
2026-09-22T23:11:36.202479,303,200,767.8
2026-09-22T23:11:36.212607,304,200,746.491
2026-09-22T23:11:36.253655,305,200,787.909
2026-09-22T23:11:36.259556,306,200,747.349
2026-09-22T23:11:36.263153,307,200,812.439
2026-09-22T23:11:36.268855,308,200,757.406
2026-09-22T23:11:36.271749,309,200,759.773
2026-09-22T23:11:36.272196,310,200,744.616
2026-09-22T23:11:36.731654,311,200,266.807
2026-09-22T23:11:36.870019,312,200,404.942
2026-09-22T23:11:37.020681,313,200,539.733
2026-09-22T23:11:37.061712,314,200,596.339
2026-09-22T23:11:37.120448,315,200,639.297
2026-09-22T23:11:37.177177,316,200,665.105
2026-09-22T23:11:37.222170,317,200,709.837
2026-09-22T23:11:37.237383,318,200,788.429
2026-09-22T23:11:37.244704,319,200,716.605
2026-09-22T23:11:37.245507,320,200,717.116
2026-09-22T23:11:38.036604,321,200,495.002
2026-09-22T23:11:38.082865,322,200,617.547
2026-09-22T23:11:38.084044,323,200,540.514
2026-09-22T23:11:38.217899,324,200,737.197
2026-09-22T23:11:38.219069,325,200,691.08
2026-09-22T23:11:38.227424,326,200,731.018
2026-09-22T23:11:38.227830,327,200,700.442
2026-09-22T23:11:38.254350,328,200,788.591
2026-09-22T23:11:38.262998,329,200,796.002
2026-09-22T23:11:38.264657,330,200,768.502
2026-09-22T23:11:38.924492,331,200,447.932
2026-09-22T23:11:38.934493,332,200,457.439
2026-09-22T23:11:38.960232,333,200,482.951
2026-09-22T23:11:39.016915,334,200,524.209
2026-09-22T23:11:39.182898,335,200,642.104
2026-09-22T23:11:39.249337,336,200,739.796
2026-09-22T23:11:39.268488,337,200,722.228
2026-09-22T23:11:39.276980,338,200,767.523
2026-09-22T23:11:39.297487,339,200,737.441
2026-09-22T23:11:39.306467,340,200,738.277
2026-09-22T23:11:39.846415,341,200,340.799
2026-09-22T23:11:39.864841,342,200,373.167
2026-09-22T23:11:40.028608,343,200,506.845
2026-09-22T23:11:40.121345,344,200,629.952
2026-09-22T23:11:40.132198,345,200,641.972
2026-09-22T23:11:40.181156,346,200,627.768
2026-09-22T23:11:40.193528,347,200,670.855
2026-09-22T23:11:40.248739,348,200,693.425
2026-09-22T23:11:40.294568,349,200,725.763
2026-09-22T23:11:40.303654,350,200,733.331
2026-09-22T23:11:40.877715,351,200,375.059
2026-09-22T23:11:41.188539,352,200,657.739
2026-09-22T23:11:41.188924,353,200,689.229
2026-09-22T23:11:41.253288,354,200,691.052
2026-09-22T23:11:41.266405,355,200,735.411
2026-09-22T23:11:41.267388,356,200,764.297
2026-09-22T23:11:41.282589,357,200,720.142
2026-09-22T23:11:41.316812,358,200,739.111
2026-09-22T23:11:41.317446,359,200,801.009
2026-09-22T23:11:41.320667,360,200,743.227
2026-09-22T23:11:41.917621,361,200,388.191
2026-09-22T23:11:41.988687,362,200,474.58
2026-09-22T23:11:42.056595,363,200,480.673
2026-09-22T23:11:42.080842,364,200,566.405
2026-09-22T23:11:42.098780,365,200,584.126
2026-09-22T23:11:42.108722,366,200,563.275
2026-09-22T23:11:42.236846,367,200,691.645
2026-09-22T23:11:42.327777,368,200,736.278
2026-09-22T23:11:42.328235,369,200,750.982
2026-09-22T23:11:42.328385,370,200,736.825
2026-09-22T23:11:42.834066,371,200,306.134
2026-09-22T23:11:42.860550,372,200,332.847
2026-09-22T23:11:42.953039,373,200,394.343
2026-09-22T23:11:43.133830,374,200,591.225
2026-09-22T23:11:43.239470,375,200,712.124
2026-09-22T23:11:43.295393,376,200,689.535
2026-09-22T23:11:43.300350,377,200,694.686
2026-09-22T23:11:43.327258,378,200,736.939
2026-09-22T23:11:43.339701,379,200,749.64
2026-09-22T23:11:43.340216,380,200,780.991
2026-09-22T23:11:43.865473,381,200,337.035
2026-09-22T23:11:44.004771,382,200,461.17
2026-09-22T23:11:44.049748,383,200,521.618
2026-09-22T23:11:44.173872,384,200,614.109
2026-09-22T23:11:44.228220,385,200,622.51
2026-09-22T23:11:44.239639,386,200,680.1
2026-09-22T23:11:44.263166,387,200,642.293
2026-09-22T23:11:44.336815,388,200,746.691
2026-09-22T23:11:44.337552,389,200,808.886
2026-09-22T23:11:44.337773,390,200,731.482
2026-09-22T23:11:44.925143,391,200,388.908
2026-09-22T23:11:44.935485,392,200,398.697
2026-09-22T23:11:45.010293,393,200,473.237
2026-09-22T23:11:45.061832,394,200,510.393
2026-09-22T23:11:45.222179,395,200,607.522
2026-09-22T23:11:45.246748,396,200,678.664
2026-09-22T23:11:45.309248,397,200,738.807
2026-09-22T23:11:45.333602,398,200,734.478
2026-09-22T23:11:45.359435,399,200,729.286
2026-09-22T23:11:45.361307,400,200,744.098
2026-09-22T23:11:45.836452,401,200,290.607
2026-09-22T23:11:45.922229,402,200,374.947
2026-09-22T23:11:46.019242,403,200,457.196
2026-09-22T23:11:46.065103,404,200,485.964
2026-09-22T23:11:46.083930,405,200,536.886
2026-09-22T23:11:46.241938,406,200,632.957
2026-09-22T23:11:46.296412,407,200,672.191
2026-09-22T23:11:46.328233,408,200,750.291
2026-09-22T23:11:46.333267,409,200,693.235
2026-09-22T23:11:46.357466,410,200,732.535
2026-09-22T23:11:46.739297,411,200,193.029
2026-09-22T23:11:46.890260,412,200,328.773
2026-09-22T23:11:46.971319,413,200,408.906
2026-09-22T23:11:47.135957,414,200,497.098
2026-09-22T23:11:47.173659,415,200,596.833
2026-09-22T23:11:47.269889,416,200,676.42
2026-09-22T23:11:47.329591,417,200,690.95
2026-09-22T23:11:47.353778,418,200,698.15
2026-09-22T23:11:47.393408,419,200,800.879
2026-09-22T23:11:47.403513,420,200,773.546
2026-09-22T23:11:47.856784,421,200,300.595
2026-09-22T23:11:47.935563,422,200,363.264
2026-09-22T23:11:48.113542,423,200,510.724
2026-09-22T23:11:48.134380,424,200,561.294
2026-09-22T23:11:48.213334,425,200,609.799
2026-09-22T23:11:48.256460,426,200,655.622
2026-09-22T23:11:48.423298,427,200,791.144
2026-09-22T23:11:48.480128,428,200,832.518
2026-09-22T23:11:48.518644,429,200,847.065
2026-09-22T23:11:48.520147,430,200,862.041
2026-09-22T23:11:49.140591,431,200,557.39
2026-09-22T23:11:49.219561,432,200,652.22
2026-09-22T23:11:49.228988,433,200,641.0
2026-09-22T23:11:49.320397,434,200,687.501
2026-09-22T23:11:49.339563,435,200,707.99
2026-09-22T23:11:49.410007,436,200,765.975
2026-09-22T23:11:49.445412,437,200,806.528
2026-09-22T23:11:49.484915,438,200,808.752
2026-09-22T23:11:49.489966,439,200,816.458
2026-09-22T23:11:49.498330,440,200,819.037
2026-09-22T23:11:49.932778,441,200,353.672
2026-09-22T23:11:50.113585,442,200,518.624
2026-09-22T23:11:50.216138,443,200,620.966
2026-09-22T23:11:50.272224,444,200,629.674
2026-09-22T23:11:50.406680,445,200,749.948
2026-09-22T23:11:50.432382,446,200,791.151
2026-09-22T23:11:50.450888,447,200,808.125
2026-09-22T23:11:50.460835,448,200,787.986
2026-09-22T23:11:50.467060,449,200,794.021
2026-09-22T23:11:50.496440,450,200,808.036
2026-09-22T23:11:50.957231,451,200,352.89
2026-09-22T23:11:51.119518,452,200,515.401
2026-09-22T23:11:51.153202,453,200,565.105
2026-09-22T23:11:51.187621,454,200,536.801
2026-09-22T23:11:51.233035,455,200,581.851
2026-09-22T23:11:51.259692,456,200,608.648
2026-09-22T23:11:51.370452,457,200,703.413
2026-09-22T23:11:51.504675,458,200,822.335
2026-09-22T23:11:51.505512,459,200,822.82
2026-09-22T23:11:51.510758,460,200,812.497
2026-09-22T23:11:52.368599,461,200,769.874
2026-09-22T23:11:52.373580,462,200,713.679
2026-09-22T23:11:52.421860,463,200,806.262
2026-09-22T23:11:52.488755,464,200,828.715
2026-09-22T23:11:52.538028,465,200,847.19
2026-09-22T23:11:52.551985,466,200,891.863
2026-09-22T23:11:52.588255,467,200,912.997
2026-09-22T23:11:52.605612,468,200,990.916
2026-09-22T23:11:52.609637,469,200,918.568
2026-09-22T23:11:52.650902,470,200,944.834
2026-09-22T23:11:53.303993,471,200,700.059
2026-09-22T23:11:53.365500,472,200,746.463
2026-09-22T23:11:53.381312,473,200,762.06
2026-09-22T23:11:53.479965,474,200,815.152
2026-09-22T23:11:53.651991,475,200,987.421
2026-09-22T23:11:53.710845,476,200,1014.809
2026-09-22T23:11:53.782612,477,200,1117.893
2026-09-22T23:11:53.811774,478,200,1099.762
2026-09-22T23:11:53.926550,479,200,1245.815
2026-09-22T23:11:53.973478,480,200,1277.306
2026-09-22T23:11:54.161515,481,200,546.173
2026-09-22T23:11:54.506258,482,200,875.48
2026-09-22T23:11:54.536995,483,200,859.333
2026-09-22T23:11:54.595986,484,200,918.114
2026-09-22T23:11:54.648190,485,200,865.386
2026-09-22T23:11:54.669175,486,200,1038.28
2026-09-22T23:11:54.733636,487,200,1022.532
2026-09-22T23:11:54.760071,488,200,833.339
2026-09-22T23:11:54.796830,489,200,823.051
2026-09-22T23:11:54.833742,490,200,1021.744
2026-09-22T23:11:55.096212,491,200,405.683
2026-09-22T23:11:55.134435,492,200,489.751
2026-09-22T23:11:55.158875,493,200,529.656
2026-09-22T23:11:55.248389,494,200,579.049
2026-09-22T23:11:55.359406,495,200,561.543
2026-09-22T23:11:55.427765,496,200,737.377
2026-09-22T23:11:55.480575,497,200,746.738
2026-09-22T23:11:55.568103,498,200,585.428
2026-09-22T23:11:55.568581,499,200,734.308
2026-09-22T23:11:55.568823,500,200,633.141
2026-09-22T23:11:55.946774,501,200,312.91
2026-09-22T23:11:56.122290,502,200,442.281
2026-09-22T23:11:56.316317,503,200,619.967
2026-09-22T23:11:56.316735,504,200,667.509
2026-09-22T23:11:56.460531,505,200,656.261
2026-09-22T23:11:56.479274,506,200,783.09
2026-09-22T23:11:56.479486,507,200,736.651
2026-09-22T23:11:56.537076,508,200,700.924
2026-09-22T23:11:56.537358,509,200,543.836
2026-09-22T23:11:56.537474,510,200,589.596
2026-09-22T23:11:56.933802,511,200,289.154
2026-09-22T23:11:57.230942,512,200,539.655
2026-09-22T23:11:57.241649,513,200,581.328
2026-09-22T23:11:57.292552,514,200,537.408
2026-09-22T23:11:57.324787,515,200,617.232
2026-09-22T23:11:57.386455,516,200,679.058
2026-09-22T23:11:57.486195,517,200,669.97
2026-09-22T23:11:57.502403,518,200,655.098
2026-09-22T23:11:57.502802,519,200,499.598
2026-09-22T23:11:57.530314,520,200,573.731
2026-09-22T23:11:58.000147,521,200,345.845
2026-09-22T23:11:58.290926,522,200,621.24
2026-09-22T23:11:58.295962,523,200,595.371
2026-09-22T23:11:58.330160,524,200,613.164
2026-09-22T23:11:58.453287,525,200,599.083
2026-09-22T23:11:58.456671,526,200,694.851
2026-09-22T23:11:58.477495,527,200,761.309
2026-09-22T23:11:58.482429,528,200,658.836
2026-09-22T23:11:58.551174,529,200,588.153
2026-09-22T23:11:58.552853,530,200,543.685
2026-09-22T23:11:59.206296,531,200,528.693
2026-09-22T23:11:59.235120,532,200,573.508
2026-09-22T23:11:59.389395,533,200,680.674
2026-09-22T23:11:59.409923,534,200,686.023
2026-09-22T23:11:59.441275,535,200,671.296
2026-09-22T23:11:59.473242,536,200,749.509
2026-09-22T23:11:59.483965,537,200,651.137
2026-09-22T23:11:59.504356,538,200,640.975
2026-09-22T23:11:59.569588,539,200,595.694
2026-09-22T23:11:59.571281,540,200,550.855
2026-09-22T23:12:00.181686,541,200,509.167
2026-09-22T23:12:00.285046,542,200,551.45
2026-09-22T23:12:00.350949,543,200,570.949
2026-09-22T23:12:00.355969,544,200,668.759
2026-09-22T23:12:00.569476,545,200,851.341
2026-09-22T23:12:00.590641,546,200,856.78
2026-09-22T23:12:00.600825,547,200,573.973
2026-09-22T23:12:00.606573,548,200,625.401
2026-09-22T23:12:00.607089,549,200,733.688
2026-09-22T23:12:00.607247,550,200,765.189
2026-09-22T23:12:01.004062,551,200,324.605
2026-09-22T23:12:01.042647,552,200,347.846
2026-09-22T23:12:01.239449,553,200,497.749
2026-09-22T23:12:01.457048,554,200,715.22
2026-09-22T23:12:01.487223,555,200,761.513
2026-09-22T23:12:01.502861,556,200,652.884
2026-09-22T23:12:01.536528,557,200,748.68
2026-09-22T23:12:01.569638,558,200,579.354
2026-09-22T23:12:01.590486,559,200,553.884
2026-09-22T23:12:01.590995,560,200,709.239
2026-09-22T23:12:02.200294,561,200,508.069
2026-09-22T23:12:02.261763,562,200,553.411
2026-09-22T23:12:02.282209,563,200,527.203
2026-09-22T23:12:02.343305,564,200,588.455
2026-09-22T23:12:02.431865,565,200,692.469
2026-09-22T23:12:02.539172,566,200,675.786
2026-09-22T23:12:02.545486,567,200,651.731
2026-09-22T23:12:02.600685,568,200,597.524
2026-09-22T23:12:02.601026,569,200,799.306
2026-09-22T23:12:02.622962,570,200,572.757
2026-09-22T23:12:02.915156,571,200,208.915
2026-09-22T23:12:03.195600,572,200,473.329
2026-09-22T23:12:03.441727,573,200,672.934
2026-09-22T23:12:03.564741,574,200,670.042
2026-09-22T23:12:03.585319,575,200,832.408
2026-09-22T23:12:03.590074,576,200,773.511
2026-09-22T23:12:03.591160,577,200,527.594
2026-09-22T23:12:03.591479,578,200,821.307
2026-09-22T23:12:03.591570,579,200,712.005
2026-09-22T23:12:03.591648,580,200,573.574
2026-09-22T23:12:04.074477,581,200,356.961
2026-09-22T23:12:04.183482,582,200,404.081
2026-09-22T23:12:04.279041,583,200,545.651
2026-09-22T23:12:04.289277,584,200,525.32
2026-09-22T23:12:04.381240,585,200,554.483
2026-09-22T23:12:04.420646,586,200,641.043
2026-09-22T23:12:04.534366,587,200,629.521
2026-09-22T23:12:04.534761,588,200,645.733
2026-09-22T23:12:04.593057,589,200,563.187
2026-09-22T23:12:04.597867,590,200,521.051
2026-09-22T23:12:05.210154,591,200,471.13
2026-09-22T23:12:05.266868,592,200,497.207
2026-09-22T23:12:05.405694,593,200,620.639
2026-09-22T23:12:05.406215,594,200,682.462
2026-09-22T23:12:05.437992,595,200,653.054
2026-09-22T23:12:05.527301,596,200,619.553
2026-09-22T23:12:05.553458,597,200,660.911
2026-09-22T23:12:05.558589,598,200,727.02
2026-09-22T23:12:05.574007,599,200,494.449
2026-09-22T23:12:05.577208,600,200,544.601
2026-09-22T23:12:35.794162,1,200,214.442
2026-09-22T23:12:35.794482,2,200,212.827
2026-09-22T23:12:36.754719,3,200,171.596
2026-09-22T23:12:36.755027,4,200,171.571
2026-09-22T23:12:37.747036,5,200,161.093
2026-09-22T23:12:37.748815,6,200,163.149
2026-09-22T23:12:38.744457,7,200,156.199
2026-09-22T23:12:38.745782,8,200,158.191
2026-09-22T23:12:39.773278,9,200,175.061
2026-09-22T23:12:39.773872,10,200,175.886
2026-09-22T23:12:40.772117,11,200,161.232
2026-09-22T23:12:40.775201,12,200,164.433
2026-09-22T23:12:41.787404,13,200,164.448
2026-09-22T23:12:41.787834,14,200,164.904
2026-09-22T23:12:42.795635,15,200,167.126
2026-09-22T23:12:42.795995,16,200,166.936
2026-09-22T23:12:43.826261,17,200,197.973
2026-09-22T23:12:43.828318,18,200,199.828
2026-09-22T23:12:44.839442,19,200,197.133
2026-09-22T23:12:44.839699,20,200,197.043
2026-09-22T23:12:45.837350,21,200,186.098
2026-09-22T23:12:45.837704,22,200,185.696
2026-09-22T23:12:46.827785,23,200,162.181
2026-09-22T23:12:46.841597,24,200,175.834
2026-09-22T23:12:47.826870,25,200,158.59
2026-09-22T23:12:47.832465,26,200,163.855
2026-09-22T23:12:48.864819,27,200,184.45
2026-09-22T23:12:48.872076,28,200,191.567
2026-09-22T23:12:49.866324,29,200,172.774
2026-09-22T23:12:49.874152,30,200,180.943
2026-09-22T23:12:50.860508,31,200,156.661
2026-09-22T23:12:50.865990,32,200,162.021
2026-09-22T23:12:51.918795,33,200,202.318
2026-09-22T23:12:51.922566,34,200,205.878
2026-09-22T23:12:52.896534,35,200,165.211
2026-09-22T23:12:52.897717,36,200,167.084
2026-09-22T23:12:53.939497,37,200,197.166
2026-09-22T23:12:53.944429,38,200,202.446
2026-09-22T23:12:54.918182,39,200,164.626
2026-09-22T23:12:54.918556,40,200,164.996
2026-09-22T23:12:55.925045,41,200,164.117
2026-09-22T23:12:55.927163,42,200,165.973
2026-09-22T23:12:56.956689,43,200,184.468
2026-09-22T23:12:56.956996,44,200,184.45
2026-09-22T23:12:57.978119,45,200,197.065
2026-09-22T23:12:57.978594,46,200,197.118
2026-09-22T23:12:58.962722,47,200,172.355
2026-09-22T23:12:58.967579,48,200,177.577
2026-09-22T23:12:59.991152,49,200,188.867
2026-09-22T23:12:59.991444,50,200,188.709
2026-09-22T23:13:00.996415,51,200,181.997
2026-09-22T23:13:00.996740,52,200,181.923
2026-09-22T23:13:01.971858,53,200,145.18
2026-09-22T23:13:01.980783,54,200,154.001
2026-09-22T23:13:03.008033,55,200,180.219
2026-09-22T23:13:03.008255,56,200,180.662
2026-09-22T23:13:03.991854,57,200,162.558
2026-09-22T23:13:03.992133,58,200,162.485
2026-09-22T23:13:04.990397,59,200,147.744
2026-09-22T23:13:05.000137,60,200,157.649
2026-09-22T23:13:06.019693,61,200,176.165
2026-09-22T23:13:06.020425,62,200,176.245
2026-09-22T23:13:07.019045,63,200,167.906
2026-09-22T23:13:07.019508,64,200,168.496
2026-09-22T23:13:08.015644,65,200,151.188
2026-09-22T23:13:08.024638,66,200,160.487
2026-09-22T23:13:09.049986,67,200,171.515
2026-09-22T23:13:09.050518,68,200,172.095
2026-09-22T23:13:10.047811,69,200,156.406
2026-09-22T23:13:10.048317,70,200,157.132
2026-09-22T23:13:11.088869,71,200,187.231
2026-09-22T23:13:11.089319,72,200,187.748
2026-09-22T23:13:12.072209,73,200,157.688
2026-09-22T23:13:12.072965,74,200,157.998
2026-09-22T23:13:13.074428,75,200,153.551
2026-09-22T23:13:13.075007,76,200,154.068
2026-09-22T23:13:14.106050,77,200,171.801
2026-09-22T23:13:14.106366,78,200,172.324
2026-09-22T23:13:15.088644,79,200,143.621
2026-09-22T23:13:15.100594,80,200,155.104
2026-09-22T23:13:16.108874,81,200,152.232
2026-09-22T23:13:16.110567,82,200,154.243
2026-09-22T23:13:17.148899,83,200,179.644
2026-09-22T23:13:17.149465,84,200,179.58
2026-09-22T23:13:18.184317,85,200,204.245
2026-09-22T23:13:18.184850,86,200,204.551
2026-09-22T23:13:19.191580,87,200,199.111
2026-09-22T23:13:19.193140,88,200,200.296
2026-09-22T23:13:20.187397,89,200,181.059
2026-09-22T23:13:20.192906,90,200,186.277
2026-09-22T23:13:21.163124,91,200,147.828
2026-09-22T23:13:21.165590,92,200,150.016
2026-09-22T23:13:22.175908,93,200,159.654
2026-09-22T23:13:22.176394,94,200,160.402
2026-09-22T23:13:23.186792,95,200,161.409
2026-09-22T23:13:23.187183,96,200,161.967
2026-09-22T23:13:24.178935,97,200,139.9
2026-09-22T23:13:24.187010,98,200,148.348
2026-09-22T23:13:25.205542,99,200,165.462
2026-09-22T23:13:25.205927,100,200,165.957
2026-09-22T23:13:26.215670,101,200,165.637
2026-09-22T23:13:26.215924,102,200,165.985
2026-09-22T23:13:27.207658,103,200,147.432
2026-09-22T23:13:27.210684,104,200,150.709
2026-09-22T23:13:28.232666,105,200,160.393
2026-09-22T23:13:28.233058,106,200,161.015
2026-09-22T23:13:29.224642,107,200,137.867
2026-09-22T23:13:29.236189,108,200,149.224
2026-09-22T23:13:30.246702,109,200,158.863
2026-09-22T23:13:30.246940,110,200,159.231
2026-09-22T23:13:31.252900,111,200,157.976
2026-09-22T23:13:31.253324,112,200,157.97
2026-09-22T23:13:32.271370,113,200,170.464
2026-09-22T23:13:32.272666,114,200,171.497
2026-09-22T23:13:33.258751,115,200,152.771
2026-09-22T23:13:33.266661,116,200,161.006
2026-09-22T23:13:34.266637,117,200,157.129
2026-09-22T23:13:34.270635,118,200,161.251
2026-09-22T23:13:35.327667,119,200,209.781
2026-09-22T23:13:35.328098,120,200,210.365
2026-09-22T23:13:35.861211,1,200,275.846
2026-09-22T23:13:35.950258,2,200,365.282
2026-09-22T23:13:35.952417,3,200,368.332
2026-09-22T23:13:35.968300,4,200,384.747
2026-09-22T23:13:36.000213,5,200,413.665
2026-09-22T23:13:36.881123,6,200,292.76
2026-09-22T23:13:37.000297,7,200,411.548
2026-09-22T23:13:37.000651,8,200,411.842
2026-09-22T23:13:37.003972,9,200,415.152
2026-09-22T23:13:37.004394,10,200,415.845
2026-09-22T23:13:37.872514,11,200,275.325
2026-09-22T23:13:37.907761,12,200,310.528
2026-09-22T23:13:37.943091,13,200,346.433
2026-09-22T23:13:37.969379,14,200,373.047
2026-09-22T23:13:38.001188,15,200,402.654
2026-09-22T23:13:38.919022,16,200,313.616
2026-09-22T23:13:38.972110,17,200,365.934
2026-09-22T23:13:39.059025,18,200,453.242
2026-09-22T23:13:39.068963,19,200,462.987
2026-09-22T23:13:39.069368,20,200,462.278
2026-09-22T23:13:39.922870,21,200,307.934
2026-09-22T23:13:39.986180,22,200,371.485
2026-09-22T23:13:40.058469,23,200,444.385
2026-09-22T23:13:40.058887,24,200,444.873
2026-09-22T23:13:40.058984,25,200,444.481
2026-09-22T23:13:40.941443,26,200,323.578
2026-09-22T23:13:41.008221,27,200,389.756
2026-09-22T23:13:41.024142,28,200,406.556
2026-09-22T23:13:41.029520,29,200,411.447
2026-09-22T23:13:41.029986,30,200,411.725
2026-09-22T23:13:41.848687,31,200,217.012
2026-09-22T23:13:41.853029,32,200,221.448
2026-09-22T23:13:42.028321,33,200,396.688
2026-09-22T23:13:42.034684,34,200,403.655
2026-09-22T23:13:42.046680,35,200,415.278
2026-09-22T23:13:42.960345,36,200,319.41
2026-09-22T23:13:42.974588,37,200,334.078
2026-09-22T23:13:42.974869,38,200,333.585
2026-09-22T23:13:43.034146,39,200,393.363
2026-09-22T23:13:43.034459,40,200,393.014
2026-09-22T23:13:43.975868,41,200,326.1
2026-09-22T23:13:43.985709,42,200,335.024
2026-09-22T23:13:43.985937,43,200,336.255
2026-09-22T23:13:44.011308,44,200,360.862
2026-09-22T23:13:44.052450,45,200,401.889
2026-09-22T23:13:44.966771,46,200,314.42
2026-09-22T23:13:45.014905,47,200,361.112
2026-09-22T23:13:45.022271,48,200,370.165
2026-09-22T23:13:45.050672,49,200,397.021
2026-09-22T23:13:45.064605,50,200,412.733
2026-09-22T23:13:45.888193,51,200,223.937
2026-09-22T23:13:45.893378,52,200,228.9
2026-09-22T23:13:45.981151,53,200,317.173
2026-09-22T23:13:46.030286,54,200,365.684
2026-09-22T23:13:46.069827,55,200,405.184
2026-09-22T23:13:46.965902,56,200,293.749
2026-09-22T23:13:47.018799,57,200,345.391
2026-09-22T23:13:47.023898,58,200,351.401
2026-09-22T23:13:47.061507,59,200,388.695
2026-09-22T23:13:47.068369,60,200,395.244
2026-09-22T23:13:47.948882,61,200,274.106
2026-09-22T23:13:48.006453,62,200,332.026
2026-09-22T23:13:48.047136,63,200,371.835
2026-09-22T23:13:48.080686,64,200,405.661
2026-09-22T23:13:48.080934,65,200,405.392
2026-09-22T23:13:48.938491,66,200,249.311
2026-09-22T23:13:48.950170,67,200,260.822
2026-09-22T23:13:49.044032,68,200,355.134
2026-09-22T23:13:49.086704,69,200,397.039
2026-09-22T23:13:49.086948,70,200,397.328
2026-09-22T23:13:50.014555,71,200,313.436
2026-09-22T23:13:50.073355,72,200,371.88
2026-09-22T23:13:50.083975,73,200,382.32
2026-09-22T23:13:50.110729,74,200,409.413
2026-09-22T23:13:50.129414,75,200,427.629
2026-09-22T23:13:51.078046,76,200,358.7
2026-09-22T23:13:51.082939,77,200,364.172
2026-09-22T23:13:51.099900,78,200,378.567
2026-09-22T23:13:51.144304,79,200,427.687
2026-09-22T23:13:51.145947,80,200,424.342
2026-09-22T23:13:51.920587,81,200,191.662
2026-09-22T23:13:52.101154,82,200,372.331
2026-09-22T23:13:52.132105,83,200,404.017
2026-09-22T23:13:52.132659,84,200,404.234
2026-09-22T23:13:52.132768,85,200,404.264
2026-09-22T23:13:53.036544,86,200,304.642
2026-09-22T23:13:53.076068,87,200,344.828
2026-09-22T23:13:53.096992,88,200,365.223
2026-09-22T23:13:53.139462,89,200,407.812
2026-09-22T23:13:53.139879,90,200,407.929
2026-09-22T23:13:54.044156,91,200,299.005
2026-09-22T23:13:54.090132,92,200,345.813
2026-09-22T23:13:54.139080,93,200,394.622
2026-09-22T23:13:54.154067,94,200,409.986
2026-09-22T23:13:54.154289,95,200,410.34
2026-09-22T23:13:55.007909,96,200,247.745
2026-09-22T23:13:55.078840,97,200,317.996
2026-09-22T23:13:55.100211,98,200,356.297
2026-09-22T23:13:55.151656,99,200,391.102
2026-09-22T23:13:55.178766,100,200,417.025
2026-09-22T23:13:56.012552,101,200,250.645
2026-09-22T23:13:56.019008,102,200,273.399
2026-09-22T23:13:56.134519,103,200,371.994
2026-09-22T23:13:56.158731,104,200,397.193
2026-09-22T23:13:56.159333,105,200,396.905
2026-09-22T23:13:56.953423,106,200,196.398
2026-09-22T23:13:57.075449,107,200,302.571
2026-09-22T23:13:57.129617,108,200,357.141
2026-09-22T23:13:57.137306,109,200,364.694
2026-09-22T23:13:57.172143,110,200,399.211
2026-09-22T23:13:58.003129,111,200,235.614
2026-09-22T23:13:58.116875,112,200,333.141
2026-09-22T23:13:58.146266,113,200,363.187
2026-09-22T23:13:58.180123,114,200,396.089
2026-09-22T23:13:58.180595,115,200,396.982
2026-09-22T23:13:59.118581,116,200,327.781
2026-09-22T23:13:59.136234,117,200,346.007
2026-09-22T23:13:59.165400,118,200,375.428
2026-09-22T23:13:59.169318,119,200,378.745
2026-09-22T23:13:59.173360,120,200,398.791
2026-09-22T23:13:59.996620,121,200,210.739
2026-09-22T23:14:00.131783,122,200,330.304
2026-09-22T23:14:00.205674,123,200,404.401
2026-09-22T23:14:00.216068,124,200,414.443
2026-09-22T23:14:00.225538,125,200,423.983
2026-09-22T23:14:01.089570,126,200,299.995
2026-09-22T23:14:01.094292,127,200,289.624
2026-09-22T23:14:01.159781,128,200,354.975
2026-09-22T23:14:01.190345,129,200,385.464
2026-09-22T23:14:01.216181,130,200,411.239
2026-09-22T23:14:02.152298,131,200,335.429
2026-09-22T23:14:02.234465,132,200,433.765
2026-09-22T23:14:02.245034,133,200,428.383
2026-09-22T23:14:02.249623,134,200,433.133
2026-09-22T23:14:02.249880,135,200,433.505
2026-09-22T23:14:03.051928,136,200,241.103
2026-09-22T23:14:03.128989,137,200,302.961
2026-09-22T23:14:03.244509,138,200,418.689
2026-09-22T23:14:03.249041,139,200,423.087
2026-09-22T23:14:03.249434,140,200,423.153
2026-09-22T23:14:04.156506,141,200,328.063
2026-09-22T23:14:04.229234,142,200,417.286
2026-09-22T23:14:04.231143,143,200,403.86
2026-09-22T23:14:04.259095,144,200,430.937
2026-09-22T23:14:04.259496,145,200,431.975
2026-09-22T23:14:05.112907,146,200,291.443
2026-09-22T23:14:05.149673,147,200,312.494
2026-09-22T23:14:05.249035,148,200,411.998
2026-09-22T23:14:05.249269,149,200,412.386
2026-09-22T23:14:05.253074,150,200,415.956
2026-09-22T23:14:06.100694,151,200,256.103
2026-09-22T23:14:06.152050,152,200,307.131
2026-09-22T23:14:06.218791,153,200,389.033
2026-09-22T23:14:06.224244,154,200,379.528
2026-09-22T23:14:06.243830,155,200,399.004
2026-09-22T23:14:07.196811,156,200,339.936
2026-09-22T23:14:07.241873,157,200,400.559
2026-09-22T23:14:07.247357,158,200,390.227
2026-09-22T23:14:07.247694,159,200,390.683
2026-09-22T23:14:07.261631,160,200,404.562
2026-09-22T23:14:08.180449,161,200,309.692
2026-09-22T23:14:08.199910,162,200,329.287
2026-09-22T23:14:08.259731,163,200,389.214
2026-09-22T23:14:08.260026,164,200,389.281
2026-09-22T23:14:08.266347,165,200,411.732
2026-09-22T23:14:09.209028,166,200,325.247
2026-09-22T23:14:09.212839,167,200,344.449
2026-09-22T23:14:09.217855,168,200,334.361
2026-09-22T23:14:09.241365,169,200,357.123
2026-09-22T23:14:09.278261,170,200,394.339
2026-09-22T23:14:10.216219,171,200,329.53
2026-09-22T23:14:10.248997,172,200,377.98
2026-09-22T23:14:10.253700,173,200,366.781
2026-09-22T23:14:10.339969,174,200,452.833
2026-09-22T23:14:10.361685,175,200,475.329
2026-09-22T23:14:11.260815,176,200,359.838
2026-09-22T23:14:11.261433,177,200,359.765
2026-09-22T23:14:11.288493,178,200,402.417
2026-09-22T23:14:11.298255,179,200,396.823
2026-09-22T23:14:11.311232,180,200,410.013
2026-09-22T23:14:12.145695,181,200,252.597
2026-09-22T23:14:12.206702,182,200,297.891
2026-09-22T23:14:12.305063,183,200,396.108
2026-09-22T23:14:12.305459,184,200,396.442
2026-09-22T23:14:12.331667,185,200,422.962
2026-09-22T23:14:13.219534,186,200,322.122
2026-09-22T23:14:13.268459,187,200,356.134
2026-09-22T23:14:13.273325,188,200,361.109
2026-09-22T23:14:13.320698,189,200,408.654
2026-09-22T23:14:13.348035,190,200,435.609
2026-09-22T23:14:14.204873,191,200,280.292
2026-09-22T23:14:14.215157,192,200,307.141
2026-09-22T23:14:14.299069,193,200,374.55
2026-09-22T23:14:14.337991,194,200,413.71
2026-09-22T23:14:14.338288,195,200,413.777
2026-09-22T23:14:15.242158,196,200,305.463
2026-09-22T23:14:15.292982,197,200,357.052
2026-09-22T23:14:15.325055,198,200,388.886
2026-09-22T23:14:15.335483,199,200,414.825
2026-09-22T23:14:15.345525,200,200,409.042
2026-09-22T23:14:16.157020,201,200,235.57
2026-09-22T23:14:16.219409,202,200,282.207
2026-09-22T23:14:16.219942,203,200,282.246
2026-09-22T23:14:16.321380,204,200,384.008
2026-09-22T23:14:16.335953,205,200,398.863
2026-09-22T23:14:17.221087,206,200,290.125
2026-09-22T23:14:17.294872,207,200,347.437
2026-09-22T23:14:17.362246,208,200,415.01
2026-09-22T23:14:17.369925,209,200,422.911
2026-09-22T23:14:17.370251,210,200,422.497
2026-09-22T23:14:18.310528,211,200,363.937
2026-09-22T23:14:18.361383,212,200,399.931
2026-09-22T23:14:18.381576,213,200,419.907
2026-09-22T23:14:18.384977,214,200,423.404
2026-09-22T23:14:18.385308,215,200,423.461
2026-09-22T23:14:19.229054,216,200,270.806
2026-09-22T23:14:19.326721,217,200,353.274
2026-09-22T23:14:19.353895,218,200,380.312
2026-09-22T23:14:19.377887,219,200,404.227
2026-09-22T23:14:19.393617,220,200,419.906
2026-09-22T23:14:20.289616,221,200,306.929
2026-09-22T23:14:20.299761,222,200,316.986
2026-09-22T23:14:20.346566,223,200,379.927
2026-09-22T23:14:20.377359,224,200,394.831
2026-09-22T23:14:20.378846,225,200,396.229
2026-09-22T23:14:21.105955,226,200,136.098
2026-09-22T23:14:21.349394,227,200,363.886
2026-09-22T23:14:21.354416,228,200,369.0
2026-09-22T23:14:21.360099,229,200,374.473
2026-09-22T23:14:21.368856,230,200,383.278
2026-09-22T23:14:22.286260,231,200,291.256
2026-09-22T23:14:22.311449,232,200,316.706
2026-09-22T23:14:22.360754,233,200,365.361
2026-09-22T23:14:22.377593,234,200,398.252
2026-09-22T23:14:22.394370,235,200,399.173
2026-09-22T23:14:23.191515,236,200,199.929
2026-09-22T23:14:23.294612,237,200,286.717
2026-09-22T23:14:23.402754,238,200,395.089
2026-09-22T23:14:23.407583,239,200,399.504
2026-09-22T23:14:23.407969,240,200,399.643
2026-09-22T23:14:24.327191,241,200,332.452
2026-09-22T23:14:24.403137,242,200,391.682
2026-09-22T23:14:24.403620,243,200,393.407
2026-09-22T23:14:24.417848,244,200,406.635
2026-09-22T23:14:24.418005,245,200,406.304
2026-09-22T23:14:25.236939,246,200,228.112
2026-09-22T23:14:25.361840,247,200,336.83
2026-09-22T23:14:25.406840,248,200,381.989
2026-09-22T23:14:25.430518,249,200,405.905
2026-09-22T23:14:25.430915,250,200,405.109
2026-09-22T23:14:26.253586,251,200,235.517
2026-09-22T23:14:26.340181,252,200,306.672
2026-09-22T23:14:26.394185,253,200,360.305
2026-09-22T23:14:26.425179,254,200,391.171
2026-09-22T23:14:26.443015,255,200,409.284
2026-09-22T23:14:27.245275,256,200,214.414
2026-09-22T23:14:27.317283,257,200,271.249
2026-09-22T23:14:27.432436,258,200,386.426
2026-09-22T23:14:27.437675,259,200,391.603
2026-09-22T23:14:27.438024,260,200,391.756
2026-09-22T23:14:28.378695,261,200,321.056
2026-09-22T23:14:28.424777,262,200,382.783
2026-09-22T23:14:28.450459,263,200,392.4
2026-09-22T23:14:28.461402,264,200,403.26
2026-09-22T23:14:28.465604,265,200,408.1
2026-09-22T23:14:29.294448,266,200,244.594
2026-09-22T23:14:29.431778,267,200,366.605
2026-09-22T23:14:29.447456,268,200,382.461
2026-09-22T23:14:29.480151,269,200,414.715
2026-09-22T23:14:29.483777,270,200,418.465
2026-09-22T23:14:30.303064,271,200,239.123
2026-09-22T23:14:30.411061,272,200,331.246
2026-09-22T23:14:30.443843,273,200,363.915
2026-09-22T23:14:30.477094,274,200,397.087
2026-09-22T23:14:30.479392,275,200,399.333
2026-09-22T23:14:31.254412,276,200,173.388
2026-09-22T23:14:31.295900,277,200,231.125
2026-09-22T23:14:31.476585,278,200,394.768
2026-09-22T23:14:31.483054,279,200,402.259
2026-09-22T23:14:31.487597,280,200,404.003
2026-09-22T23:14:32.374472,281,200,298.473
2026-09-22T23:14:32.421193,282,200,328.945
2026-09-22T23:14:32.426178,283,200,334.099
2026-09-22T23:14:32.485249,284,200,392.317
2026-09-22T23:14:32.491847,285,200,399.544
2026-09-22T23:14:33.382698,286,200,295.045
2026-09-22T23:14:33.476440,287,200,372.412
2026-09-22T23:14:33.497503,288,200,393.737
2026-09-22T23:14:33.507743,289,200,403.794
2026-09-22T23:14:33.522234,290,200,418.609
2026-09-22T23:14:34.336454,291,200,238.75
2026-09-22T23:14:34.430378,292,200,316.751
2026-09-22T23:14:34.430628,293,200,316.571
2026-09-22T23:14:34.483163,294,200,369.175
2026-09-22T23:14:34.528661,295,200,414.817
2026-09-22T23:14:35.375602,296,200,267.514
2026-09-22T23:14:35.488103,297,200,364.394
2026-09-22T23:14:35.517404,298,200,394.226
2026-09-22T23:14:35.539334,299,200,415.893
2026-09-22T23:14:35.539762,300,200,415.555
2026-09-22T23:14:36.021721,1,200,432.243
2026-09-22T23:14:36.258873,2,200,668.981
2026-09-22T23:14:36.259159,3,200,670.414
2026-09-22T23:14:36.265624,4,200,674.0
2026-09-22T23:14:36.292046,5,200,700.871
2026-09-22T23:14:36.292830,6,200,698.549
2026-09-22T23:14:36.297316,7,200,704.931
2026-09-22T23:14:36.386104,8,200,797.671
2026-09-22T23:14:36.407196,9,200,816.804
2026-09-22T23:14:36.411140,10,200,820.356
2026-09-22T23:14:37.029546,11,200,436.245
2026-09-22T23:14:37.125794,12,200,531.103
2026-09-22T23:14:37.143323,13,200,549.941
2026-09-22T23:14:37.211919,14,200,619.315
2026-09-22T23:14:37.281869,15,200,689.115
2026-09-22T23:14:37.322324,16,200,714.861
2026-09-22T23:14:37.373548,17,200,780.019
2026-09-22T23:14:37.385801,18,200,793.756
2026-09-22T23:14:37.390496,19,200,798.174
2026-09-22T23:14:37.404807,20,200,797.448
2026-09-22T23:14:37.947462,21,200,343.728
2026-09-22T23:14:38.011716,22,200,407.671
2026-09-22T23:14:38.173325,23,200,569.385
2026-09-22T23:14:38.232424,24,200,628.311
2026-09-22T23:14:38.257860,25,200,653.533
2026-09-22T23:14:38.302935,26,200,698.686
2026-09-22T23:14:38.374177,27,200,755.13
2026-09-22T23:14:38.435463,28,200,831.292
2026-09-22T23:14:38.438569,29,200,819.375
2026-09-22T23:14:38.439078,30,200,834.155
2026-09-22T23:14:38.953755,31,200,335.168
2026-09-22T23:14:39.198193,32,200,579.917
2026-09-22T23:14:39.234577,33,200,614.864
2026-09-22T23:14:39.321887,34,200,702.622
2026-09-22T23:14:39.362395,35,200,742.895
2026-09-22T23:14:39.367658,36,200,748.838
2026-09-22T23:14:39.408687,37,200,788.774
2026-09-22T23:14:39.444280,38,200,825.276
2026-09-22T23:14:39.449133,39,200,815.625
2026-09-22T23:14:39.476114,40,200,842.683
2026-09-22T23:14:40.089500,41,200,459.87
2026-09-22T23:14:40.285636,42,200,640.75
2026-09-22T23:14:40.285928,43,200,656.107
2026-09-22T23:14:40.381513,44,200,751.731
2026-09-22T23:14:40.381773,45,200,752.276
2026-09-22T23:14:40.429467,46,200,799.724
2026-09-22T23:14:40.461058,47,200,831.576
2026-09-22T23:14:40.462448,48,200,832.789
2026-09-22T23:14:40.463064,49,200,833.192
2026-09-22T23:14:40.463227,50,200,818.164
2026-09-22T23:14:40.933415,51,200,292.426
2026-09-22T23:14:41.110860,52,200,470.874
2026-09-22T23:14:41.185214,53,200,544.266
2026-09-22T23:14:41.247100,54,200,606.298
2026-09-22T23:14:41.307725,55,200,667.386
2026-09-22T23:14:41.371837,56,200,730.812
2026-09-22T23:14:41.475318,57,200,834.42
2026-09-22T23:14:41.475964,58,200,819.944
2026-09-22T23:14:41.476122,59,200,835.305
2026-09-22T23:14:41.477205,60,200,821.296
2026-09-22T23:14:42.016370,61,200,363.67
2026-09-22T23:14:42.055538,62,200,402.951
2026-09-22T23:14:42.086497,63,200,433.608
2026-09-22T23:14:42.206800,64,200,554.029
2026-09-22T23:14:42.262052,65,200,609.2
2026-09-22T23:14:42.344450,66,200,692.258
2026-09-22T23:14:42.425447,67,200,772.946
2026-09-22T23:14:42.466437,68,200,814.075
2026-09-22T23:14:42.466796,69,200,798.836
2026-09-22T23:14:42.497728,70,200,830.033
2026-09-22T23:14:42.981960,71,200,315.581
2026-09-22T23:14:43.237887,72,200,571.765
2026-09-22T23:14:43.238334,73,200,571.588
2026-09-22T23:14:43.287060,74,200,619.548
2026-09-22T23:14:43.302731,75,200,637.138
2026-09-22T23:14:43.328848,76,200,663.597
2026-09-22T23:14:43.349508,77,200,683.181
2026-09-22T23:14:43.380292,78,200,714.052
2026-09-22T23:14:43.482590,79,200,801.265
2026-09-22T23:14:43.482903,80,200,801.72
2026-09-22T23:14:44.150697,81,200,484.521
2026-09-22T23:14:44.283208,82,200,601.183
2026-09-22T23:14:44.396337,83,200,730.458
2026-09-22T23:14:44.445419,84,200,748.421
2026-09-22T23:14:44.512514,85,200,829.927
2026-09-22T23:14:44.521230,86,200,839.387
2026-09-22T23:14:44.530631,87,200,833.943
2026-09-22T23:14:44.542868,88,200,860.523
2026-09-22T23:14:44.543209,89,200,860.184
2026-09-22T23:14:44.543285,90,200,862.18
2026-09-22T23:14:45.006705,91,200,315.939
2026-09-22T23:14:45.401420,92,200,709.918
2026-09-22T23:14:45.447707,93,200,754.126
2026-09-22T23:14:45.453072,94,200,760.342
2026-09-22T23:14:45.501897,95,200,825.611
2026-09-22T23:14:45.507176,96,200,831.356
2026-09-22T23:14:45.526833,97,200,835.731
2026-09-22T23:14:45.548339,98,200,842.545
2026-09-22T23:14:45.549418,99,200,856.949
2026-09-22T23:14:45.549977,100,200,844.313
2026-09-22T23:14:46.337734,101,200,636.997
2026-09-22T23:14:46.389873,102,200,689.08
2026-09-22T23:14:46.395128,103,200,710.054
2026-09-22T23:14:46.457035,104,200,771.569
2026-09-22T23:14:46.498732,105,200,797.131
2026-09-22T23:14:46.506876,106,200,806.288
2026-09-22T23:14:46.528571,107,200,827.729
2026-09-22T23:14:46.528931,108,200,813.589
2026-09-22T23:14:46.532003,109,200,831.769
2026-09-22T23:14:46.532167,110,200,816.602
2026-09-22T23:14:47.205271,111,200,503.399
2026-09-22T23:14:47.224501,112,200,522.433
2026-09-22T23:14:47.229310,113,200,543.466
2026-09-22T23:14:47.466298,114,200,763.854
2026-09-22T23:14:47.535397,115,200,849.425
2026-09-22T23:14:47.538764,116,200,834.828
2026-09-22T23:14:47.540157,117,200,836.653
2026-09-22T23:14:47.540272,118,200,821.55
2026-09-22T23:14:47.540385,119,200,838.01
2026-09-22T23:14:47.540481,120,200,822.053
2026-09-22T23:14:48.418642,121,200,717.465
2026-09-22T23:14:48.479348,122,200,762.446
2026-09-22T23:14:48.503694,123,200,802.789
2026-09-22T23:14:48.511291,124,200,779.53
2026-09-22T23:14:48.516807,125,200,799.034
2026-09-22T23:14:48.528279,126,200,810.747
2026-09-22T23:14:48.529743,127,200,811.969
2026-09-22T23:14:48.530643,128,200,813.088
2026-09-22T23:14:48.530789,129,200,813.076
2026-09-22T23:14:48.530954,130,200,798.638
2026-09-22T23:14:49.014652,131,200,309.107
2026-09-22T23:14:49.228472,132,200,522.565
2026-09-22T23:14:49.272127,133,200,550.519
2026-09-22T23:14:49.359918,134,200,638.819
2026-09-22T23:14:49.412262,135,200,690.336
2026-09-22T23:14:49.547223,136,200,825.238
2026-09-22T23:14:49.547637,137,200,826.158
2026-09-22T23:14:49.563994,138,200,827.558
2026-09-22T23:14:49.564247,139,200,842.543
2026-09-22T23:14:49.588503,140,200,851.817
2026-09-22T23:14:50.038210,141,200,322.028
2026-09-22T23:14:50.155831,142,200,439.201
2026-09-22T23:14:50.161075,143,200,429.72
2026-09-22T23:14:50.195931,144,200,464.014
2026-09-22T23:14:50.269472,145,200,536.83
2026-09-22T23:14:50.389618,146,200,657.309
2026-09-22T23:14:50.460990,147,200,725.89
2026-09-22T23:14:50.524518,148,200,789.953
2026-09-22T23:14:50.567758,149,200,821.024
2026-09-22T23:14:50.570073,150,200,823.025
2026-09-22T23:14:51.011806,151,200,294.995
2026-09-22T23:14:51.041883,152,200,324.848
2026-09-22T23:14:51.232768,153,200,500.542
2026-09-22T23:14:51.289460,154,200,541.402
2026-09-22T23:14:51.402785,155,200,654.418
2026-09-22T23:14:51.434241,156,200,701.714
2026-09-22T23:14:51.449962,157,200,701.727
2026-09-22T23:14:51.533363,158,200,785.197
2026-09-22T23:14:51.533906,159,200,785.556
2026-09-22T23:14:51.562145,160,200,813.339
2026-09-22T23:14:52.202246,161,200,473.91
2026-09-22T23:14:52.229101,162,200,486.026
2026-09-22T23:14:52.383037,163,200,639.657
2026-09-22T23:14:52.413488,164,200,684.815
2026-09-22T23:14:52.427746,165,200,668.098
2026-09-22T23:14:52.502435,166,200,742.95
2026-09-22T23:14:52.522984,167,200,763.05
2026-09-22T23:14:52.602036,168,200,841.323
2026-09-22T23:14:52.611355,169,200,852.335
2026-09-22T23:14:52.611823,170,200,852.243
2026-09-22T23:14:53.235009,171,200,494.758
2026-09-22T23:14:53.255440,172,200,483.404
2026-09-22T23:14:53.312511,173,200,540.22
2026-09-22T23:14:53.320184,174,200,547.216
2026-09-22T23:14:53.379807,175,200,639.308
2026-09-22T23:14:53.452800,176,200,679.972
2026-09-22T23:14:53.538598,177,200,782.315
2026-09-22T23:14:53.548874,178,200,792.355
2026-09-22T23:14:53.559425,179,200,786.539
2026-09-22T23:14:53.582609,180,200,810.805
2026-09-22T23:14:54.098269,181,200,344.76
2026-09-22T23:14:54.135679,182,200,381.936
2026-09-22T23:14:54.200194,183,200,431.196
2026-09-22T23:14:54.454122,184,200,669.573
2026-09-22T23:14:54.490126,185,200,705.492
2026-09-22T23:14:54.506962,186,200,737.695
2026-09-22T23:14:54.507260,187,200,722.834
2026-09-22T23:14:54.528721,188,200,743.975
2026-09-22T23:14:54.538620,189,200,753.536
2026-09-22T23:14:54.595343,190,200,810.53
2026-09-22T23:14:55.124759,191,200,329.63
2026-09-22T23:14:55.267451,192,200,487.49
2026-09-22T23:14:55.305175,193,200,510.295
2026-09-22T23:14:55.323170,194,200,559.39
2026-09-22T23:14:55.373281,195,200,593.972
2026-09-22T23:14:55.399147,196,200,635.523
2026-09-22T23:14:55.598258,197,200,803.005
2026-09-22T23:14:55.632481,198,200,837.479
2026-09-22T23:14:55.645316,199,200,850.58
2026-09-22T23:14:55.657012,200,200,861.932
2026-09-22T23:14:56.101920,201,200,309.258
2026-09-22T23:14:56.146811,202,200,369.706
2026-09-22T23:14:56.229994,203,200,452.534
2026-09-22T23:14:56.351286,204,200,542.73
2026-09-22T23:14:56.460146,205,200,666.961
2026-09-22T23:14:56.534996,206,200,727.144
2026-09-22T23:14:56.540175,207,200,732.436
2026-09-22T23:14:56.604363,208,200,794.703
2026-09-22T23:14:56.604848,209,200,796.27
2026-09-22T23:14:56.632301,210,200,824.034
2026-09-22T23:14:57.218158,211,200,429.886
2026-09-22T23:14:57.249933,212,200,446.531
2026-09-22T23:14:57.280974,213,200,492.399
2026-09-22T23:14:57.360286,214,200,539.829
2026-09-22T23:14:57.431568,215,200,611.973
2026-09-22T23:14:57.494520,216,200,674.52
2026-09-22T23:14:57.494815,217,200,691.04
2026-09-22T23:14:57.610882,218,200,790.575
2026-09-22T23:14:57.639620,219,200,820.362
2026-09-22T23:14:57.639988,220,200,819.405
2026-09-22T23:14:58.253801,221,200,449.416
2026-09-22T23:14:58.438345,222,200,650.114
2026-09-22T23:14:58.482215,223,200,662.547
2026-09-22T23:14:58.539507,224,200,734.496
2026-09-22T23:14:58.546430,225,200,710.427
2026-09-22T23:14:58.598443,226,200,762.317
2026-09-22T23:14:58.600233,227,200,796.273
2026-09-22T23:14:58.606461,228,200,771.041
2026-09-22T23:14:58.606874,229,200,770.725
2026-09-22T23:14:58.606957,230,200,769.887
2026-09-22T23:14:59.100009,231,200,297.952
2026-09-22T23:14:59.105411,232,200,287.435
2026-09-22T23:14:59.156285,233,200,322.238
2026-09-22T23:14:59.370163,234,200,551.732
2026-09-22T23:14:59.455703,235,200,605.559
2026-09-22T23:14:59.567259,236,200,716.812
2026-09-22T23:14:59.588190,237,200,737.587
2026-09-22T23:14:59.612468,238,200,794.298
2026-09-22T23:14:59.637535,239,200,787.217
2026-09-22T23:14:59.638613,240,200,786.194
2026-09-22T23:15:00.118235,241,200,304.799
2026-09-22T23:15:00.197372,242,200,368.711
2026-09-22T23:15:00.494052,243,200,633.434
2026-09-22T23:15:00.494475,244,200,634.111
2026-09-22T23:15:00.540919,245,200,680.368
2026-09-22T23:15:00.596384,246,200,767.401
2026-09-22T23:15:00.598496,247,200,769.583
2026-09-22T23:15:00.628426,248,200,783.521
2026-09-22T23:15:00.646721,249,200,786.598
2026-09-22T23:15:00.647071,250,200,786.464
2026-09-22T23:15:01.125456,251,200,281.938
2026-09-22T23:15:01.194247,252,200,366.777
2026-09-22T23:15:01.357623,253,200,514.318
2026-09-22T23:15:01.377237,254,200,501.94
2026-09-22T23:15:01.569406,255,200,694.975
2026-09-22T23:15:01.571934,256,200,728.522
2026-09-22T23:15:01.572212,257,200,697.625
2026-09-22T23:15:01.636280,258,200,761.026
2026-09-22T23:15:01.636690,259,200,777.449
2026-09-22T23:15:01.636913,260,200,762.032
2026-09-22T23:15:02.250279,261,200,409.083
2026-09-22T23:15:02.362709,262,200,505.305
2026-09-22T23:15:02.400232,263,200,528.079
2026-09-22T23:15:02.410902,264,200,523.897
2026-09-22T23:15:02.504587,265,200,617.361
2026-09-22T23:15:02.507869,266,200,650.685
2026-09-22T23:15:02.561721,267,200,673.592
2026-09-22T23:15:02.677237,268,200,789.591
2026-09-22T23:15:02.678876,269,200,791.995
2026-09-22T23:15:02.679253,270,200,821.883
2026-09-22T23:15:03.195526,271,200,343.199
2026-09-22T23:15:03.377191,272,200,509.074
2026-09-22T23:15:03.411043,273,200,542.563
2026-09-22T23:15:03.450433,274,200,582.17
2026-09-22T23:15:03.551818,275,200,652.483
2026-09-22T23:15:03.574143,276,200,674.581
2026-09-22T23:15:03.600528,277,200,716.618
2026-09-22T23:15:03.641861,278,200,742.235
2026-09-22T23:15:03.670537,279,200,771.1
2026-09-22T23:15:03.670955,280,200,770.501
2026-09-22T23:15:04.315929,281,200,444.459
2026-09-22T23:15:04.502521,282,200,630.9
2026-09-22T23:15:04.513115,283,200,609.836
2026-09-22T23:15:04.551577,284,200,648.342
2026-09-22T23:15:04.577652,285,200,690.226
2026-09-22T23:15:04.593336,286,200,737.438
2026-09-22T23:15:04.598260,287,200,695.156
2026-09-22T23:15:04.665689,288,200,793.953
2026-09-22T23:15:04.666524,289,200,763.533
2026-09-22T23:15:04.666626,290,200,763.227
2026-09-22T23:15:05.287418,291,200,381.455
2026-09-22T23:15:05.385144,292,200,526.374
2026-09-22T23:15:05.463374,293,200,589.109
2026-09-22T23:15:05.519952,294,200,646.004
2026-09-22T23:15:05.562444,295,200,672.665
2026-09-22T23:15:05.578851,296,200,672.836
2026-09-22T23:15:05.595427,297,200,721.289
2026-09-22T23:15:05.651440,298,200,745.381
2026-09-22T23:15:05.689095,299,200,783.204
2026-09-22T23:15:05.689380,300,200,783.45
2026-09-22T23:15:06.218874,301,200,344.147
2026-09-22T23:15:06.255125,302,200,395.93
2026-09-22T23:15:06.477546,303,200,602.616
2026-09-22T23:15:06.608305,304,200,733.448
2026-09-22T23:15:06.629490,305,200,724.12
2026-09-22T23:15:06.660931,306,200,740.327
2026-09-22T23:15:06.666682,307,200,746.003
2026-09-22T23:15:06.689520,308,200,768.967
2026-09-22T23:15:06.716945,309,200,796.469
2026-09-22T23:15:06.717659,310,200,797.28
2026-09-22T23:15:07.165257,311,200,279.417
2026-09-22T23:15:07.284247,312,200,398.5
2026-09-22T23:15:07.310268,313,200,439.868
2026-09-22T23:15:07.520475,314,200,588.501
2026-09-22T23:15:07.520962,315,200,635.406
2026-09-22T23:15:07.571667,316,200,655.996
2026-09-22T23:15:07.620965,317,200,689.19
2026-09-22T23:15:07.647110,318,200,714.768
2026-09-22T23:15:07.697284,319,200,764.781
2026-09-22T23:15:07.704749,320,200,772.311
2026-09-22T23:15:08.272498,321,200,379.244
2026-09-22T23:15:08.301781,322,200,424.484
2026-09-22T23:15:08.308130,323,200,415.15
2026-09-22T23:15:08.425009,324,200,484.394
2026-09-22T23:15:08.594800,325,200,670.371
2026-09-22T23:15:08.595269,326,200,654.239
2026-09-22T23:15:08.615634,327,200,673.874
2026-09-22T23:15:08.645805,328,200,752.334
2026-09-22T23:15:08.683756,329,200,743.226
2026-09-22T23:15:08.711866,330,200,771.697
2026-09-22T23:15:09.098626,331,200,211.187
2026-09-22T23:15:09.144721,332,200,241.297
2026-09-22T23:15:09.392556,333,200,488.969
2026-09-22T23:15:09.552371,334,200,603.073
2026-09-22T23:15:09.557557,335,200,608.595
2026-09-22T23:15:09.629186,336,200,679.419
2026-09-22T23:15:09.676669,337,200,726.529
2026-09-22T23:15:09.693219,338,200,759.899
2026-09-22T23:15:09.693569,339,200,790.43
2026-09-22T23:15:09.732176,340,200,782.271
2026-09-22T23:15:10.163734,341,200,260.452
2026-09-22T23:15:10.389614,342,200,486.074
2026-09-22T23:15:10.483618,343,200,549.438
2026-09-22T23:15:10.490604,344,200,586.802
2026-09-22T23:15:10.547362,345,200,628.226
2026-09-22T23:15:10.664793,346,200,715.605
2026-09-22T23:15:10.694498,347,200,729.135
2026-09-22T23:15:10.718189,348,200,753.586
2026-09-22T23:15:10.722368,349,200,757.343
2026-09-22T23:15:10.738927,350,200,774.525
2026-09-22T23:15:11.233668,351,200,317.911
2026-09-22T23:15:11.403819,352,200,473.181
2026-09-22T23:15:11.408594,353,200,493.167
2026-09-22T23:15:11.531946,354,200,615.917
2026-09-22T23:15:11.653732,355,200,676.827
2026-09-22T23:15:11.710827,356,200,733.743
2026-09-22T23:15:11.716366,357,200,770.222
2026-09-22T23:15:11.724636,358,200,746.242
2026-09-22T23:15:11.735375,359,200,757.906
2026-09-22T23:15:11.740371,360,200,778.837
2026-09-22T23:15:12.277827,361,200,357.479
2026-09-22T23:15:12.318704,362,200,384.428
2026-09-22T23:15:12.341034,363,200,420.999
2026-09-22T23:15:12.468909,364,200,549.216
2026-09-22T23:15:12.573239,365,200,608.31
2026-09-22T23:15:12.668224,366,200,688.192
2026-09-22T23:15:12.684109,367,200,734.509
2026-09-22T23:15:12.721610,368,200,741.407
2026-09-22T23:15:12.737679,369,200,757.43
2026-09-22T23:15:12.744936,370,200,764.805
2026-09-22T23:15:13.337425,371,200,408.639
2026-09-22T23:15:13.507888,372,200,579.236
2026-09-22T23:15:13.567305,373,200,622.775
2026-09-22T23:15:13.570473,374,200,610.742
2026-09-22T23:15:13.570955,375,200,642.063
2026-09-22T23:15:13.670555,376,200,695.87
2026-09-22T23:15:13.670867,377,200,680.643
2026-09-22T23:15:13.678488,378,200,688.485
2026-09-22T23:15:13.729051,379,200,739.178
2026-09-22T23:15:13.756251,380,200,765.999
2026-09-22T23:15:14.449932,381,200,477.105
2026-09-22T23:15:14.577739,382,200,635.149
2026-09-22T23:15:14.644961,383,200,640.523
2026-09-22T23:15:14.656783,384,200,668.194
2026-09-22T23:15:14.694466,385,200,737.068
2026-09-22T23:15:14.694947,386,200,691.091
2026-09-22T23:15:14.742847,387,200,800.13
2026-09-22T23:15:14.762830,388,200,820.903
2026-09-22T23:15:14.768897,389,200,764.891
2026-09-22T23:15:14.777879,390,200,774.406
2026-09-22T23:15:15.323671,391,200,370.636
2026-09-22T23:15:15.385620,392,200,432.856
2026-09-22T23:15:15.482680,393,200,514.22
2026-09-22T23:15:15.483140,394,200,529.909
2026-09-22T23:15:15.693565,395,200,694.543
2026-09-22T23:15:15.697386,396,200,713.851
2026-09-22T23:15:15.697674,397,200,682.222
2026-09-22T23:15:15.730483,398,200,715.366
2026-09-22T23:15:15.790244,399,200,775.001
2026-09-22T23:15:15.790488,400,200,774.693
2026-09-22T23:15:16.242078,401,200,277.16
2026-09-22T23:15:16.448837,402,200,483.994
2026-09-22T23:15:16.559438,403,200,595.032
2026-09-22T23:15:16.601125,404,200,591.47
2026-09-22T23:15:16.709312,405,200,730.249
2026-09-22T23:15:16.719668,406,200,694.543
2026-09-22T23:15:16.792548,407,200,767.369
2026-09-22T23:15:16.810586,408,200,816.272
2026-09-22T23:15:16.837995,409,200,813.078
2026-09-22T23:15:16.839679,410,200,814.639
2026-09-22T23:15:17.547386,411,200,544.306
2026-09-22T23:15:17.552384,412,200,518.454
2026-09-22T23:15:17.569350,413,200,597.281
2026-09-22T23:15:17.614117,414,200,642.165
2026-09-22T23:15:17.712923,415,200,679.054
2026-09-22T23:15:17.734044,416,200,761.896
2026-09-22T23:15:17.781399,417,200,763.17
2026-09-22T23:15:17.791542,418,200,804.026
2026-09-22T23:15:17.813231,419,200,779.43
2026-09-22T23:15:17.814553,420,200,780.885
2026-09-22T23:15:18.512632,421,200,481.415
2026-09-22T23:15:18.579130,422,200,594.466
2026-09-22T23:15:18.616310,423,200,569.079
2026-09-22T23:15:18.712132,424,200,712.031
2026-09-22T23:15:18.748549,425,200,701.959
2026-09-22T23:15:18.754583,426,200,770.168
2026-09-22T23:15:18.755017,427,200,769.967
2026-09-22T23:15:18.783173,428,200,767.642
2026-09-22T23:15:18.789309,429,200,742.791
2026-09-22T23:15:18.799274,430,200,752.892
2026-09-22T23:15:19.359281,431,200,359.667
2026-09-22T23:15:19.378928,432,200,379.114
2026-09-22T23:15:19.392218,433,200,392.959
2026-09-22T23:15:19.392807,434,200,378.463
2026-09-22T23:15:19.596892,435,200,550.962
2026-09-22T23:15:19.705149,436,200,674.695
2026-09-22T23:15:19.768662,437,200,707.477
2026-09-22T23:15:19.804730,438,200,743.414
2026-09-22T23:15:19.821438,439,200,759.7
2026-09-22T23:15:19.824673,440,200,763.241
2026-09-22T23:15:20.541339,441,200,471.791
2026-09-22T23:15:20.541548,442,200,471.768
2026-09-22T23:15:20.727532,443,200,719.556
2026-09-22T23:15:20.728119,444,200,719.789
2026-09-22T23:15:20.791179,445,200,783.083
2026-09-22T23:15:20.791567,446,200,768.045
2026-09-22T23:15:20.816981,447,200,747.547
2026-09-22T23:15:20.827448,448,200,757.819
2026-09-22T23:15:20.827726,449,200,773.389
2026-09-22T23:15:20.828007,450,200,789.346
2026-09-22T23:15:21.272186,451,200,250.938
2026-09-22T23:15:21.380455,452,200,343.757
2026-09-22T23:15:21.558550,453,200,537.08
2026-09-22T23:15:21.670539,454,200,602.443
2026-09-22T23:15:21.758145,455,200,705.47
2026-09-22T23:15:21.792432,456,200,708.155
2026-09-22T23:15:21.793245,457,200,708.841
2026-09-22T23:15:21.802990,458,200,718.894
2026-09-22T23:15:21.828367,459,200,807.0
2026-09-22T23:15:21.843445,460,200,759.256
2026-09-22T23:15:22.540528,461,200,476.22
2026-09-22T23:15:22.676890,462,200,581.273
2026-09-22T23:15:22.686907,463,200,653.482
2026-09-22T23:15:22.728491,464,200,648.975
2026-09-22T23:15:22.757654,465,200,661.892
2026-09-22T23:15:22.798234,466,200,764.474
2026-09-22T23:15:22.803818,467,200,769.818
2026-09-22T23:15:22.827528,468,200,731.836
2026-09-22T23:15:22.838098,469,200,788.813
2026-09-22T23:15:22.838768,470,200,743.257
2026-09-22T23:15:23.315532,471,200,270.202
2026-09-22T23:15:23.343994,472,200,298.406
2026-09-22T23:15:23.354519,473,200,309.542
2026-09-22T23:15:23.500439,474,200,440.065
2026-09-22T23:15:23.671493,475,200,579.507
2026-09-22T23:15:23.695607,476,200,619.42
2026-09-22T23:15:23.799746,477,200,692.706
2026-09-22T23:15:23.826881,478,200,719.12
2026-09-22T23:15:23.839943,479,200,733.041
2026-09-22T23:15:23.858411,480,200,750.736
2026-09-22T23:15:24.394678,481,200,338.742
2026-09-22T23:15:24.395106,482,200,337.401
2026-09-22T23:15:24.533612,483,200,477.316
2026-09-22T23:15:24.571785,484,200,484.414
2026-09-22T23:15:24.816727,485,200,744.635
2026-09-22T23:15:24.830332,486,200,710.809
2026-09-22T23:15:24.850436,487,200,746.848
2026-09-22T23:15:24.876483,488,200,757.045
2026-09-22T23:15:24.877137,489,200,757.443
2026-09-22T23:15:24.878691,490,200,758.623
2026-09-22T23:15:25.371041,491,200,301.64
2026-09-22T23:15:25.382006,492,200,297.249
2026-09-22T23:15:25.433132,493,200,363.49
2026-09-22T23:15:25.658968,494,200,527.441
2026-09-22T23:15:25.704485,495,200,604.483
2026-09-22T23:15:25.750605,496,200,680.689
2026-09-22T23:15:25.828630,497,200,697.4
2026-09-22T23:15:25.857880,498,200,726.95
2026-09-22T23:15:25.883689,499,200,768.731
2026-09-22T23:15:25.923293,500,200,791.92
2026-09-22T23:15:26.487630,501,200,405.953
2026-09-22T23:15:26.675807,502,200,593.768
2026-09-22T23:15:26.717225,503,200,573.172
2026-09-22T23:15:26.786163,504,200,641.574
2026-09-22T23:15:26.794995,505,200,697.52
2026-09-22T23:15:26.859748,506,200,730.659
2026-09-22T23:15:26.906954,507,200,762.037
2026-09-22T23:15:26.911929,508,200,828.971
2026-09-22T23:15:26.917403,509,200,803.799
2026-09-22T23:15:26.922980,510,200,778.242
2026-09-22T23:15:27.440020,511,200,357.258
2026-09-22T23:15:27.449807,512,200,351.434
2026-09-22T23:15:27.463041,513,200,333.754
2026-09-22T23:15:27.473810,514,200,390.373
2026-09-22T23:15:27.748817,515,200,604.389
2026-09-22T23:15:27.754247,516,200,671.181
2026-09-22T23:15:27.767745,517,200,623.494
2026-09-22T23:15:27.913616,518,200,754.0
2026-09-22T23:15:27.914119,519,200,754.307
2026-09-22T23:15:27.914287,520,200,753.785
2026-09-22T23:15:28.510212,521,200,399.952
2026-09-22T23:15:28.538725,522,200,443.495
2026-09-22T23:15:28.656586,523,200,515.057
2026-09-22T23:15:28.740150,524,200,645.235
2026-09-22T23:15:28.756473,525,200,661.859
2026-09-22T23:15:28.772608,526,200,615.546
2026-09-22T23:15:28.878311,527,200,706.211
2026-09-22T23:15:28.883492,528,200,711.509
2026-09-22T23:15:28.895024,529,200,737.205
2026-09-22T23:15:28.952725,530,200,779.801
2026-09-22T23:15:29.512486,531,200,392.311
2026-09-22T23:15:29.512819,532,200,361.653
2026-09-22T23:15:29.607579,533,200,502.905
2026-09-22T23:15:29.667897,534,200,563.646
2026-09-22T23:15:29.749620,535,200,582.606
2026-09-22T23:15:29.785015,536,200,679.944
2026-09-22T23:15:29.928689,537,200,745.915
2026-09-22T23:15:29.936548,538,200,769.937
2026-09-22T23:15:29.936904,539,200,755.242
2026-09-22T23:15:29.936982,540,200,755.097
2026-09-22T23:15:30.411614,541,200,294.078
2026-09-22T23:15:30.456912,542,200,324.283
2026-09-22T23:15:30.532434,543,200,415.146
2026-09-22T23:15:30.585580,544,200,468.551
2026-09-22T23:15:30.711895,545,200,532.385
2026-09-22T23:15:30.862464,546,200,667.149
2026-09-22T23:15:30.883605,547,200,719.46
2026-09-22T23:15:30.908684,548,200,729.081
2026-09-22T23:15:30.940080,549,200,744.703
2026-09-22T23:15:30.940325,550,200,744.747
2026-09-22T23:15:31.713060,551,200,565.46
2026-09-22T23:15:31.723378,552,200,591.364
2026-09-22T23:15:31.824744,553,200,615.034
2026-09-22T23:15:31.835459,554,200,703.734
2026-09-22T23:15:31.851328,555,200,719.057
2026-09-22T23:15:31.872135,556,200,693.634
2026-09-22T23:15:31.884060,557,200,674.482
2026-09-22T23:15:31.884537,558,200,690.75
2026-09-22T23:15:31.950898,559,200,741.505
2026-09-22T23:15:31.959547,560,200,765.84
2026-09-22T23:15:32.332741,561,200,188.661
2026-09-22T23:15:32.518179,562,200,374.26
2026-09-22T23:15:32.661882,563,200,501.902
2026-09-22T23:15:32.709406,564,200,565.215
2026-09-22T23:15:32.892110,565,200,701.263
2026-09-22T23:15:32.942991,566,200,721.691
2026-09-22T23:15:32.943745,567,200,737.474
2026-09-22T23:15:32.943832,568,200,737.828
2026-09-22T23:15:32.953721,569,200,732.561
2026-09-22T23:15:32.966752,570,200,745.35
2026-09-22T23:15:33.561442,571,200,402.529
2026-09-22T23:15:33.766323,572,200,529.012
2026-09-22T23:15:33.771549,573,200,612.753
2026-09-22T23:15:33.906166,574,200,731.751
2026-09-22T23:15:33.961468,575,200,740.754
2026-09-22T23:15:33.967943,576,200,808.94
2026-09-22T23:15:33.972603,577,200,751.242
2026-09-22T23:15:33.977795,578,200,771.784
2026-09-22T23:15:33.998736,579,200,762.452
2026-09-22T23:15:34.003459,580,200,766.284
2026-09-22T23:15:34.487443,581,200,315.262
2026-09-22T23:15:34.723293,582,200,535.477
2026-09-22T23:15:34.824364,583,200,652.393
2026-09-22T23:15:34.829582,584,200,579.45
2026-09-22T23:15:34.923926,585,200,704.612
2026-09-22T23:15:34.930611,586,200,680.586
2026-09-22T23:15:34.968140,587,200,796.43
2026-09-22T23:15:34.974127,588,200,739.231
2026-09-22T23:15:34.984149,589,200,749.117
2026-09-22T23:15:35.006847,590,200,756.357
2026-09-22T23:15:35.714704,591,200,469.984
2026-09-22T23:15:35.719933,592,200,521.043
2026-09-22T23:15:35.822766,593,200,593.155
2026-09-22T23:15:35.823108,594,200,639.26
2026-09-22T23:15:35.837997,595,200,654.547
2026-09-22T23:15:35.867788,596,200,684.114
2026-09-22T23:15:35.954417,597,200,694.22
2026-09-22T23:15:35.961217,598,200,700.84
2026-09-22T23:15:35.994955,599,200,750.049
2026-09-22T23:15:36.021489,600,200,761.182
